ID;Verein;Position;Elo;Elo-Stärke;exp_games;Erwartete Spiele (Elo);exp_gd;Erwartete Tordifferenz (Elo)
pl-k00030256;Portugal;FORWARD;1700.2;0.7251;5.302;3.8443;3.99;2.893
pl-k00030669;Deutschland;GOALKEEPER;2032.5;0.927;5.097;4.7248;3.97;3.6801
pl-k00033709;Argentinien;FORWARD;1741.3;0.8511;5.991;5.0988;8.658;7.3686
pl-k00033742;Schottland;GOALKEEPER;1412.1;0.6509;4.12;2.6815;-0.984;-0.6404
pl-k00039245;Deutschland;GOALKEEPER;1832.1;0.8356;5.097;4.259;3.97;3.3173
pl-k00039689;Kroatien;MIDFIELDER;1695.7;0.762;4.93;3.7565;2.779;2.1175
pl-k00039824;Mexiko;GOALKEEPER;;0.0;4.905;0.0;2.864;0.0
pl-k00044089;Belgien;MIDFIELDER;1621.7;0.7359;4.876;3.5881;2.814;2.0707
pl-k00044560;Bosnien-Herzegowina;FORWARD;1472.4;0.7997;3.738;2.9893;-2.61;-2.0872
pl-k00045914;Kolumbien;MIDFIELDER;;0.0;5.21;0.0;3.512;0.0
pl-k00046237;Türkei;GOALKEEPER;1686.0;0.813;4.976;4.0453;2.252;1.8308
pl-k00046495;Uruguay;GOALKEEPER;1727.7;0.8344;4.672;3.8981;1.55;1.2933
pl-k00046508;Neuseeland;DEFENDER;;0.0;3.48;0.0;-3.434;-0.0
pl-k00047058;Österreich;FORWARD;1520.6;0.6968;4.129;2.877;-1.1;-0.7665
pl-k00050622;England;MIDFIELDER;1687.3;0.759;5.687;4.3162;6.383;4.8444
pl-k00054652;Deutschland;MIDFIELDER;1941.4;0.8854;5.097;4.5131;3.97;3.5152
pl-k00055188;DR Kongo;MIDFIELDER;1234.5;0.5955;3.371;2.0076;-4.126;-2.4572
pl-k00056751;Neuseeland;FORWARD;1848.0;1.0;3.48;3.48;-3.434;-3.434
pl-k00056979;Argentinien;DEFENDER;1800.3;0.8799;5.991;5.2716;8.658;7.6183
pl-k00057241;Tunesien;MIDFIELDER;1648.7;0.9288;3.434;3.1897;-3.766;-3.498
pl-k00057343;Schweiz;MIDFIELDER;2012.4;0.9706;5.181;5.0286;4.737;4.5976
pl-k00057598;Österreich;DEFENDER;1859.8;0.8522;4.129;3.5188;-1.1;-0.9374
pl-k00057919;Schweden;GOALKEEPER;1527.6;0.7169;3.796;2.7213;-2.337;-1.6753
pl-k00059041;Kroatien;FORWARD;1794.7;0.8065;4.93;3.9759;2.779;2.2412
pl-k00059307;Kroatien;FORWARD;1880.9;0.8452;4.93;4.1668;2.779;2.3488
pl-k00059384;Belgien;FORWARD;1925.2;0.8736;4.876;4.2596;2.814;2.4583
pl-k00059448;Südkorea;GOALKEEPER;1661.6;0.8651;4.339;3.7537;0.171;0.1479
pl-k00059508;Belgien;GOALKEEPER;2111.7;0.9582;4.876;4.6722;2.814;2.6964
pl-k00059516;Belgien;MIDFIELDER;1943.4;0.8818;4.876;4.2999;2.814;2.4815
pl-k00059524;Türkei;MIDFIELDER;1782.6;0.8595;4.976;4.2771;2.252;1.9357
pl-k00060044;Schweiz;DEFENDER;1854.6;0.8945;5.181;4.6343;4.737;4.2371
pl-k00062748;Senegal;MIDFIELDER;;0.0;4.598;0.0;0.171;0.0
pl-k00063656;Südkorea;FORWARD;1695.4;0.8827;4.339;3.83;0.171;0.1509
pl-k00063799;Österreich;FORWARD;1636.9;0.7501;4.129;3.0971;-1.1;-0.8251
pl-k00063855;Neuseeland;FORWARD;1207.3;0.6533;3.48;2.2735;-3.434;-2.2434
pl-k00063869;Japan;DEFENDER;1409.2;0.7429;4.848;3.6014;1.906;1.4159
pl-k00063918;Brasilien;FORWARD;1643.2;0.7231;5.351;3.8692;5.126;3.7065
pl-k00064027;Schottland;DEFENDER;1704.1;0.7854;4.12;3.236;-0.984;-0.7729
pl-k00064038;Türkei;MIDFIELDER;2073.9;1.0;4.976;4.976;2.252;2.252
pl-k00065748;Kap Verde;DEFENDER;1294.7;0.6592;3.272;2.1571;-5.876;-3.8737
pl-k00065996;Ghana;FORWARD;;0.0;3.144;0.0;-6.374;-0.0
pl-k00066526;Deutschland;DEFENDER;2020.5;0.9215;5.097;4.6969;3.97;3.6584
pl-k00066754;Deutschland;MIDFIELDER;2027.0;0.9245;5.097;4.712;3.97;3.6702
pl-k00067156;USA;DEFENDER;1611.8;0.7672;3.74;2.8694;-2.316;-1.7769
pl-k00067266;Kroatien;MIDFIELDER;1960.7;0.8811;4.93;4.3436;2.779;2.4485
pl-k00067749;Frankreich;DEFENDER;2112.4;0.9371;6.141;5.755;7.58;7.1035
pl-k00068111;Australien;MIDFIELDER;1380.1;0.724;4.066;2.9437;-0.993;-0.7189
pl-k00068757;Kolumbien;GOALKEEPER;1687.6;0.882;5.21;4.5954;3.512;3.0977
pl-k00069274;Paraguay;GOALKEEPER;1642.0;0.8622;4.452;3.8384;0.178;0.1535
pl-k00069568;DR Kongo;FORWARD;1691.1;0.8158;3.371;2.7501;-4.126;-3.366
pl-k00069797;England;DEFENDER;1977.7;0.8896;5.687;5.059;6.383;5.6781
pl-k00070267;Brasilien;DEFENDER;1797.1;0.7908;5.351;4.2316;5.126;4.0537
pl-k00070270;Brasilien;DEFENDER;1869.8;0.8228;5.351;4.4028;5.126;4.2176
pl-k00070281;Tschechien;MIDFIELDER;1416.5;0.7531;4.198;3.1613;-0.433;-0.3261
pl-k00070495;Belgien;DEFENDER;1884.0;0.8549;4.876;4.1684;2.814;2.4057
pl-k00070592;Deutschland;DEFENDER;2110.8;0.9627;5.097;4.9068;3.97;3.8219
pl-k00070605;England;FORWARD;2194.3;0.987;5.687;5.6131;6.383;6.3
pl-k00070654;Brasilien;MIDFIELDER;2036.1;0.896;5.351;4.7944;5.126;4.5928
pl-k00070756;Bosnien-Herzegowina;DEFENDER;1841.2;1.0;3.738;3.738;-2.61;-2.61
pl-k00070960;Curacao;FORWARD;1468.7;0.843;3.121;2.631;-6.73;-5.6735
pl-k00071150;Deutschland;DEFENDER;2192.6;1.0;5.097;5.097;3.97;3.97
pl-k00071862;Kolumbien;DEFENDER;;0.0;5.21;0.0;3.512;0.0
pl-k00071888;Niederlande;FORWARD;1677.5;0.7413;5.268;3.9054;3.773;2.7971
pl-k00072478;Niederlande;GOALKEEPER;1920.7;0.8488;5.268;4.4716;3.773;3.2026
pl-k00072654;Frankreich;GOALKEEPER;1969.9;0.8739;6.141;5.3667;7.58;6.6243
pl-k00072663;Elfenbeinküste;MIDFIELDER;;0.0;3.89;0.0;-2.143;-0.0
pl-k00072712;Curacao;DEFENDER;1640.4;0.9416;3.121;2.9386;-6.73;-6.3368
pl-k00072716;Niederlande;DEFENDER;1996.3;0.8822;5.268;4.6476;3.773;3.3286
pl-k00072755;Deutschland;GOALKEEPER;1915.0;0.8734;5.097;4.4517;3.97;3.4674
pl-k00073097;Australien;DEFENDER;1518.4;0.7965;4.066;3.2386;-0.993;-0.7909
pl-k00073206;Österreich;MIDFIELDER;1937.4;0.8878;4.129;3.6656;-1.1;-0.9766
pl-k00073311;Österreich;MIDFIELDER;1395.3;0.6394;4.129;2.64;-1.1;-0.7033
pl-k00073393;Ghana;DEFENDER;1699.1;0.8026;3.144;2.5235;-6.374;-5.116
pl-k00073842;Kap Verde;DEFENDER;1462.8;0.7448;3.272;2.4371;-5.876;-4.3767
pl-k00073943;Mexiko;FORWARD;;0.0;4.905;0.0;2.864;0.0
pl-k00074093;Ägypten;MIDFIELDER;1967.7;0.942;3.951;3.7219;-1.446;-1.3622
pl-k00074274;Senegal;FORWARD;1236.1;0.5917;4.598;2.7209;0.171;0.1012
pl-k00074305;Neuseeland;DEFENDER;1280.0;0.6926;3.48;2.4104;-3.434;-2.3785
pl-k00074369;Marokko;GOALKEEPER;;0.0;4.418;0.0;0.331;0.0
pl-k00074841;Kolumbien;MIDFIELDER;1088.5;0.5689;5.21;2.964;3.512;1.998
pl-k00074928;England;GOALKEEPER;571.1;0.2569;5.687;1.4609;6.383;1.6397
pl-k00074936;Brasilien;DEFENDER;2062.3;0.9075;5.351;4.856;5.126;4.6519
pl-k00074991;Argentinien;GOALKEEPER;;0.0;5.991;0.0;8.658;0.0
pl-k00075008;Niederlande;MIDFIELDER;1855.9;0.8202;5.268;4.3207;3.773;3.0945
pl-k00075023;Portugal;DEFENDER;2049.4;0.874;5.302;4.6339;3.99;3.4872
pl-k00075027;Schweiz;GOALKEEPER;1737.1;0.8378;5.181;4.3407;4.737;3.9687
pl-k00075068;Katar;DEFENDER;1408.8;0.8185;3.194;2.6141;-5.532;-4.5277
pl-k00075076;Senegal;DEFENDER;2034.9;0.9741;4.598;4.4791;0.171;0.1666
pl-k00075102;Kap Verde;FORWARD;1288.1;0.6559;3.272;2.1461;-5.876;-3.854
pl-k00075261;Bosnien-Herzegowina;FORWARD;;0.0;3.738;0.0;-2.61;-0.0
pl-k00075379;Schweiz;DEFENDER;1764.2;0.8509;5.181;4.4084;4.737;4.0306
pl-k00075584;Frankreich;MIDFIELDER;1836.1;0.8146;6.141;5.0022;7.58;6.1744
pl-k00075612;Bosnien-Herzegowina;MIDFIELDER;1536.2;0.8343;3.738;3.1188;-2.61;-2.1776
pl-k00075628;Türkei;MIDFIELDER;792.0;0.3819;4.976;1.9003;2.252;0.86
pl-k00075738;Australien;DEFENDER;1458.1;0.7649;4.066;3.11;-0.993;-0.7595
pl-k00075849;Spanien;DEFENDER;1890.0;0.7991;6.547;5.2316;13.21;10.5559
pl-k00075878;Australien;GOALKEEPER;1906.3;1.0;4.066;4.066;-0.993;-0.993
pl-k00075957;Ägypten;DEFENDER;;0.0;3.951;0.0;-1.446;-0.0
pl-k00075963;Ägypten;MIDFIELDER;1519.5;0.7275;3.951;2.8742;-1.446;-1.0519
pl-k00075982;Curacao;DEFENDER;1642.0;0.9425;3.121;2.9415;-6.73;-6.3429
pl-k00076167;DR Kongo;DEFENDER;1802.2;0.8694;3.371;2.9308;-4.126;-3.5872
pl-k00076249;Kap Verde;GOALKEEPER;1308.2;0.6661;3.272;2.1796;-5.876;-3.9141
pl-k00076421;Österreich;DEFENDER;1760.8;0.8069;4.129;3.3315;-1.1;-0.8875
pl-k00076459;England;DEFENDER;1995.4;0.8975;5.687;5.1043;6.383;5.729
pl-k00076681;Ghana;MIDFIELDER;1712.0;0.8087;3.144;2.5426;-6.374;-5.1548
pl-k00077108;Brasilien;MIDFIELDER;1963.0;0.8638;5.351;4.6222;5.126;4.4279
pl-k00077358;Norwegen;GOALKEEPER;1860.8;0.8131;4.789;3.8938;0.91;0.7399
pl-k00077564;Uruguay;DEFENDER;;0.0;4.672;0.0;1.55;0.0
pl-k00077709;Norwegen;MIDFIELDER;1272.3;0.5559;4.789;2.6623;0.91;0.5059
pl-k00078155;Curacao;MIDFIELDER;;0.0;3.121;0.0;-6.73;-0.0
pl-k00078170;Curacao;GOALKEEPER;1505.0;0.8639;3.121;2.6961;-6.73;-5.8137
pl-k00078181;Frankreich;GOALKEEPER;1919.5;0.8516;6.141;5.2294;7.58;6.4548
pl-k00078230;Niederlande;DEFENDER;;0.0;5.268;0.0;3.773;0.0
pl-k00078543;Kanada;MIDFIELDER;1441.2;0.7095;4.653;3.3011;1.822;1.2926
pl-k00078573;Kolumbien;DEFENDER;1719.0;0.8984;5.21;4.6809;3.512;3.1553
pl-k00078750;Portugal;MIDFIELDER;2097.9;0.8947;5.302;4.7435;3.99;3.5697
pl-k00079032;Australien;FORWARD;1420.9;0.7454;4.066;3.0307;-0.993;-0.7402
pl-k00079078;Bosnien-Herzegowina;GOALKEEPER;1617.2;0.8783;3.738;3.2832;-2.61;-2.2925
pl-k00079176;Türkei;MIDFIELDER;658.8;0.3177;4.976;1.5807;2.252;0.7154
pl-k00079478;Uruguay;DEFENDER;1867.5;0.9019;4.672;4.2135;1.55;1.3979
pl-k00079504;Österreich;MIDFIELDER;1664.3;0.7626;4.129;3.1489;-1.1;-0.8389
pl-k00079536;Australien;MIDFIELDER;1367.0;0.7171;4.066;2.9157;-0.993;-0.7121
pl-k00079543;Deutschland;MIDFIELDER;1795.5;0.8189;5.097;4.1739;3.97;3.251
pl-k00080083;Deutschland;MIDFIELDER;1693.2;0.7722;5.097;3.9361;3.97;3.0658
pl-k00080174;Deutschland;DEFENDER;2032.2;0.9268;5.097;4.7241;3.97;3.6796
pl-k00080229;Paraguay;FORWARD;1692.3;0.8886;4.452;3.956;0.178;0.1582
pl-k00080522;Paraguay;DEFENDER;;0.0;4.452;0.0;0.178;0.0
pl-k00080587;Iran;FORWARD;1537.1;0.8311;4.3;3.5739;-0.05;-0.0416
pl-k00080630;Brasilien;DEFENDER;1773.5;0.7804;5.351;4.176;5.126;4.0004
pl-k00080786;Belgien;MIDFIELDER;2203.8;1.0;4.876;4.876;2.814;2.814
pl-k00081053;Tschechien;DEFENDER;1798.6;0.9562;4.198;4.0141;-0.433;-0.414
pl-k00081250;Belgien;DEFENDER;1916.9;0.8698;4.876;4.2412;2.814;2.4477
pl-k00081292;Kolumbien;FORWARD;;0.0;5.21;0.0;3.512;0.0
pl-k00081362;Kroatien;MIDFIELDER;1800.4;0.809;4.93;3.9885;2.779;2.2483
pl-k00081442;Senegal;GOALKEEPER;1530.3;0.7326;4.598;3.3684;0.171;0.1253
pl-k00081465;Spanien;DEFENDER;1910.3;0.8077;6.547;5.2878;13.21;10.6693
pl-k00081503;DR Kongo;MIDFIELDER;1573.1;0.7589;3.371;2.5582;-4.126;-3.1312
pl-k00081538;Elfenbeinküste;MIDFIELDER;1563.4;0.7522;3.89;2.9263;-2.143;-1.6121
pl-k00081694;Kroatien;DEFENDER;1782.8;0.8011;4.93;3.9495;2.779;2.2263
pl-k00081971;Australien;MIDFIELDER;1643.5;0.8621;4.066;3.5055;-0.993;-0.8561
pl-k00082152;Frankreich;DEFENDER;351.2;0.1558;6.141;0.9568;7.58;1.181
pl-k00082469;Belgien;DEFENDER;1886.6;0.8561;4.876;4.1742;2.814;2.409
pl-k00082709;Kap Verde;FORWARD;1459.6;0.7432;3.272;2.4318;-5.876;-4.3671
pl-k00082878;Schottland;DEFENDER;;0.0;4.12;0.0;-0.984;-0.0
pl-k00082905;Ecuador;FORWARD;;0.0;5.04;0.0;4.088;0.0
pl-k00082915;Schweiz;FORWARD;1826.7;0.881;5.181;4.5645;4.737;4.1734
pl-k00082944;Kolumbien;GOALKEEPER;1569.8;0.8205;5.21;4.2746;3.512;2.8815
pl-k00083013;Argentinien;MIDFIELDER;;0.0;5.991;0.0;8.658;0.0
pl-k00083165;Norwegen;FORWARD;;0.0;4.789;0.0;0.91;0.0
pl-k00083239;Iran;DEFENDER;;0.0;4.3;0.0;-0.05;-0.0
pl-k00083248;Iran;MIDFIELDER;1604.6;0.8676;4.3;3.7308;-0.05;-0.0434
pl-k00083526;Algerien;DEFENDER;1866.2;0.9224;3.705;3.4175;-2.846;-2.6252
pl-k00083529;Algerien;FORWARD;1983.3;0.9803;3.705;3.6319;-2.846;-2.7899
pl-k00083544;Iran;GOALKEEPER;1665.6;0.9006;4.3;3.8727;-0.05;-0.045
pl-k00083613;Norwegen;MIDFIELDER;;0.0;4.789;0.0;0.91;0.0
pl-k00083712;Kanada;FORWARD;1694.9;0.8344;4.653;3.8822;1.822;1.5202
pl-k00083739;Südafrika;FORWARD;;0.0;3.314;0.0;-4.325;-0.0
pl-k00083783;Paraguay;DEFENDER;;0.0;4.452;0.0;0.178;0.0
pl-k00083984;Schweden;DEFENDER;1985.0;0.9315;3.796;3.5361;-2.337;-2.177
pl-k00083987;Schweden;MIDFIELDER;1773.8;0.8324;3.796;3.1599;-2.337;-1.9454
pl-k00084324;Schweiz;MIDFIELDER;1820.7;0.8781;5.181;4.5496;4.737;4.1597
pl-k00084365;Schweiz;DEFENDER;;0.0;5.181;0.0;4.737;0.0
pl-k00084527;Uruguay;FORWARD;1686.6;0.8145;4.672;3.8054;1.55;1.2625
pl-k00084530;Kanada;DEFENDER;1698.1;0.8359;4.653;3.8896;1.822;1.5231
pl-k00084740;Neuseeland;MIDFIELDER;1425.5;0.7714;3.48;2.6844;-3.434;-2.6489
pl-k00084940;Österreich;DEFENDER;1976.1;0.9055;4.129;3.7389;-1.1;-0.9961
pl-k00084943;Österreich;MIDFIELDER;2182.3;1.0;4.129;4.129;-1.1;-1.1
pl-k00085071;Österreich;GOALKEEPER;1571.3;0.72;4.129;2.973;-1.1;-0.792
pl-k00085122;Kroatien;FORWARD;1761.4;0.7915;4.93;3.9021;2.779;2.1996
pl-k00085245;Portugal;MIDFIELDER;1609.9;0.6866;5.302;3.6401;3.99;2.7393
pl-k00085275;Argentinien;GOALKEEPER;1788.4;0.8741;5.991;5.2367;8.658;7.5679
pl-k00085276;Argentinien;MIDFIELDER;1847.2;0.9028;5.991;5.4089;8.658;7.8167
pl-k00085349;Portugal;MIDFIELDER;2114.4;0.9017;5.302;4.7808;3.99;3.5978
pl-k00085376;DR Kongo;DEFENDER;1731.0;0.8351;3.371;2.815;-4.126;-3.4455
pl-k00085378;Tschechien;GOALKEEPER;1639.7;0.8717;4.198;3.6595;-0.433;-0.3775
pl-k00085465;Kroatien;MIDFIELDER;1742.1;0.7828;4.93;3.8593;2.779;2.1755
pl-k00085665;Brasilien;GOALKEEPER;2047.8;0.9011;5.351;4.8219;5.126;4.6192
pl-k00085696;Belgien;MIDFIELDER;1903.8;0.8639;4.876;4.2122;2.814;2.4309
pl-k00085778;Tschechien;FORWARD;1881.0;1.0;4.198;4.198;-0.433;-0.433
pl-k00085906;Schottland;DEFENDER;1912.1;0.8813;4.12;3.631;-0.984;-0.8672
pl-k00085917;Schottland;FORWARD;1686.0;0.7771;4.12;3.2017;-0.984;-0.7647
pl-k00086035;Portugal;FORWARD;1940.3;0.8275;5.302;4.3872;3.99;3.3015
pl-k00086109;Kroatien;DEFENDER;1862.9;0.8371;4.93;4.1269;2.779;2.3263
pl-k00086141;Deutschland;FORWARD;2046.5;0.9334;5.097;4.7574;3.97;3.7055
pl-k00086183;Tschechien;DEFENDER;1811.9;0.9633;4.198;4.0438;-0.433;-0.4171
pl-k00086391;Spanien;DEFENDER;1907.2;0.8064;6.547;5.2792;13.21;10.652
pl-k00086584;Ghana;FORWARD;1860.4;0.8788;3.144;2.763;-6.374;-5.6017
pl-k00086910;Spanien;FORWARD;1711.8;0.7237;6.547;4.7384;13.21;9.5607
pl-k00087248;Uruguay;GOALKEEPER;1823.8;0.8808;4.672;4.1149;1.55;1.3652
pl-k00087254;Kroatien;DEFENDER;1673.3;0.7519;4.93;3.7069;2.779;2.0896
pl-k00087278;Norwegen;MIDFIELDER;1677.9;0.7332;4.789;3.5111;0.91;0.6672
pl-k00087371;Bosnien-Herzegowina;GOALKEEPER;1295.1;0.7034;3.738;2.6293;-2.61;-1.8359
pl-k00087507;Kap Verde;DEFENDER;1572.8;0.8009;3.272;2.6204;-5.876;-4.7058
pl-k00087512;Haiti;GOALKEEPER;1217.1;0.7273;3.218;2.3404;-5.302;-3.856
pl-k00087534;Frankreich;MIDFIELDER;1840.3;0.8164;6.141;5.0137;7.58;6.1885
pl-k00087576;Ghana;DEFENDER;1791.3;0.8462;3.144;2.6604;-6.374;-5.3936
pl-k00087622;Türkei;GOALKEEPER;;0.0;4.976;0.0;2.252;0.0
pl-k00087673;Schweiz;GOALKEEPER;2011.4;0.9701;5.181;5.0261;4.737;4.5954
pl-k00087704;Österreich;DEFENDER;1938.1;0.8881;4.129;3.667;-1.1;-0.9769
pl-k00087705;Bosnien-Herzegowina;FORWARD;1803.6;0.9796;3.738;3.6617;-2.61;-2.5567
pl-k00087735;Türkei;FORWARD;1762.5;0.8498;4.976;4.2288;2.252;1.9139
pl-k00087750;Deutschland;DEFENDER;1971.0;0.8989;5.097;4.5819;3.97;3.5688
pl-k00087823;Südkorea;MIDFIELDER;1108.1;0.5769;4.339;2.5033;0.171;0.0987
pl-k00087867;Elfenbeinküste;MIDFIELDER;2078.3;1.0;3.89;3.89;-2.143;-2.143
pl-k00087885;Deutschland;FORWARD;1909.0;0.8707;5.097;4.4377;3.97;3.4565
pl-k00087974;Tschechien;MIDFIELDER;;0.0;4.198;0.0;-0.433;-0.0
pl-k00088045;Spanien;DEFENDER;2124.2;0.8981;6.547;5.8799;13.21;11.864
pl-k00088049;Spanien;FORWARD;2058.3;0.8702;6.547;5.6975;13.21;11.4959
pl-k00088147;Algerien;GOALKEEPER;1632.4;0.8068;3.705;2.9893;-2.846;-2.2963
pl-k00088151;Frankreich;DEFENDER;2243.4;0.9953;6.141;6.1118;7.58;7.544
pl-k00088249;Curacao;FORWARD;1503.4;0.8629;3.121;2.6932;-6.73;-5.8075
pl-k00088739;Uruguay;MIDFIELDER;1919.7;0.9271;4.672;4.3313;1.55;1.437
pl-k00088771;USA;MIDFIELDER;1883.5;0.8966;3.74;3.3531;-2.316;-2.0764
pl-k00088866;Paraguay;DEFENDER;;0.0;4.452;0.0;0.178;0.0
pl-k00088946;Curacao;FORWARD;;0.0;3.121;0.0;-6.73;-0.0
pl-k00088970;Ghana;GOALKEEPER;1663.6;0.7859;3.144;2.4708;-6.374;-5.0091
pl-k00089012;Niederlande;FORWARD;1561.9;0.6903;5.268;3.6362;3.773;2.6043
pl-k00089060;Japan;DEFENDER;;0.0;4.848;0.0;1.906;0.0
pl-k00089096;Portugal;GOALKEEPER;1803.6;0.7692;5.302;4.0781;3.99;3.0689
pl-k00089148;Schweden;DEFENDER;2023.9;0.9498;3.796;3.6054;-2.337;-2.2197
pl-k00089308;Schweiz;MIDFIELDER;1668.4;0.8047;5.181;4.169;4.737;3.8117
pl-k00089313;Spanien;GOALKEEPER;1902.6;0.8044;6.547;5.2665;13.21;10.6263
pl-k00089321;Spanien;MIDFIELDER;2165.5;0.9156;6.547;5.9942;13.21;12.0946
pl-k00089322;Spanien;MIDFIELDER;2206.3;0.9328;6.547;6.1072;13.21;12.3225
pl-k00089356;Schweiz;DEFENDER;2073.4;1.0;5.181;5.181;4.737;4.737
pl-k00089361;Schweiz;MIDFIELDER;1882.8;0.9081;5.181;4.7047;4.737;4.3015
pl-k00089434;Österreich;MIDFIELDER;1870.3;0.857;4.129;3.5387;-1.1;-0.9427
pl-k00089444;Frankreich;FORWARD;;0.0;6.141;0.0;7.58;0.0
pl-k00089452;Kap Verde;MIDFIELDER;;0.0;3.272;0.0;-5.876;-0.0
pl-k00089457;Niederlande;MIDFIELDER;;0.0;5.268;0.0;3.773;0.0
pl-k00089649;Algerien;DEFENDER;2023.2;1.0;3.705;3.705;-2.846;-2.846
pl-k00089655;Tunesien;MIDFIELDER;1708.2;0.9624;3.434;3.3048;-3.766;-3.6243
pl-k00089781;Haiti;DEFENDER;1629.0;0.9734;3.218;3.1324;-5.302;-5.161
pl-k00090003;Curacao;MIDFIELDER;;0.0;3.121;0.0;-6.73;-0.0
pl-k00090018;Marokko;MIDFIELDER;;0.0;4.418;0.0;0.331;0.0
pl-k00090022;Curacao;FORWARD;1431.0;0.8214;3.121;2.5635;-6.73;-5.5279
pl-k00090036;England;FORWARD;2025.5;0.9111;5.687;5.1813;6.383;5.8154
pl-k00090042;Österreich;DEFENDER;1747.3;0.8007;4.129;3.306;-1.1;-0.8807
pl-k00090213;Österreich;DEFENDER;1904.2;0.8726;4.129;3.6028;-1.1;-0.9598
pl-k00090353;Türkei;DEFENDER;;0.0;4.976;0.0;2.252;0.0
pl-k00090404;Portugal;DEFENDER;1855.6;0.7913;5.302;4.1957;3.99;3.1574
pl-k00090515;Spanien;MIDFIELDER;1993.3;0.8428;6.547;5.5176;13.21;11.1329
pl-k00090525;Kolumbien;MIDFIELDER;;0.0;5.21;0.0;3.512;0.0
pl-k00090574;Kroatien;GOALKEEPER;2081.4;0.9353;4.93;4.611;2.779;2.5992
pl-k00090698;Australien;FORWARD;1478.1;0.7754;4.066;3.1527;-0.993;-0.7699
pl-k00090788;Japan;MIDFIELDER;;0.0;4.848;0.0;1.906;0.0
pl-k00090828;Schottland;DEFENDER;1775.1;0.8182;4.12;3.3709;-0.984;-0.8051
pl-k00090830;Kap Verde;MIDFIELDER;1428.1;0.7272;3.272;2.3793;-5.876;-4.2729
pl-k00090873;Türkei;DEFENDER;1880.1;0.9066;4.976;4.511;2.252;2.0416
pl-k00090950;Australien;DEFENDER;1550.6;0.8134;4.066;3.3073;-0.993;-0.8077
pl-k00090958;Brasilien;GOALKEEPER;1427.1;0.628;5.351;3.3604;5.126;3.2191
pl-k00090996;Argentinien;MIDFIELDER;;0.0;5.991;0.0;8.658;0.0
pl-k00091000;Mexiko;FORWARD;;0.0;4.905;0.0;2.864;0.0
pl-k00091055;Spanien;FORWARD;1990.6;0.8416;6.547;5.5101;13.21;11.1178
pl-k00091083;Kroatien;MIDFIELDER;1770.8;0.7957;4.93;3.9229;2.779;2.2113
pl-k00091090;Schottland;MIDFIELDER;1818.8;0.8383;4.12;3.4538;-0.984;-0.8249
pl-k00091110;DR Kongo;DEFENDER;1725.3;0.8323;3.371;2.8057;-4.126;-3.4341
pl-k00091130;Österreich;GOALKEEPER;1512.0;0.6928;4.129;2.8608;-1.1;-0.7621
pl-k00091136;Belgien;FORWARD;1590.6;0.7218;4.876;3.5193;2.814;2.031
pl-k00091137;Frankreich;FORWARD;;0.0;6.141;0.0;7.58;0.0
pl-k00091194;Bosnien-Herzegowina;DEFENDER;1453.9;0.7896;3.738;2.9517;-2.61;-2.061
pl-k00091289;England;FORWARD;2073.2;0.9325;5.687;5.3033;6.383;5.9523
pl-k00091305;Marokko;DEFENDER;1836.0;0.8371;4.418;3.6983;0.331;0.2771
pl-k00091368;Elfenbeinküste;GOALKEEPER;1721.4;0.8283;3.89;3.222;-2.143;-1.775
pl-k00091403;Südkorea;MIDFIELDER;1637.0;0.8523;4.339;3.6981;0.171;0.1457
pl-k00091409;Frankreich;FORWARD;2014.1;0.8935;6.141;5.4872;7.58;6.7729
pl-k00091463;Schottland;MIDFIELDER;1969.7;0.9079;4.12;3.7404;-0.984;-0.8933
pl-k00091537;Frankreich;DEFENDER;2197.6;0.9749;6.141;5.9871;7.58;7.39
pl-k00091555;Schweiz;DEFENDER;1641.6;0.7917;5.181;4.102;4.737;3.7505
pl-k00091959;Bosnien-Herzegowina;MIDFIELDER;1709.1;0.9283;3.738;3.4698;-2.61;-2.4227
pl-k00092246;Frankreich;DEFENDER;738.6;0.3277;6.141;2.0122;7.58;2.4837
pl-k00092347;Kanada;GOALKEEPER;1586.0;0.7807;4.653;3.6328;1.822;1.4225
pl-k00092690;Schweiz;FORWARD;1553.9;0.7494;5.181;3.8829;4.737;3.5501
pl-k00093122;Portugal;DEFENDER;2125.6;0.9065;5.302;4.8061;3.99;3.6168
pl-k00093334;DR Kongo;DEFENDER;1784.6;0.8609;3.371;2.9022;-4.126;-3.5522
pl-k00093378;Kap Verde;DEFENDER;1337.2;0.6809;3.272;2.2279;-5.876;-4.0009
pl-k00093439;Portugal;GOALKEEPER;2020.3;0.8616;5.302;4.5681;3.99;3.4377
pl-k00093477;Schottland;MIDFIELDER;2169.6;1.0;4.12;4.12;-0.984;-0.984
pl-k00093739;USA;FORWARD;1760.6;0.8381;3.74;3.1344;-2.316;-1.941
pl-k00093752;Niederlande;DEFENDER;2020.3;0.8928;5.268;4.7034;3.773;3.3687
pl-k00093879;DR Kongo;MIDFIELDER;1540.1;0.743;3.371;2.5045;-4.126;-3.0655
pl-k00093952;Kap Verde;GOALKEEPER;1036.4;0.5277;3.272;1.7267;-5.876;-3.1009
pl-k00094296;Marokko;FORWARD;2079.6;0.9482;4.418;4.189;0.331;0.3138
pl-k00094309;Ecuador;FORWARD;1675.6;0.7718;5.04;3.8901;4.088;3.1553
pl-k00094312;Panama;DEFENDER;1455.8;0.7807;3.879;3.0282;-2.104;-1.6425
pl-k00094313;Panama;DEFENDER;1336.9;0.7169;3.879;2.7809;-2.104;-1.5084
pl-k00094314;Panama;DEFENDER;1657.3;0.8887;3.879;3.4474;-2.104;-1.8699
pl-k00094316;Panama;MIDFIELDER;1316.6;0.706;3.879;2.7387;-2.104;-1.4855
pl-k00094317;Panama;MIDFIELDER;1675.8;0.8986;3.879;3.4859;-2.104;-1.8908
pl-k00094325;Panama;FORWARD;;0.0;3.879;0.0;-2.104;-0.0
pl-k00094331;Paraguay;MIDFIELDER;1467.1;0.7703;4.452;3.4295;0.178;0.1371
pl-k00094503;Haiti;FORWARD;1448.3;0.8654;3.218;2.785;-5.302;-4.5885
pl-k00094622;Kolumbien;DEFENDER;;0.0;5.21;0.0;3.512;0.0
pl-k00094626;Australien;DEFENDER;1393.6;0.731;4.066;2.9724;-0.993;-0.7259
pl-k00094807;Schweden;FORWARD;2002.8;0.9399;3.796;3.5678;-2.337;-2.1965
pl-k00094866;Brasilien;FORWARD;2272.5;1.0;5.351;5.351;5.126;5.126
pl-k00094959;Österreich;MIDFIELDER;1720.6;0.7884;4.129;3.2554;-1.1;-0.8673
pl-k00095021;Portugal;GOALKEEPER;2277.4;0.9712;5.302;5.1494;3.99;3.8751
pl-k00095023;Portugal;DEFENDER;773.7;0.33;5.302;1.7494;3.99;1.3165
pl-k00095030;Schweiz;MIDFIELDER;1498.0;0.7225;5.181;3.7432;4.737;3.4224
pl-k00095063;Kroatien;MIDFIELDER;1711.2;0.7689;4.93;3.7909;2.779;2.1369
pl-k00095107;Bosnien-Herzegowina;MIDFIELDER;1560.4;0.8475;3.738;3.1679;-2.61;-2.212
pl-k00095175;Senegal;DEFENDER;1889.6;0.9046;4.598;4.1593;0.171;0.1547
pl-k00095198;Schottland;DEFENDER;1730.0;0.7974;4.12;3.2852;-0.984;-0.7846
pl-k00095199;Norwegen;DEFENDER;2024.9;0.8848;4.789;4.2372;0.91;0.8051
pl-k00095254;Elfenbeinküste;MIDFIELDER;1909.6;0.9188;3.89;3.5742;-2.143;-1.969
pl-k00095392;DR Kongo;FORWARD;1836.3;0.8859;3.371;2.9862;-4.126;-3.6551
pl-k00095393;Elfenbeinküste;FORWARD;1957.8;0.942;3.89;3.6645;-2.143;-2.0187
pl-k00095547;Schweden;FORWARD;;0.0;3.796;0.0;-2.337;-0.0
pl-k00095604;Irak;GOALKEEPER;860.7;0.567;3.185;1.8058;-5.568;-3.1568
pl-k00095650;Australien;MIDFIELDER;1578.9;0.8283;4.066;3.3677;-0.993;-0.8225
pl-k00095657;Argentinien;MIDFIELDER;;0.0;5.991;0.0;8.658;0.0
pl-k00095671;Mexiko;DEFENDER;;0.0;4.905;0.0;2.864;0.0
pl-k00095732;Kolumbien;DEFENDER;;0.0;5.21;0.0;3.512;0.0
pl-k00095741;Schweden;MIDFIELDER;1538.9;0.7222;3.796;2.7414;-2.337;-1.6877
pl-k00095804;Bosnien-Herzegowina;DEFENDER;1623.4;0.8817;3.738;3.2958;-2.61;-2.3013
pl-k00095836;Algerien;FORWARD;1537.1;0.7597;3.705;2.8148;-2.846;-2.1622
pl-k00095892;Südafrika;DEFENDER;1524.6;0.9528;3.314;3.1574;-4.325;-4.1207
pl-k00095993;Türkei;GOALKEEPER;1795.2;0.8656;4.976;4.3073;2.252;1.9494
pl-k00096140;Deutschland;DEFENDER;;0.0;5.097;0.0;3.97;0.0
pl-k00096154;Brasilien;GOALKEEPER;1808.5;0.7958;5.351;4.2584;5.126;4.0794
pl-k00096210;Schweden;DEFENDER;1594.8;0.7484;3.796;2.841;-2.337;-1.749
pl-k00096455;Iran;MIDFIELDER;1829.6;0.9893;4.3;4.254;-0.05;-0.0495
pl-k00096489;Türkei;DEFENDER;;0.0;4.976;0.0;2.252;0.0
pl-k00096513;Niederlande;MIDFIELDER;2073.3;0.9163;5.268;4.8268;3.773;3.457
pl-k00096516;Curacao;DEFENDER;1485.3;0.8525;3.121;2.6608;-6.73;-5.7376
pl-k00096664;Katar;FORWARD;1617.4;0.9396;3.194;3.0012;-5.532;-5.1981
pl-k00096665;Schottland;GOALKEEPER;1693.9;0.7807;4.12;3.2167;-0.984;-0.7683
pl-k00096715;Kolumbien;DEFENDER;;0.0;5.21;0.0;3.512;0.0
pl-k00096721;Algerien;GOALKEEPER;1260.8;0.6232;3.705;2.3088;-2.846;-1.7735
pl-k00096723;Senegal;FORWARD;;0.0;4.598;0.0;0.171;0.0
pl-k00096767;Tschechien;MIDFIELDER;1845.5;0.9811;4.198;4.1188;-0.433;-0.4248
pl-k00096835;Belgien;FORWARD;2067.0;0.9379;4.876;4.5733;2.814;2.6393
pl-k00096877;Australien;MIDFIELDER;;0.0;4.066;0.0;-0.993;-0.0
pl-k00096971;Katar;FORWARD;1707.5;0.992;3.194;3.1684;-5.532;-5.4876
pl-k00097030;Elfenbeinküste;DEFENDER;1748.4;0.8413;3.89;3.2725;-2.143;-1.8028
pl-k00097143;USA;MIDFIELDER;1866.4;0.8884;3.74;3.3227;-2.316;-2.0576
pl-k00097277;Mexiko;MIDFIELDER;1760.1;0.8676;4.905;4.2556;2.864;2.4848
pl-k00097322;Schweiz;MIDFIELDER;1528.6;0.7372;5.181;3.8197;4.737;3.4923
pl-k00097376;Algerien;GOALKEEPER;1316.5;0.6507;3.705;2.4109;-2.846;-1.8519
pl-k00097512;Frankreich;FORWARD;1777.6;0.7886;6.141;4.8428;7.58;5.9776
pl-k00097518;Algerien;MIDFIELDER;1941.1;0.9594;3.705;3.5547;-2.846;-2.7305
pl-k00097593;Kap Verde;MIDFIELDER;1505.9;0.7668;3.272;2.5089;-5.876;-4.5057
pl-k00097599;Schottland;DEFENDER;1743.9;0.8038;4.12;3.3116;-0.984;-0.7909
pl-k00097772;Mexiko;DEFENDER;1919.1;0.946;4.905;4.64;2.864;2.7093
pl-k00097808;Elfenbeinküste;DEFENDER;1686.4;0.8114;3.89;3.1565;-2.143;-1.7389
pl-k00097868;Türkei;DEFENDER;2012.4;0.9703;4.976;4.8284;2.252;2.1852
pl-k00098067;Mexiko;MIDFIELDER;;0.0;4.905;0.0;2.864;0.0
pl-k00098095;Niederlande;MIDFIELDER;;0.0;5.268;0.0;3.773;0.0
pl-k00098133;DR Kongo;DEFENDER;1906.3;0.9196;3.371;3.1001;-4.126;-3.7944
pl-k00098162;England;MIDFIELDER;2217.1;0.9973;5.687;5.6714;6.383;6.3655
pl-k00098210;Ägypten;DEFENDER;803.7;0.3848;3.951;1.5202;-1.446;-0.5564
pl-k00098226;Marokko;GOALKEEPER;;0.0;4.418;0.0;0.331;0.0
pl-k00098238;DR Kongo;MIDFIELDER;1551.7;0.7486;3.371;2.5234;-4.126;-3.0886
pl-k00098347;Iran;MIDFIELDER;1336.9;0.7229;4.3;3.1084;-0.05;-0.0361
pl-k00098354;Algerien;MIDFIELDER;1741.7;0.8609;3.705;3.1895;-2.846;-2.45
pl-k00098506;Paraguay;MIDFIELDER;1791.0;0.9404;4.452;4.1867;0.178;0.1674
pl-k00098535;Ägypten;MIDFIELDER;1337.8;0.6405;3.951;2.5305;-1.446;-0.9261
pl-k00098554;Marokko;DEFENDER;2193.3;1.0;4.418;4.418;0.331;0.331
pl-k00098565;DR Kongo;MIDFIELDER;1373.4;0.6626;3.371;2.2335;-4.126;-2.7337
pl-k00098653;Haiti;DEFENDER;1577.7;0.9428;3.218;3.0338;-5.302;-4.9985
pl-k00098656;Norwegen;MIDFIELDER;2020.8;0.883;4.789;4.2286;0.91;0.8035
pl-k00098820;Brasilien;DEFENDER;1322.9;0.5821;5.351;3.115;5.126;2.984
pl-k00098854;Ecuador;DEFENDER;;0.0;5.04;0.0;4.088;0.0
pl-k00098905;Schweiz;DEFENDER;1685.5;0.8129;5.181;4.2117;4.737;3.8508
pl-k00099269;USA;DEFENDER;1853.8;0.8824;3.74;3.3003;-2.316;-2.0437
pl-k00099308;USA;DEFENDER;;0.0;3.74;0.0;-2.316;-0.0
pl-k00099343;Panama;DEFENDER;1864.8;1.0;3.879;3.879;-2.104;-2.104
pl-k00099347;USA;MIDFIELDER;1979.8;0.9424;3.74;3.5246;-2.316;-2.1826
pl-k00099350;Haiti;FORWARD;;0.0;3.218;0.0;-5.302;-0.0
pl-k00099370;Kanada;DEFENDER;1649.1;0.8118;4.653;3.7773;1.822;1.4791
pl-k00099403;USA;MIDFIELDER;1656.1;0.7883;3.74;2.9483;-2.316;-1.8257
pl-k00099454;Panama;MIDFIELDER;1468.2;0.7873;3.879;3.054;-2.104;-1.6565
pl-k00099476;USA;GOALKEEPER;1791.4;0.8527;3.74;3.1892;-2.316;-1.9749
pl-k00099583;Kanada;DEFENDER;2031.4;1.0;4.653;4.653;1.822;1.822
pl-k00099757;Schweden;MIDFIELDER;1612.5;0.7567;3.796;2.8725;-2.337;-1.7685
pl-k00099758;Bosnien-Herzegowina;DEFENDER;1477.7;0.8026;3.738;3.0;-2.61;-2.0947
pl-k00099888;Haiti;DEFENDER;1638.4;0.979;3.218;3.1505;-5.302;-5.1908
pl-k00099891;Haiti;MIDFIELDER;1652.5;0.9875;3.218;3.1776;-5.302;-5.2355
pl-k00099911;Uruguay;MIDFIELDER;1991.6;0.9618;4.672;4.4935;1.55;1.4908
pl-k00100096;Schottland;MIDFIELDER;1991.8;0.918;4.12;3.7824;-0.984;-0.9034
pl-k00100132;Brasilien;DEFENDER;1545.6;0.6801;5.351;3.6394;5.126;3.4864
pl-k00100297;Algerien;FORWARD;1717.7;0.849;3.705;3.1456;-2.846;-2.4163
pl-k00100385;Paraguay;FORWARD;;0.0;4.452;0.0;0.178;0.0
pl-k00100539;Schottland;MIDFIELDER;;0.0;4.12;0.0;-0.984;-0.0
pl-k00100729;Brasilien;MIDFIELDER;1781.6;0.784;5.351;4.1951;5.126;4.0187
pl-k00100735;Brasilien;FORWARD;2073.7;0.9125;5.351;4.8829;5.126;4.6776
pl-k00100766;Portugal;FORWARD;2092.8;0.8925;5.302;4.732;3.99;3.561
pl-k00100775;Spanien;DEFENDER;;0.0;6.547;0.0;13.21;0.0
pl-k00100782;Spanien;FORWARD;2104.6;0.8898;6.547;5.8256;13.21;11.7545
pl-k00100789;England;DEFENDER;2065.8;0.9292;5.687;5.2844;6.383;5.9311
pl-k00100804;Türkei;DEFENDER;1816.2;0.8757;4.976;4.3577;2.252;1.9722
pl-k00100814;Türkei;FORWARD;968.5;0.467;4.976;2.3238;2.252;1.0517
pl-k00100992;Australien;MIDFIELDER;1683.5;0.8831;4.066;3.5908;-0.993;-0.8769
pl-k00101025;Neuseeland;DEFENDER;;0.0;3.48;0.0;-3.434;-0.0
pl-k00101031;Neuseeland;MIDFIELDER;1309.8;0.7088;3.48;2.4665;-3.434;-2.4339
pl-k00101100;Japan;MIDFIELDER;;0.0;4.848;0.0;1.906;0.0
pl-k00101109;Bosnien-Herzegowina;DEFENDER;1716.4;0.9322;3.738;3.4846;-2.61;-2.4331
pl-k00101120;Senegal;GOALKEEPER;1675.9;0.8023;4.598;3.6889;0.171;0.1372
pl-k00101133;England;GOALKEEPER;1857.5;0.8355;5.687;4.7515;6.383;5.333
pl-k00101135;England;DEFENDER;2207.5;0.9929;5.687;5.6468;6.383;6.3379
pl-k00101264;Tschechien;FORWARD;1712.0;0.9102;4.198;3.8208;-0.433;-0.3941
pl-k00101284;Uruguay;DEFENDER;;0.0;4.672;0.0;1.55;0.0
pl-k00101285;Uruguay;GOALKEEPER;1663.2;0.8032;4.672;3.7526;1.55;1.245
pl-k00101287;Uruguay;DEFENDER;;0.0;4.672;0.0;1.55;0.0
pl-k00101288;Uruguay;DEFENDER;;0.0;4.672;0.0;1.55;0.0
pl-k00101293;Uruguay;MIDFIELDER;1772.9;0.8562;4.672;4.0001;1.55;1.3271
pl-k00101298;Uruguay;MIDFIELDER;2070.7;1.0;4.672;4.672;1.55;1.55
pl-k00101299;Uruguay;DEFENDER;1792.0;0.8654;4.672;4.0432;1.55;1.3414
pl-k00101301;Uruguay;FORWARD;1675.4;0.8091;4.672;3.7801;1.55;1.2541
pl-k00101347;Argentinien;DEFENDER;1813.1;0.8862;5.991;5.309;8.658;7.6724
pl-k00101356;Frankreich;DEFENDER;;0.0;6.141;0.0;7.58;0.0
pl-k00101378;Brasilien;MIDFIELDER;1934.2;0.8511;5.351;4.5544;5.126;4.3629
pl-k00101481;Japan;MIDFIELDER;1897.0;1.0;4.848;4.848;1.906;1.906
pl-k00101588;Schweden;GOALKEEPER;;0.0;3.796;0.0;-2.337;-0.0
pl-k00101599;Schweden;FORWARD;2130.9;1.0;3.796;3.796;-2.337;-2.337
pl-k00101605;Brasilien;DEFENDER;1917.1;0.8436;5.351;4.5141;5.126;4.3243
pl-k00101629;Portugal;FORWARD;1905.7;0.8127;5.302;4.3089;3.99;3.2427
pl-k00101633;Curacao;DEFENDER;1742.2;1.0;3.121;3.121;-6.73;-6.73
pl-k00101636;Niederlande;MIDFIELDER;;0.0;5.268;0.0;3.773;0.0
pl-k00101638;Niederlande;FORWARD;1895.7;0.8378;5.268;4.4134;3.773;3.1609
pl-k00101663;England;DEFENDER;807.7;0.3633;5.687;2.0661;6.383;2.319
pl-k00101765;Österreich;FORWARD;1594.0;0.7304;4.129;3.0159;-1.1;-0.8035
pl-k00101781;Brasilien;FORWARD;1971.9;0.8677;5.351;4.6432;5.126;4.4479
pl-k00101783;Schweiz;FORWARD;1845.8;0.8902;5.181;4.6123;4.737;4.217
pl-k00101913;Panama;MIDFIELDER;1540.4;0.826;3.879;3.2042;-2.104;-1.738
pl-k00101917;Panama;GOALKEEPER;1656.6;0.8884;3.879;3.4459;-2.104;-1.8691
pl-k00102015;Curacao;DEFENDER;1450.7;0.8327;3.121;2.5988;-6.73;-5.604
pl-k00102117;Senegal;DEFENDER;1813.1;0.868;4.598;3.9909;0.171;0.1484
pl-k00102402;Niederlande;FORWARD;1964.5;0.8682;5.268;4.5735;3.773;3.2756
pl-k00102731;Kroatien;DEFENDER;2165.5;0.9731;4.93;4.7973;2.779;2.7042
pl-k00102793;Kap Verde;FORWARD;1413.4;0.7197;3.272;2.3548;-5.876;-4.2289
pl-k00102800;Österreich;MIDFIELDER;1919.2;0.8794;4.129;3.6312;-1.1;-0.9674
pl-k00102817;Japan;MIDFIELDER;1809.9;0.9541;4.848;4.6254;1.906;1.8185
pl-k00103233;DR Kongo;MIDFIELDER;1534.8;0.7404;3.371;2.4959;-4.126;-3.0549
pl-k00103347;Kroatien;FORWARD;1571.8;0.7063;4.93;3.4821;2.779;1.9628
pl-k00103453;Niederlande;MIDFIELDER;;0.0;5.268;0.0;3.773;0.0
pl-k00103601;Curacao;GOALKEEPER;1077.9;0.6187;3.121;1.931;-6.73;-4.1639
pl-k00103776;Türkei;FORWARD;;0.0;4.976;0.0;2.252;0.0
pl-k00103853;Südkorea;DEFENDER;1175.7;0.6121;4.339;2.656;0.171;0.1047
pl-k00103860;Südkorea;GOALKEEPER;1473.2;0.767;4.339;3.3281;0.171;0.1312
pl-k00103878;Ägypten;FORWARD;2088.8;1.0;3.951;3.951;-1.446;-1.446
pl-k00104033;Ghana;DEFENDER;;0.0;3.144;0.0;-6.374;-0.0
pl-k00104228;Iran;DEFENDER;1262.1;0.6824;4.3;2.9345;-0.05;-0.0341
pl-k00104230;Belgien;MIDFIELDER;1686.9;0.7655;4.876;3.7323;2.814;2.154
pl-k00104271;Australien;DEFENDER;1792.6;0.9404;4.066;3.8235;-0.993;-0.9338
pl-k00104274;Ghana;MIDFIELDER;;0.0;3.144;0.0;-6.374;-0.0
pl-k00104317;Deutschland;MIDFIELDER;1906.8;0.8697;5.097;4.4326;3.97;3.4525
pl-k00104437;Iran;FORWARD;1602.9;0.8667;4.3;3.7269;-0.05;-0.0433
pl-k00104441;Bosnien-Herzegowina;GOALKEEPER;1547.3;0.8404;3.738;3.1413;-2.61;-2.1934
pl-k00104485;Norwegen;DEFENDER;2043.2;0.8928;4.789;4.2755;0.91;0.8124
pl-k00104568;Saudi-Arabien;GOALKEEPER;1680.7;0.8375;3.316;2.7772;-5.57;-4.6649
pl-k00104581;Saudi-Arabien;MIDFIELDER;1833.5;0.9136;3.316;3.0296;-5.57;-5.089
pl-k00104617;Kolumbien;MIDFIELDER;1634.8;0.8544;5.21;4.4516;3.512;3.0008
pl-k00104723;Iran;DEFENDER;;0.0;4.3;0.0;-0.05;-0.0
pl-k00104727;Iran;DEFENDER;;0.0;4.3;0.0;-0.05;-0.0
pl-k00104729;Iran;MIDFIELDER;1524.6;0.8244;4.3;3.5448;-0.05;-0.0412
pl-k00104730;Iran;MIDFIELDER;1413.4;0.7642;4.3;3.2863;-0.05;-0.0382
pl-k00104735;Iran;FORWARD;1849.4;1.0;4.3;4.3;-0.05;-0.05
pl-k00104808;Neuseeland;GOALKEEPER;1737.8;0.9404;3.48;3.2725;-3.434;-3.2292
pl-k00104953;Panama;FORWARD;1484.7;0.7962;3.879;3.0883;-2.104;-1.6751
pl-k00104975;Japan;MIDFIELDER;1558.9;0.8218;4.848;3.9839;1.906;1.5663
pl-k00104978;Tschechien;FORWARD;1558.6;0.8286;4.198;3.4785;-0.433;-0.3588
pl-k00105008;Neuseeland;MIDFIELDER;1357.7;0.7347;3.48;2.5567;-3.434;-2.5229
pl-k00105138;Marokko;GOALKEEPER;1504.2;0.6858;4.418;3.0299;0.331;0.227
pl-k00105180;Deutschland;MIDFIELDER;1921.4;0.8763;5.097;4.4666;3.97;3.479
pl-k00105212;Türkei;GOALKEEPER;1734.5;0.8363;4.976;4.1617;2.252;1.8835
pl-k00105223;England;FORWARD;;0.0;5.687;0.0;6.383;0.0
pl-k00105391;Japan;MIDFIELDER;;0.0;4.848;0.0;1.906;0.0
pl-k00105434;Marokko;DEFENDER;2044.2;0.932;4.418;4.1177;0.331;0.3085
pl-k00105471;Australien;DEFENDER;1348.8;0.7075;4.066;2.8769;-0.993;-0.7026
pl-k00105695;Saudi-Arabien;FORWARD;1584.4;0.7895;3.316;2.618;-5.57;-4.3976
pl-k00105718;Türkei;DEFENDER;1862.5;0.8981;4.976;4.4688;2.252;2.0224
pl-k00105800;Kanada;MIDFIELDER;1882.2;0.9266;4.653;4.3113;1.822;1.6882
pl-k00105812;Niederlande;FORWARD;2031.1;0.8976;5.268;4.7286;3.773;3.3867
pl-k00105828;Tunesien;DEFENDER;913.4;0.5146;3.434;1.7671;-3.766;-1.938
pl-k00105829;Tunesien;DEFENDER;1503.5;0.847;3.434;2.9087;-3.766;-3.19
pl-k00105836;Tunesien;FORWARD;971.7;0.5474;3.434;1.8799;-3.766;-2.0616
pl-k00105876;Schottland;DEFENDER;1685.6;0.7769;4.12;3.2009;-0.984;-0.7645
pl-k00105950;Iran;GOALKEEPER;1405.2;0.7598;4.3;3.2672;-0.05;-0.038
pl-k00105955;Iran;MIDFIELDER;1409.6;0.7622;4.3;3.2774;-0.05;-0.0381
pl-k00105961;Iran;FORWARD;1491.2;0.8063;4.3;3.4672;-0.05;-0.0403
pl-k00105983;Frankreich;MIDFIELDER;2111.8;0.9369;6.141;5.7533;7.58;7.1015
pl-k00106053;Curacao;DEFENDER;1402.3;0.8049;3.121;2.5121;-6.73;-5.417
pl-k00106067;Paraguay;MIDFIELDER;;0.0;4.452;0.0;0.178;0.0
pl-k00106087;Japan;DEFENDER;1519.5;0.801;4.848;3.8833;1.906;1.5267
pl-k00106091;Japan;MIDFIELDER;;0.0;4.848;0.0;1.906;0.0
pl-k00106095;USA;DEFENDER;1795.4;0.8546;3.74;3.1963;-2.316;-1.9793
pl-k00106109;Saudi-Arabien;MIDFIELDER;1884.1;0.9389;3.316;3.1133;-5.57;-5.2294
pl-k00106186;Saudi-Arabien;GOALKEEPER;1439.8;0.7175;3.316;2.3791;-5.57;-3.9963
pl-k00106205;Japan;DEFENDER;1723.6;0.9086;4.848;4.4049;1.906;1.7318
pl-k00106358;Japan;DEFENDER;;0.0;4.848;0.0;1.906;0.0
pl-k00106359;Japan;FORWARD;1499.1;0.7902;4.848;3.8311;1.906;1.5062
pl-k00106362;USA;MIDFIELDER;1785.5;0.8499;3.74;3.1787;-2.316;-1.9684
pl-k00106538;Japan;GOALKEEPER;1587.8;0.837;4.848;4.0578;1.906;1.5953
pl-k00106559;Saudi-Arabien;MIDFIELDER;1909.9;0.9517;3.316;3.1559;-5.57;-5.301
pl-k00106597;Marokko;FORWARD;1731.2;0.7893;4.418;3.4872;0.331;0.2613
pl-k00106599;Ägypten;GOALKEEPER;1486.3;0.7116;3.951;2.8114;-1.446;-1.0289
pl-k00106676;Argentinien;FORWARD;2045.7;0.9999;5.991;5.9901;8.658;8.6567
pl-k00106680;Brasilien;DEFENDER;2053.6;0.9037;5.351;4.8356;5.126;4.6322
pl-k00106698;Deutschland;FORWARD;1906.6;0.8696;5.097;4.4322;3.97;3.4522
pl-k00106891;Türkei;DEFENDER;898.3;0.4331;4.976;2.1553;2.252;0.9754
pl-k00106912;Senegal;GOALKEEPER;2035.5;0.9744;4.598;4.4805;0.171;0.1666
pl-k00106928;Deutschland;MIDFIELDER;2037.9;0.9294;5.097;4.7374;3.97;3.6899
pl-k00106946;Norwegen;DEFENDER;;0.0;4.789;0.0;0.91;0.0
pl-k00107005;Türkei;MIDFIELDER;1882.1;0.9075;4.976;4.5158;2.252;2.0437
pl-k00107290;Algerien;DEFENDER;1976.0;0.9767;3.705;3.6186;-2.846;-2.7796
pl-k00107395;Kanada;MIDFIELDER;1677.9;0.826;4.653;3.8433;1.822;1.5049
pl-k00107513;Schweiz;FORWARD;1830.9;0.883;5.181;4.575;4.737;4.183
pl-k00107564;Panama;MIDFIELDER;1763.9;0.9459;3.879;3.6691;-2.104;-1.9902
pl-k00107692;Deutschland;MIDFIELDER;2091.0;0.9537;5.097;4.8608;3.97;3.786
pl-k00107693;Deutschland;MIDFIELDER;2012.4;0.9178;5.097;4.6781;3.97;3.6437
pl-k00107767;Spanien;GOALKEEPER;2123.4;0.8978;6.547;5.8777;13.21;11.8595
pl-k00107833;Niederlande;FORWARD;1853.1;0.8189;5.268;4.3142;3.773;3.0899
pl-k00107834;Niederlande;DEFENDER;2262.8;1.0;5.268;5.268;3.773;3.773
pl-k00107835;Niederlande;MIDFIELDER;1806.1;0.7982;5.268;4.2048;3.773;3.0115
pl-k00107846;Niederlande;FORWARD;1894.1;0.8371;5.268;4.4096;3.773;3.1582
pl-k00107848;Curacao;DEFENDER;1497.6;0.8596;3.121;2.6828;-6.73;-5.7851
pl-k00108054;Curacao;MIDFIELDER;1353.3;0.7768;3.121;2.4243;-6.73;-5.2277
pl-k00108107;Portugal;FORWARD;1857.6;0.7922;5.302;4.2002;3.99;3.1608
pl-k00108112;Türkei;GOALKEEPER;;0.0;4.976;0.0;2.252;0.0
pl-k00108337;Kolumbien;FORWARD;;0.0;5.21;0.0;3.512;0.0
pl-k00108493;Panama;MIDFIELDER;1732.5;0.9291;3.879;3.6038;-2.104;-1.9547
pl-k00108624;Haiti;MIDFIELDER;;0.0;3.218;0.0;-5.302;-0.0
pl-k00108633;USA;DEFENDER;;0.0;3.74;0.0;-2.316;-0.0
pl-k00108669;Irak;MIDFIELDER;1518.1;1.0;3.185;3.185;-5.568;-5.568
pl-k00108822;Norwegen;FORWARD;2288.6;1.0;4.789;4.789;0.91;0.91
pl-k00109674;USA;MIDFIELDER;1922.6;0.9152;3.74;3.4228;-2.316;-2.1195
pl-k00110076;Türkei;DEFENDER;1975.3;0.9525;4.976;4.7394;2.252;2.1449
pl-k00110095;Haiti;FORWARD;1081.7;0.6464;3.218;2.08;-5.302;-3.4271
pl-k00110131;Portugal;FORWARD;2077.9;0.8861;5.302;4.6983;3.99;3.5357
pl-k00110134;Tunesien;DEFENDER;1544.6;0.8702;3.434;2.9883;-3.766;-3.2772
pl-k00110177;Elfenbeinküste;DEFENDER;2000.0;0.9623;3.89;3.7434;-2.143;-2.0623
pl-k00110243;Niederlande;MIDFIELDER;2039.8;0.9014;5.268;4.7488;3.773;3.4012
pl-k00110300;Argentinien;MIDFIELDER;;0.0;5.991;0.0;8.658;0.0
pl-k00110311;USA;DEFENDER;1881.3;0.8955;3.74;3.3492;-2.316;-2.074
pl-k00110341;Tschechien;MIDFIELDER;1815.8;0.9653;4.198;4.0525;-0.433;-0.418
pl-k00110344;Tschechien;DEFENDER;1616.3;0.8593;4.198;3.6072;-0.433;-0.3721
pl-k00110515;Kanada;MIDFIELDER;;0.0;4.653;0.0;1.822;0.0
pl-k00110564;Uruguay;MIDFIELDER;1495.7;0.7223;4.672;3.3747;1.55;1.1196
pl-k00110616;Portugal;FORWARD;1986.8;0.8473;5.302;4.4923;3.99;3.3807
pl-k00110655;Kap Verde;FORWARD;1473.6;0.7503;3.272;2.4551;-5.876;-4.409
pl-k00110676;Belgien;MIDFIELDER;2099.0;0.9524;4.876;4.6441;2.814;2.6802
pl-k00110713;Senegal;DEFENDER;;0.0;4.598;0.0;0.171;0.0
pl-k00110782;Belgien;FORWARD;1838.2;0.8341;4.876;4.0671;2.814;2.3472
pl-k00110802;DR Kongo;MIDFIELDER;1624.7;0.7838;3.371;2.6421;-4.126;-3.2339
pl-k00110835;Tunesien;DEFENDER;1387.3;0.7816;3.434;2.6839;-3.766;-2.9434
pl-k00110836;Kanada;FORWARD;;0.0;4.653;0.0;1.822;0.0
pl-k00110964;Argentinien;GOALKEEPER;1975.1;0.9653;5.991;5.7834;8.658;8.358
pl-k00111030;Kanada;DEFENDER;1724.1;0.8487;4.653;3.9491;1.822;1.5464
pl-k00111092;Jordanien;FORWARD;;0.0;3.484;0.0;-3.906;-0.0
pl-k00111104;Deutschland;DEFENDER;1988.6;0.907;5.097;4.6228;3.97;3.6006
pl-k00111248;Tunesien;DEFENDER;1775.0;1.0;3.434;3.434;-3.766;-3.766
pl-k00111286;Marokko;DEFENDER;1872.5;0.8537;4.418;3.7718;0.331;0.2826
pl-k00111312;Neuseeland;GOALKEEPER;1524.0;0.8247;3.48;2.8699;-3.434;-2.8319
pl-k00111322;Haiti;FORWARD;1617.4;0.9665;3.218;3.1101;-5.302;-5.1243
pl-k00111323;Algerien;DEFENDER;1663.6;0.8223;3.705;3.0465;-2.846;-2.3402
pl-k00111352;Frankreich;DEFENDER;2254.1;1.0;6.141;6.141;7.58;7.58
pl-k00111363;Südkorea;MIDFIELDER;1108.1;0.5769;4.339;2.5033;0.171;0.0987
pl-k00111483;Spanien;DEFENDER;2013.0;0.8511;6.547;5.5721;13.21;11.2429
pl-k00111568;Argentinien;DEFENDER;;0.0;5.991;0.0;8.658;0.0
pl-k00111572;Südafrika;DEFENDER;1288.6;0.8053;3.314;2.6687;-4.325;-3.4828
pl-k00111733;Schottland;MIDFIELDER;1814.0;0.8361;4.12;3.4447;-0.984;-0.8227
pl-k00111774;Ghana;DEFENDER;1699.1;0.8026;3.144;2.5235;-6.374;-5.116
pl-k00111857;Südkorea;MIDFIELDER;1672.0;0.8705;4.339;3.7772;0.171;0.1489
pl-k00111860;Kroatien;GOALKEEPER;1761.5;0.7915;4.93;3.9023;2.779;2.1997
pl-k00111988;Mexiko;DEFENDER;;0.0;4.905;0.0;2.864;0.0
pl-k00112075;Südkorea;DEFENDER;1175.7;0.6121;4.339;2.656;0.171;0.1047
pl-k00112076;Südkorea;MIDFIELDER;1920.7;1.0;4.339;4.339;0.171;0.171
pl-k00112077;Mexiko;MIDFIELDER;;0.0;4.905;0.0;2.864;0.0
pl-k00112079;Mexiko;FORWARD;;0.0;4.905;0.0;2.864;0.0
pl-k00112080;Schweiz;FORWARD;1962.4;0.9465;5.181;4.9036;4.737;4.4834
pl-k00112101;Schottland;DEFENDER;1581.7;0.729;4.12;3.0036;-0.984;-0.7174
pl-k00112135;Kolumbien;DEFENDER;1913.3;1.0;5.21;5.21;3.512;3.512
pl-k00112426;Norwegen;FORWARD;;0.0;4.789;0.0;0.91;0.0
pl-k00112730;Südkorea;DEFENDER;1544.2;0.804;4.339;3.4885;0.171;0.1375
pl-k00112780;Japan;DEFENDER;1840.6;0.9703;4.848;4.7039;1.906;1.8493
pl-k00112823;Curacao;FORWARD;1449.4;0.8319;3.121;2.5965;-6.73;-5.5989
pl-k00112868;Usbekistan;FORWARD;1776.9;0.8616;3.684;3.1742;-2.905;-2.503
pl-k00112929;Niederlande;DEFENDER;;0.0;5.268;0.0;3.773;0.0
pl-k00112936;Kroatien;GOALKEEPER;1669.5;0.7502;4.93;3.6985;2.779;2.0848
pl-k00113011;Usbekistan;FORWARD;1436.5;0.6966;3.684;2.5661;-2.905;-2.0235
pl-k00113069;DR Kongo;GOALKEEPER;1369.2;0.6605;3.371;2.2266;-4.126;-2.7253
pl-k00113146;Panama;DEFENDER;1667.6;0.8943;3.879;3.4688;-2.104;-1.8815
pl-k00113163;Argentinien;DEFENDER;;0.0;5.991;0.0;8.658;0.0
pl-k00113179;Argentinien;FORWARD;;0.0;5.991;0.0;8.658;0.0
pl-k00113185;USA;DEFENDER;1736.5;0.8266;3.74;3.0914;-2.316;-1.9144
pl-k00113214;England;MIDFIELDER;2212.2;0.9951;5.687;5.6589;6.383;6.3514
pl-k00113407;England;FORWARD;2223.2;1.0;5.687;5.687;6.383;6.383
pl-k00113426;USA;MIDFIELDER;;0.0;3.74;0.0;-2.316;-0.0
pl-k00113510;Mexiko;MIDFIELDER;1740.1;0.8577;4.905;4.2072;2.864;2.4566
pl-k00113695;Iran;GOALKEEPER;1509.5;0.8162;4.3;3.5097;-0.05;-0.0408
pl-k00113749;Irak;GOALKEEPER;1475.1;0.9717;3.185;3.0948;-5.568;-5.4103
pl-k00113751;Irak;DEFENDER;;0.0;3.185;0.0;-5.568;-0.0
pl-k00113754;Irak;DEFENDER;1347.6;0.8877;3.185;2.8273;-5.568;-4.9426
pl-k00113759;Irak;FORWARD;1080.0;0.7114;3.185;2.2659;-5.568;-3.9612
pl-k00113856;Usbekistan;GOALKEEPER;1484.9;0.72;3.684;2.6526;-2.905;-2.0917
pl-k00113863;Usbekistan;DEFENDER;;0.0;3.684;0.0;-2.905;-0.0
pl-k00113866;Usbekistan;MIDFIELDER;1526.6;0.7402;3.684;2.727;-2.905;-2.1504
pl-k00113867;Usbekistan;MIDFIELDER;1506.4;0.7304;3.684;2.691;-2.905;-2.1219
pl-k00113914;Argentinien;DEFENDER;1778.8;0.8694;5.991;5.2086;8.658;7.5273
pl-k00113916;Katar;MIDFIELDER;1524.4;0.8856;3.194;2.8286;-5.532;-4.8992
pl-k00113920;Katar;MIDFIELDER;1528.3;0.8879;3.194;2.8359;-5.532;-4.9117
pl-k00113922;Katar;FORWARD;1130.7;0.6569;3.194;2.0981;-5.532;-3.6339
pl-k00113924;Katar;DEFENDER;1673.1;0.972;3.194;3.1046;-5.532;-5.3771
pl-k00113925;Katar;MIDFIELDER;1491.2;0.8663;3.194;2.767;-5.532;-4.7925
pl-k00113926;Katar;DEFENDER;1710.3;0.9936;3.194;3.1736;-5.532;-5.4966
pl-k00113927;Katar;MIDFIELDER;1522.2;0.8843;3.194;2.8246;-5.532;-4.8921
pl-k00113930;Katar;FORWARD;1600.8;0.93;3.194;2.9704;-5.532;-5.1447
pl-k00113931;Katar;DEFENDER;;0.0;3.194;0.0;-5.532;-0.0
pl-k00113932;Katar;MIDFIELDER;1525.0;0.886;3.194;2.8298;-5.532;-4.9011
pl-k00113966;Saudi-Arabien;DEFENDER;1881.0;0.9373;3.316;3.1081;-5.57;-5.2208
pl-k00113975;Usbekistan;FORWARD;1418.2;0.6877;3.684;2.5334;-2.905;-1.9977
pl-k00114084;Jordanien;DEFENDER;1555.2;1.0;3.484;3.484;-3.906;-3.906
pl-k00114094;Jordanien;DEFENDER;1486.0;0.9555;3.484;3.329;-3.906;-3.7322
pl-k00114256;Ecuador;GOALKEEPER;1619.4;0.746;5.04;3.7596;4.088;3.0495
pl-k00114257;Ecuador;DEFENDER;1581.5;0.7285;5.04;3.6716;4.088;2.9781
pl-k00114259;Ecuador;MIDFIELDER;;0.0;5.04;0.0;4.088;0.0
pl-k00114277;Ecuador;FORWARD;1868.7;0.8608;5.04;4.3384;4.088;3.5189
pl-k00114290;Paraguay;MIDFIELDER;1598.3;0.8392;4.452;3.7362;0.178;0.1494
pl-k00114307;Paraguay;GOALKEEPER;1613.6;0.8473;4.452;3.772;0.178;0.1508
pl-k00114311;Uruguay;DEFENDER;;0.0;4.672;0.0;1.55;0.0
pl-k00114315;Uruguay;FORWARD;;0.0;4.672;0.0;1.55;0.0
pl-k00114317;Uruguay;MIDFIELDER;1642.6;0.7933;4.672;3.7061;1.55;1.2296
pl-k00114335;Uruguay;FORWARD;;0.0;4.672;0.0;1.55;0.0
pl-k00114376;Argentinien;DEFENDER;1796.5;0.8781;5.991;5.2604;8.658;7.6022
pl-k00114381;Argentinien;MIDFIELDER;;0.0;5.991;0.0;8.658;0.0
pl-k00114540;Argentinien;MIDFIELDER;1145.9;0.5601;5.991;3.3554;8.658;4.8491
pl-k00114723;Frankreich;MIDFIELDER;;0.0;6.141;0.0;7.58;0.0
pl-k00114736;Deutschland;FORWARD;1931.3;0.8808;5.097;4.4896;3.97;3.4969
pl-k00114740;Ghana;MIDFIELDER;1586.3;0.7494;3.144;2.356;-6.374;-4.7764
pl-k00114796;Tunesien;MIDFIELDER;;0.0;3.434;0.0;-3.766;-0.0
pl-k00114872;Curacao;FORWARD;1512.8;0.8683;3.121;2.71;-6.73;-5.8438
pl-k00114972;Kanada;GOALKEEPER;1789.3;0.8808;4.653;4.0985;1.822;1.6049
pl-k00114978;Kanada;MIDFIELDER;1767.9;0.8703;4.653;4.0494;1.822;1.5857
pl-k00114996;USA;GOALKEEPER;1654.6;0.7876;3.74;2.9456;-2.316;-1.8241
pl-k00114998;USA;MIDFIELDER;;0.0;3.74;0.0;-2.316;-0.0
pl-k00115053;Japan;DEFENDER;1512.1;0.7971;4.848;3.8643;1.906;1.5193
pl-k00115136;Japan;FORWARD;1857.1;0.979;4.848;4.746;1.906;1.8659
pl-k00115166;Japan;FORWARD;;0.0;4.848;0.0;1.906;0.0
pl-k00115227;Japan;DEFENDER;;0.0;4.848;0.0;1.906;0.0
pl-k00115263;Elfenbeinküste;DEFENDER;1868.7;0.8991;3.89;3.4977;-2.143;-1.9269
pl-k00115268;Mexiko;DEFENDER;;0.0;4.905;0.0;2.864;0.0
pl-k00115533;Kroatien;FORWARD;1778.5;0.7992;4.93;3.94;2.779;2.2209
pl-k00115539;Südafrika;FORWARD;1553.0;0.9705;3.314;3.2162;-4.325;-4.1974
pl-k00115590;Kolumbien;MIDFIELDER;;0.0;5.21;0.0;3.512;0.0
pl-k00115605;Schottland;GOALKEEPER;1608.3;0.7413;4.12;3.0541;-0.984;-0.7294
pl-k00115622;Paraguay;DEFENDER;1899.8;0.9975;4.452;4.441;0.178;0.1776
pl-k00115688;Argentinien;DEFENDER;;0.0;5.991;0.0;8.658;0.0
pl-k00115723;Ecuador;DEFENDER;;0.0;5.04;0.0;4.088;0.0
pl-k00115737;Kolumbien;FORWARD;1300.5;0.6797;5.21;3.5413;3.512;2.3872
pl-k00115738;Kolumbien;GOALKEEPER;1732.8;0.9057;5.21;4.7185;3.512;3.1807
pl-k00115740;Argentinien;DEFENDER;2046.0;1.0;5.991;5.991;8.658;8.658
pl-k00115743;Mexiko;MIDFIELDER;;0.0;4.905;0.0;2.864;0.0
pl-k00115744;Mexiko;FORWARD;1977.3;0.9747;4.905;4.7807;2.864;2.7914
pl-k00115782;Paraguay;MIDFIELDER;1659.6;0.8714;4.452;3.8795;0.178;0.1551
pl-k00115787;Paraguay;DEFENDER;;0.0;4.452;0.0;0.178;0.0
pl-k00115794;Paraguay;DEFENDER;1605.3;0.8429;4.452;3.7526;0.178;0.15
pl-k00115803;Panama;GOALKEEPER;1648.5;0.884;3.879;3.4291;-2.104;-1.86
pl-k00115805;Paraguay;FORWARD;;0.0;4.452;0.0;0.178;0.0
pl-k00115806;Panama;DEFENDER;1498.0;0.8033;3.879;3.116;-2.104;-1.6902
pl-k00115934;Kolumbien;DEFENDER;1893.6;0.9897;5.21;5.1564;3.512;3.4758
pl-k00116010;Spanien;MIDFIELDER;2168.8;0.917;6.547;6.0034;13.21;12.1131
pl-k00116213;Uruguay;FORWARD;;0.0;4.672;0.0;1.55;0.0
pl-k00116395;Türkei;DEFENDER;1151.9;0.5554;4.976;2.7638;2.252;1.2508
pl-k00116479;Senegal;MIDFIELDER;1773.2;0.8489;4.598;3.9031;0.171;0.1452
pl-k00116517;Portugal;MIDFIELDER;2098.6;0.895;5.302;4.7451;3.99;3.5709
pl-k00116544;Spanien;FORWARD;1830.7;0.774;6.547;5.0675;13.21;10.2247
pl-k00116568;Tschechien;GOALKEEPER;1799.4;0.9566;4.198;4.0159;-0.433;-0.4142
pl-k00116607;Portugal;DEFENDER;1894.7;0.808;5.302;4.2841;3.99;3.224
pl-k00116618;England;GOALKEEPER;2028.9;0.9126;5.687;5.19;6.383;5.8251
pl-k00116621;England;DEFENDER;2007.2;0.9028;5.687;5.1345;6.383;5.7628
pl-k00116627;England;FORWARD;2137.5;0.9615;5.687;5.4678;6.383;6.1369
pl-k00116636;Belgien;GOALKEEPER;1975.1;0.8962;4.876;4.37;2.814;2.522
pl-k00116650;Belgien;FORWARD;2160.9;0.9805;4.876;4.7811;2.814;2.7592
pl-k00116659;Marokko;DEFENDER;;0.0;4.418;0.0;0.331;0.0
pl-k00116711;Algerien;MIDFIELDER;;0.0;3.705;0.0;-2.846;-0.0
pl-k00116718;DR Kongo;MIDFIELDER;1538.8;0.7423;3.371;2.5024;-4.126;-3.0629
pl-k00116727;Irak;DEFENDER;1476.4;0.9725;3.185;3.0975;-5.568;-5.4151
pl-k00116730;Schweden;MIDFIELDER;1910.6;0.8966;3.796;3.4036;-2.337;-2.0954
pl-k00116735;Bosnien-Herzegowina;MIDFIELDER;1595.9;0.8668;3.738;3.24;-2.61;-2.2623
pl-k00117046;Japan;GOALKEEPER;;0.0;4.848;0.0;1.906;0.0
pl-k00117047;Kap Verde;GOALKEEPER;1832.2;0.9329;3.272;3.0526;-5.876;-5.482
pl-k00117048;USA;DEFENDER;2100.8;1.0;3.74;3.74;-2.316;-2.316
pl-k00117065;Norwegen;MIDFIELDER;;0.0;4.789;0.0;0.91;0.0
pl-k00117066;Norwegen;MIDFIELDER;1812.4;0.7919;4.789;3.7925;0.91;0.7207
pl-k00117247;Haiti;GOALKEEPER;919.1;0.5492;3.218;1.7674;-5.302;-2.9119
pl-k00117251;Haiti;DEFENDER;1673.5;1.0;3.218;3.218;-5.302;-5.302
pl-k00117270;Haiti;FORWARD;;0.0;3.218;0.0;-5.302;-0.0
pl-k00117527;Uruguay;DEFENDER;;0.0;4.672;0.0;1.55;0.0
pl-k00117544;Senegal;DEFENDER;1729.4;0.8279;4.598;3.8067;0.171;0.1416
pl-k00117605;Neuseeland;DEFENDER;1541.3;0.834;3.48;2.9024;-3.434;-2.8641
pl-k00117607;Neuseeland;MIDFIELDER;1479.8;0.8008;3.48;2.7866;-3.434;-2.7498
pl-k00117608;Neuseeland;MIDFIELDER;1740.4;0.9418;3.48;3.2774;-3.434;-3.2341
pl-k00117610;Neuseeland;MIDFIELDER;1241.3;0.6717;3.48;2.3375;-3.434;-2.3066
pl-k00117612;Neuseeland;DEFENDER;1554.9;0.8414;3.48;2.9281;-3.434;-2.8894
pl-k00117615;Neuseeland;DEFENDER;1432.0;0.7749;3.48;2.6966;-3.434;-2.661
pl-k00117616;Neuseeland;FORWARD;1437.3;0.7778;3.48;2.7066;-3.434;-2.6708
pl-k00117619;Katar;GOALKEEPER;1636.3;0.9506;3.194;3.0363;-5.532;-5.2588
pl-k00117627;Katar;MIDFIELDER;1318.1;0.7658;3.194;2.4458;-5.532;-4.2362
pl-k00117630;Katar;DEFENDER;1558.1;0.9052;3.194;2.8912;-5.532;-5.0075
pl-k00117636;Katar;GOALKEEPER;1337.7;0.7771;3.194;2.4822;-5.532;-4.2992
pl-k00117676;Ägypten;DEFENDER;1068.7;0.5116;3.951;2.0215;-1.446;-0.7398
pl-k00117677;Ägypten;MIDFIELDER;1325.5;0.6346;3.951;2.5072;-1.446;-0.9176
pl-k00117727;Saudi-Arabien;DEFENDER;1886.0;0.9398;3.316;3.1164;-5.57;-5.2347
pl-k00117731;Saudi-Arabien;DEFENDER;1943.9;0.9687;3.316;3.2121;-5.57;-5.3954
pl-k00117736;Saudi-Arabien;FORWARD;;0.0;3.316;0.0;-5.57;-0.0
pl-k00117738;Saudi-Arabien;MIDFIELDER;1539.9;0.7673;3.316;2.5445;-5.57;-4.2741
pl-k00117763;Südafrika;FORWARD;1374.5;0.859;3.314;2.8466;-4.325;-3.715
pl-k00117780;Panama;MIDFIELDER;1673.1;0.8972;3.879;3.4802;-2.104;-1.8877
pl-k00117789;Panama;FORWARD;1180.3;0.6329;3.879;2.4552;-2.104;-1.3317
pl-k00117900;Südafrika;GOALKEEPER;1535.2;0.9594;3.314;3.1794;-4.325;-4.1493
pl-k00117968;DR Kongo;FORWARD;1702.9;0.8215;3.371;2.7693;-4.126;-3.3895
pl-k00117979;Algerien;MIDFIELDER;1681.4;0.8311;3.705;3.0791;-2.846;-2.3652
pl-k00118072;Österreich;DEFENDER;1682.2;0.7708;4.129;3.1828;-1.1;-0.8479
pl-k00118242;Paraguay;MIDFIELDER;1904.5;1.0;4.452;4.452;0.178;0.178
pl-k00118244;Tunesien;GOALKEEPER;1235.9;0.6963;3.434;2.391;-3.766;-2.6222
pl-k00118384;USA;FORWARD;1810.7;0.8619;3.74;3.2235;-2.316;-1.9962
pl-k00118385;Kanada;MIDFIELDER;1489.4;0.7332;4.653;3.4115;1.822;1.3359
pl-k00118616;Portugal;MIDFIELDER;;0.0;5.302;0.0;3.99;0.0
pl-k00118634;Norwegen;DEFENDER;;0.0;4.789;0.0;0.91;0.0
pl-k00118662;Tschechien;GOALKEEPER;948.3;0.5041;4.198;2.1164;-0.433;-0.2183
pl-k00118670;Tschechien;DEFENDER;1714.5;0.9115;4.198;3.8264;-0.433;-0.3947
pl-k00118676;Tschechien;MIDFIELDER;1658.7;0.8818;4.198;3.7019;-0.433;-0.3818
pl-k00118737;Schweden;DEFENDER;1952.8;0.9164;3.796;3.4787;-2.337;-2.1417
pl-k00118751;Schottland;FORWARD;1732.2;0.7984;4.12;3.2894;-0.984;-0.7856
pl-k00118755;USA;MIDFIELDER;1646.4;0.7837;3.74;2.931;-2.316;-1.8151
pl-k00118788;Brasilien;FORWARD;2141.1;0.9422;5.351;5.0416;5.126;4.8296
pl-k00119808;Algerien;MIDFIELDER;1823.7;0.9014;3.705;3.3397;-2.846;-2.5654
pl-k00119829;Portugal;DEFENDER;2083.3;0.8884;5.302;4.7105;3.99;3.5449
pl-k00120081;Elfenbeinküste;DEFENDER;1954.4;0.9404;3.89;3.6581;-2.143;-2.0152
pl-k00120099;Tschechien;DEFENDER;1701.0;0.9043;4.198;3.7963;-0.433;-0.3916
pl-k00120125;Tschechien;MIDFIELDER;1401.4;0.745;4.198;3.1276;-0.433;-0.3226
pl-k00121256;DR Kongo;DEFENDER;1356.1;0.6542;3.371;2.2053;-4.126;-2.6992
pl-k00121260;Senegal;DEFENDER;;0.0;4.598;0.0;0.171;0.0
pl-k00121357;Schweden;FORWARD;1798.4;0.844;3.796;3.2037;-2.337;-1.9723
pl-k00121878;Elfenbeinküste;FORWARD;1804.8;0.8684;3.89;3.3781;-2.143;-1.861
pl-k00121912;Tschechien;MIDFIELDER;1690.2;0.8986;4.198;3.7722;-0.433;-0.3891
pl-k00123095;Spanien;MIDFIELDER;1967.0;0.8316;6.547;5.4448;13.21;10.986
pl-k00123112;Südkorea;MIDFIELDER;1108.1;0.5769;4.339;2.5033;0.171;0.0987
pl-k00123303;USA;FORWARD;1843.3;0.8774;3.74;3.2816;-2.316;-2.0321
pl-k00123383;Mexiko;DEFENDER;1703.2;0.8396;4.905;4.118;2.864;2.4045
pl-k00123466;Mexiko;MIDFIELDER;1776.3;0.8756;4.905;4.2947;2.864;2.5077
pl-k00123544;Neuseeland;FORWARD;1408.7;0.7623;3.48;2.6527;-3.434;-2.6177
pl-k00123545;Neuseeland;MIDFIELDER;;0.0;3.48;0.0;-3.434;-0.0
pl-k00123553;Neuseeland;DEFENDER;1385.7;0.7498;3.48;2.6094;-3.434;-2.5749
pl-k00123555;Neuseeland;MIDFIELDER;1657.5;0.8969;3.48;3.1213;-3.434;-3.08
pl-k00123588;Ägypten;MIDFIELDER;;0.0;3.951;0.0;-1.446;-0.0
pl-k00123602;Niederlande;GOALKEEPER;2144.3;0.9476;5.268;4.9921;3.773;3.5754
pl-k00123610;Spanien;MIDFIELDER;2365.2;1.0;6.547;6.547;13.21;13.21
pl-k00123794;Senegal;MIDFIELDER;;0.0;4.598;0.0;0.171;0.0
pl-k00123844;Ecuador;DEFENDER;2109.2;0.9716;5.04;4.8968;4.088;3.9718
pl-k00123857;Ecuador;FORWARD;1517.6;0.6991;5.04;3.5233;4.088;2.8578
pl-k00123858;Ecuador;MIDFIELDER;1730.6;0.7972;5.04;4.0178;4.088;3.2589
pl-k00123893;Haiti;MIDFIELDER;1052.5;0.6289;3.218;2.0239;-5.302;-3.3345
pl-k00123957;Frankreich;FORWARD;2099.2;0.9313;6.141;5.719;7.58;7.0591
pl-k00123960;Südkorea;DEFENDER;587.0;0.3056;4.339;1.3261;0.171;0.0523
pl-k00123962;Südkorea;DEFENDER;587.0;0.3056;4.339;1.3261;0.171;0.0523
pl-k00123977;Südkorea;MIDFIELDER;1658.4;0.8634;4.339;3.7464;0.171;0.1476
pl-k00123994;Belgien;FORWARD;1872.0;0.8494;4.876;4.1419;2.814;2.3903
pl-k00124076;Elfenbeinküste;FORWARD;;0.0;3.89;0.0;-2.143;-0.0
pl-k00124100;Südafrika;MIDFIELDER;;0.0;3.314;0.0;-4.325;-0.0
pl-k00124742;Australien;GOALKEEPER;1361.2;0.7141;4.066;2.9033;-0.993;-0.7091
pl-k00124769;Australien;DEFENDER;1545.8;0.8109;4.066;3.2971;-0.993;-0.8052
pl-k00124790;Australien;GOALKEEPER;1427.4;0.7488;4.066;3.0445;-0.993;-0.7435
pl-k00124795;Australien;DEFENDER;1504.6;0.7893;4.066;3.2092;-0.993;-0.7838
pl-k00124798;Australien;MIDFIELDER;1553.3;0.8148;4.066;3.3131;-0.993;-0.8091
pl-k00124901;Australien;MIDFIELDER;1701.9;0.8928;4.066;3.63;-0.993;-0.8865
pl-k00124927;England;MIDFIELDER;2062.7;0.9278;5.687;5.2764;6.383;5.9222
pl-k00124952;Spanien;GOALKEEPER;2315.5;0.979;6.547;6.4094;13.21;12.9324
pl-k00124965;England;FORWARD;2212.2;0.9951;5.687;5.6589;6.383;6.3514
pl-k00124974;Ghana;FORWARD;2116.9;1.0;3.144;3.144;-6.374;-6.374
pl-k00125047;England;DEFENDER;1975.9;0.8888;5.687;5.0544;6.383;5.673
pl-k00125107;Katar;GOALKEEPER;1721.3;1.0;3.194;3.194;-5.532;-5.532
pl-k00125116;Saudi-Arabien;DEFENDER;1890.7;0.9421;3.316;3.1242;-5.57;-5.2478
pl-k00125119;Saudi-Arabien;MIDFIELDER;1854.9;0.9243;3.316;3.065;-5.57;-5.1484
pl-k00125123;Saudi-Arabien;FORWARD;1411.4;0.7033;3.316;2.3322;-5.57;-3.9174
pl-k00125129;Tunesien;DEFENDER;1181.4;0.6656;3.434;2.2856;-3.766;-2.5066
pl-k00125171;England;MIDFIELDER;;0.0;5.687;0.0;6.383;0.0
pl-k00125181;Frankreich;FORWARD;2195.3;0.9739;6.141;5.9808;7.58;7.3823
pl-k00125266;Kap Verde;DEFENDER;1963.9;1.0;3.272;3.272;-5.876;-5.876
pl-k00125269;Österreich;MIDFIELDER;;0.0;4.129;0.0;-1.1;-0.0
pl-k00125275;Schottland;DEFENDER;1871.7;0.8627;4.12;3.5543;-0.984;-0.8489
pl-k00125311;Schottland;FORWARD;1520.4;0.7008;4.12;2.8872;-0.984;-0.6896
pl-k00125406;Schottland;FORWARD;1626.9;0.7499;4.12;3.0894;-0.984;-0.7379
pl-k00125655;Ghana;GOALKEEPER;1335.5;0.6309;3.144;1.9835;-6.374;-4.0212
pl-k00125842;Kanada;DEFENDER;1921.9;0.9461;4.653;4.4022;1.822;1.7238
pl-k00125872;USA;MIDFIELDER;1860.8;0.8858;3.74;3.3127;-2.316;-2.0514
pl-k00125875;Kanada;DEFENDER;1701.4;0.8376;4.653;3.8971;1.822;1.526
pl-k00125972;Curacao;MIDFIELDER;1354.8;0.7776;3.121;2.427;-6.73;-5.2335
pl-k00126071;Australien;FORWARD;;0.0;4.066;0.0;-0.993;-0.0
pl-k00126161;Japan;MIDFIELDER;;0.0;4.848;0.0;1.906;0.0
pl-k00126190;Marokko;MIDFIELDER;1624.0;0.7404;4.418;3.2712;0.331;0.2451
pl-k00126192;Usbekistan;FORWARD;;0.0;3.684;0.0;-2.905;-0.0
pl-k00126214;Belgien;DEFENDER;1935.1;0.8781;4.876;4.2815;2.814;2.4709
pl-k00126539;Kolumbien;MIDFIELDER;;0.0;5.21;0.0;3.512;0.0
pl-k00126579;Ecuador;DEFENDER;2170.9;1.0;5.04;5.04;4.088;4.088
pl-k00126584;Ecuador;DEFENDER;;0.0;5.04;0.0;4.088;0.0
pl-k00126585;Ecuador;MIDFIELDER;1704.4;0.7851;5.04;3.957;4.088;3.2095
pl-k00126589;Ecuador;MIDFIELDER;;0.0;5.04;0.0;4.088;0.0
pl-k00126598;Kroatien;FORWARD;1626.5;0.7309;4.93;3.6032;2.779;2.0311
pl-k00126697;Ecuador;MIDFIELDER;;0.0;5.04;0.0;4.088;0.0
pl-k00126826;Uruguay;FORWARD;1668.8;0.8059;4.672;3.7652;1.55;1.2492
pl-k00126831;Argentinien;MIDFIELDER;;0.0;5.991;0.0;8.658;0.0
pl-k00126882;Uruguay;MIDFIELDER;1871.4;0.9038;4.672;4.2223;1.55;1.4008
pl-k00126894;Paraguay;DEFENDER;;0.0;4.452;0.0;0.178;0.0
pl-k00128521;Kolumbien;MIDFIELDER;;0.0;5.21;0.0;3.512;0.0
pl-k00128608;Südkorea;GOALKEEPER;1036.0;0.5394;4.339;2.3404;0.171;0.0922
pl-k00128763;Usbekistan;DEFENDER;1403.1;0.6804;3.684;2.5064;-2.905;-1.9764
pl-k00128790;Schweiz;GOALKEEPER;1561.2;0.753;5.181;3.9011;4.737;3.5668
pl-k00128826;Usbekistan;MIDFIELDER;1459.0;0.7075;3.684;2.6063;-2.905;-2.0552
pl-k00128894;Südkorea;MIDFIELDER;;0.0;4.339;0.0;0.171;0.0
pl-k00128987;Portugal;DEFENDER;2344.9;1.0;5.302;5.302;3.99;3.99
pl-k00129004;Südkorea;DEFENDER;1736.4;0.904;4.339;3.9227;0.171;0.1546
pl-k00129073;Kolumbien;FORWARD;1300.5;0.6797;5.21;3.5413;3.512;2.3872
pl-k00129218;Schweiz;MIDFIELDER;1773.6;0.8554;5.181;4.4319;4.737;4.0521
pl-k00129278;Senegal;MIDFIELDER;;0.0;4.598;0.0;0.171;0.0
pl-k00129313;Kap Verde;MIDFIELDER;1460.5;0.7437;3.272;2.4333;-5.876;-4.3698
pl-k00129317;Portugal;DEFENDER;2112.3;0.9008;5.302;4.7761;3.99;3.5942
pl-k00129372;Kolumbien;DEFENDER;;0.0;5.21;0.0;3.512;0.0
pl-k00129414;Belgien;DEFENDER;1806.4;0.8197;4.876;3.9967;2.814;2.3066
pl-k00129425;Schottland;FORWARD;1728.9;0.7969;4.12;3.2831;-0.984;-0.7841
pl-k00129671;Deutschland;DEFENDER;1747.2;0.7969;5.097;4.0616;3.97;3.1635
pl-k00129904;Usbekistan;MIDFIELDER;1199.0;0.5814;3.684;2.1418;-2.905;-1.6889
pl-k00130230;Brasilien;FORWARD;1985.5;0.8737;5.351;4.6752;5.126;4.4786
pl-k00130252;Österreich;MIDFIELDER;1936.1;0.8872;4.129;3.6632;-1.1;-0.9759
pl-k00130288;Mexiko;MIDFIELDER;;0.0;4.905;0.0;2.864;0.0
pl-k00130356;Frankreich;DEFENDER;1884.0;0.8358;6.141;5.1327;7.58;6.3354
pl-k00130453;Schottland;DEFENDER;1578.1;0.7274;4.12;2.9968;-0.984;-0.7157
pl-k00130586;Kroatien;MIDFIELDER;;0.0;4.93;0.0;2.779;0.0
pl-k00130739;Elfenbeinküste;DEFENDER;1739.0;0.8367;3.89;3.2549;-2.143;-1.7931
pl-k00130790;Türkei;MIDFIELDER;2006.8;0.9676;4.976;4.815;2.252;2.1791
pl-k00130792;Senegal;FORWARD;;0.0;4.598;0.0;0.171;0.0
pl-k00130795;Norwegen;MIDFIELDER;1956.5;0.8549;4.789;4.0941;0.91;0.7779
pl-k00131106;Südkorea;FORWARD;1694.5;0.8822;4.339;3.828;0.171;0.1509
pl-k00131344;Türkei;DEFENDER;1740.5;0.8392;4.976;4.1761;2.252;1.89
pl-k00131539;Kroatien;DEFENDER;2225.4;1.0;4.93;4.93;2.779;2.779
pl-k00131547;Tschechien;FORWARD;1618.9;0.8607;4.198;3.613;-0.433;-0.3727
pl-k00131579;Haiti;FORWARD;1240.5;0.7413;3.218;2.3854;-5.302;-3.9302
pl-k00131658;Irak;MIDFIELDER;1285.2;0.8466;3.185;2.6964;-5.568;-4.7138
pl-k00131688;Bosnien-Herzegowina;DEFENDER;1782.1;0.9679;3.738;3.618;-2.61;-2.5262
pl-k00131702;Kroatien;DEFENDER;;0.0;4.93;0.0;2.779;0.0
pl-k00131780;Türkei;FORWARD;2024.5;0.9762;4.976;4.8575;2.252;2.1984
pl-k00131834;Ecuador;GOALKEEPER;1581.8;0.7286;5.04;3.6723;4.088;2.9787
pl-k00131847;Irak;MIDFIELDER;1056.6;0.696;3.185;2.2168;-5.568;-3.8753
pl-k00131854;England;MIDFIELDER;;0.0;5.687;0.0;6.383;0.0
pl-k00131930;Schweiz;MIDFIELDER;1789.1;0.8629;5.181;4.4706;4.737;4.0875
pl-k00131945;Frankreich;DEFENDER;2051.6;0.9102;6.141;5.5893;7.58;6.899
pl-k00132051;Brasilien;MIDFIELDER;1773.6;0.7805;5.351;4.1763;5.126;4.0006
pl-k00132098;Belgien;DEFENDER;1752.9;0.7954;4.876;3.8784;2.814;2.2383
pl-k00132107;Marokko;MIDFIELDER;2005.3;0.9143;4.418;4.0393;0.331;0.3026
pl-k00132159;Ghana;DEFENDER;1412.7;0.6673;3.144;2.0981;-6.374;-4.2536
pl-k00132220;Tschechien;MIDFIELDER;1486.9;0.7905;4.198;3.3185;-0.433;-0.3423
pl-k00132314;Paraguay;FORWARD;1647.6;0.8651;4.452;3.8515;0.178;0.154
pl-k00132423;Paraguay;GOALKEEPER;1403.6;0.737;4.452;3.2811;0.178;0.1312
pl-k00132544;Haiti;GOALKEEPER;899.5;0.5375;3.218;1.7297;-5.302;-2.8498
pl-k00132694;Australien;DEFENDER;1779.1;0.9333;4.066;3.7947;-0.993;-0.9267
pl-k00132741;Elfenbeinküste;FORWARD;1747.4;0.8408;3.89;3.2706;-2.143;-1.8018
pl-k00132788;Schweden;DEFENDER;1860.8;0.8732;3.796;3.3148;-2.337;-2.0408
pl-k00132797;Norwegen;DEFENDER;1272.3;0.5559;4.789;2.6623;0.91;0.5059
pl-k00132802;Tunesien;FORWARD;1556.3;0.8768;3.434;3.0109;-3.766;-3.302
pl-k00132816;Kroatien;MIDFIELDER;1875.8;0.8429;4.93;4.1555;2.779;2.3424
pl-k00133004;Spanien;FORWARD;2013.8;0.8514;6.547;5.5743;13.21;11.2474
pl-k00133116;Uruguay;MIDFIELDER;1814.8;0.8764;4.672;4.0946;1.55;1.3584
pl-k00133182;Ecuador;DEFENDER;;0.0;5.04;0.0;4.088;0.0
pl-k00133238;Portugal;FORWARD;1824.6;0.7781;5.302;4.1256;3.99;3.1047
pl-k00133267;Katar;FORWARD;1105.9;0.6425;3.194;2.0521;-5.532;-3.5542
pl-k00133274;Ghana;MIDFIELDER;1480.8;0.6995;3.144;2.1993;-6.374;-4.4587
pl-k00133304;Mexiko;FORWARD;2028.7;1.0;4.905;4.905;2.864;2.864
pl-k00133309;Ägypten;GOALKEEPER;416.9;0.1996;3.951;0.7886;-1.446;-0.2886
pl-k00133310;Ägypten;DEFENDER;1450.3;0.6943;3.951;2.7433;-1.446;-1.004
pl-k00133311;Ägypten;DEFENDER;1402.8;0.6716;3.951;2.6534;-1.446;-0.9711
pl-k00133370;Curacao;FORWARD;1443.4;0.8285;3.121;2.5857;-6.73;-5.5758
pl-k00133399;Österreich;DEFENDER;1750.0;0.8019;4.129;3.3111;-1.1;-0.8821
pl-k00133422;Senegal;FORWARD;;0.0;4.598;0.0;0.171;0.0
pl-k00133439;Südkorea;DEFENDER;1175.7;0.6121;4.339;2.656;0.171;0.1047
pl-k00133529;Senegal;FORWARD;1421.5;0.6805;4.598;3.1289;0.171;0.1164
pl-k00133547;Belgien;DEFENDER;1967.8;0.8929;4.876;4.3538;2.814;2.5127
pl-k00133569;Japan;GOALKEEPER;1825.8;0.9625;4.848;4.666;1.906;1.8345
pl-k00133609;Österreich;MIDFIELDER;1347.1;0.6173;4.129;2.5488;-1.1;-0.679
pl-k00133745;Südkorea;DEFENDER;587.0;0.3056;4.339;1.3261;0.171;0.0523
pl-k00133783;Norwegen;MIDFIELDER;1867.5;0.816;4.789;3.9078;0.91;0.7426
pl-k00133786;Schweden;DEFENDER;;0.0;3.796;0.0;-2.337;-0.0
pl-k00133862;Australien;MIDFIELDER;1658.6;0.8701;4.066;3.5377;-0.993;-0.864
pl-k00133883;Südkorea;DEFENDER;1469.6;0.7651;4.339;3.3199;0.171;0.1308
pl-k00133933;USA;GOALKEEPER;1757.0;0.8363;3.74;3.1279;-2.316;-1.937
pl-k00133968;Kanada;MIDFIELDER;1633.8;0.8043;4.653;3.7423;1.822;1.4654
pl-k00134174;Bosnien-Herzegowina;MIDFIELDER;1384.1;0.7517;3.738;2.81;-2.61;-1.962
pl-k00134218;Tunesien;MIDFIELDER;1487.9;0.8383;3.434;2.8786;-3.766;-3.1569
pl-k00134234;Elfenbeinküste;FORWARD;1813.4;0.8725;3.89;3.3942;-2.143;-1.8699
pl-k00134321;Paraguay;MIDFIELDER;1686.4;0.8855;4.452;3.9422;0.178;0.1576
pl-k00134333;Paraguay;MIDFIELDER;;0.0;4.452;0.0;0.178;0.0
pl-k00134390;Paraguay;FORWARD;1502.2;0.7888;4.452;3.5116;0.178;0.1404
pl-k00134479;Bosnien-Herzegowina;DEFENDER;;0.0;3.738;0.0;-2.61;-0.0
pl-k00134534;Australien;FORWARD;1501.1;0.7874;4.066;3.2017;-0.993;-0.7819
pl-k00134779;Belgien;DEFENDER;1804.4;0.8188;4.876;3.9923;2.814;2.304
pl-k00135031;Türkei;FORWARD;1047.4;0.505;4.976;2.5131;2.252;1.1373
pl-k00135040;Bosnien-Herzegowina;FORWARD;;0.0;3.738;0.0;-2.61;-0.0
pl-k00135043;Senegal;DEFENDER;;0.0;4.598;0.0;0.171;0.0
pl-k00135245;Kap Verde;FORWARD;1614.8;0.8222;3.272;2.6904;-5.876;-4.8315
pl-k00135290;DR Kongo;GOALKEEPER;1505.0;0.726;3.371;2.4475;-4.126;-2.9956
pl-k00135346;Schweiz;DEFENDER;1636.8;0.7894;5.181;4.09;4.737;3.7395
pl-k00135361;Südkorea;MIDFIELDER;1689.3;0.8795;4.339;3.8163;0.171;0.1504
pl-k00135484;Ghana;DEFENDER;;0.0;3.144;0.0;-6.374;-0.0
pl-k00135506;Ecuador;FORWARD;;0.0;5.04;0.0;4.088;0.0
pl-k00135523;Türkei;DEFENDER;1764.6;0.8509;4.976;4.2339;2.252;1.9161
pl-k00135740;Tunesien;MIDFIELDER;1704.3;0.9602;3.434;3.2972;-3.766;-3.616
pl-k00135744;Türkei;FORWARD;;0.0;4.976;0.0;2.252;0.0
pl-k00135917;Irak;DEFENDER;1505.8;0.9919;3.185;3.1592;-5.568;-5.5229
pl-k00136083;Schweiz;FORWARD;1575.7;0.76;5.181;3.9374;4.737;3.5999
pl-k00136321;Panama;MIDFIELDER;1267.4;0.6796;3.879;2.6363;-2.104;-1.43
pl-k00136322;Panama;FORWARD;1578.5;0.8465;3.879;3.2835;-2.104;-1.781
pl-k00136435;Österreich;DEFENDER;1753.6;0.8036;4.129;3.3179;-1.1;-0.8839
pl-k00136538;Curacao;GOALKEEPER;;0.0;3.121;0.0;-6.73;-0.0
pl-k00136539;Curacao;MIDFIELDER;1263.1;0.725;3.121;2.2627;-6.73;-4.8793
pl-k00136686;Haiti;FORWARD;1381.9;0.8258;3.218;2.6573;-5.302;-4.3781
pl-k00136687;Haiti;DEFENDER;1198.6;0.7162;3.218;2.3048;-5.302;-3.7974
pl-k00136731;Algerien;MIDFIELDER;1635.7;0.8085;3.705;2.9954;-2.846;-2.3009
pl-k00136758;Ägypten;MIDFIELDER;1588.9;0.7607;3.951;3.0054;-1.446;-1.0999
pl-k00136761;Ägypten;MIDFIELDER;1498.4;0.7173;3.951;2.8342;-1.446;-1.0373
pl-k00136773;Neuseeland;GOALKEEPER;1487.4;0.8049;3.48;2.8009;-3.434;-2.7639
pl-k00136788;Australien;MIDFIELDER;1541.8;0.8088;4.066;3.2885;-0.993;-0.8031
pl-k00136888;Niederlande;GOALKEEPER;1936.6;0.8558;5.268;4.5086;3.773;3.2291
pl-k00136965;Südafrika;MIDFIELDER;1468.1;0.9174;3.314;3.0404;-4.325;-3.968
pl-k00136970;Südafrika;FORWARD;1369.2;0.8556;3.314;2.8356;-4.325;-3.7007
pl-k00137012;Saudi-Arabien;MIDFIELDER;1738.0;0.8661;3.316;2.8718;-5.57;-4.8239
pl-k00137164;Haiti;FORWARD;;0.0;3.218;0.0;-5.302;-0.0
pl-k00137173;Tunesien;FORWARD;1615.3;0.91;3.434;3.125;-3.766;-3.4272
pl-k00137174;Kap Verde;FORWARD;1256.8;0.64;3.272;2.0939;-5.876;-3.7604
pl-k00137234;Mexiko;MIDFIELDER;1672.2;0.8243;4.905;4.0431;2.864;2.3607
pl-k00137302;Algerien;MIDFIELDER;1822.1;0.9006;3.705;3.3367;-2.846;-2.5631
pl-k00137337;Algerien;GOALKEEPER;;0.0;3.705;0.0;-2.846;-0.0
pl-k00137656;Türkei;FORWARD;786.0;0.379;4.976;1.8859;2.252;0.8535
pl-k00137667;Türkei;FORWARD;937.9;0.4522;4.976;2.2503;2.252;1.0184
pl-k00137668;Tunesien;MIDFIELDER;1585.5;0.8932;3.434;3.0674;-3.766;-3.3639
pl-k00137741;Ghana;DEFENDER;1610.6;0.7608;3.144;2.392;-6.374;-4.8495
pl-k00137760;Senegal;MIDFIELDER;;0.0;4.598;0.0;0.171;0.0
pl-k00137800;Tunesien;FORWARD;1560.4;0.8791;3.434;3.0188;-3.766;-3.3107
pl-k00138529;Deutschland;MIDFIELDER;2091.7;0.954;5.097;4.8624;3.97;3.7873
pl-k00138530;Österreich;MIDFIELDER;1866.8;0.8554;4.129;3.5321;-1.1;-0.941
pl-k00138680;Curacao;MIDFIELDER;1296.9;0.7444;3.121;2.3233;-6.73;-5.0098
pl-k00138684;Kanada;MIDFIELDER;1735.8;0.8545;4.653;3.9759;1.822;1.5569
pl-k00138719;Argentinien;MIDFIELDER;2004.9;0.9799;5.991;5.8707;8.658;8.4841
pl-k00138744;Spanien;MIDFIELDER;2075.0;0.8773;6.547;5.7437;13.21;11.5892
pl-k00138868;Irak;MIDFIELDER;1336.3;0.8802;3.185;2.8036;-5.568;-4.9012
pl-k00139020;Bosnien-Herzegowina;FORWARD;1343.2;0.7295;3.738;2.727;-2.61;-1.9041
pl-k00139075;Iran;MIDFIELDER;662.0;0.358;4.3;1.5392;-0.05;-0.0179
pl-k00139246;Tunesien;MIDFIELDER;1505.1;0.8479;3.434;2.9118;-3.766;-3.1934
pl-k00139251;Jordanien;DEFENDER;920.0;0.5916;3.484;2.061;-3.906;-2.3106
pl-k00139300;Ghana;MIDFIELDER;1392.2;0.6577;3.144;2.0677;-6.374;-4.1919
pl-k00139302;Algerien;FORWARD;1668.2;0.8245;3.705;3.0549;-2.846;-2.3466
pl-k00139304;Niederlande;DEFENDER;;0.0;5.268;0.0;3.773;0.0
pl-k00139305;Norwegen;MIDFIELDER;1983.8;0.8668;4.789;4.1512;0.91;0.7888
pl-k00139390;Südkorea;FORWARD;1772.4;0.9228;4.339;4.004;0.171;0.1578
pl-k00140663;Marokko;FORWARD;;0.0;4.418;0.0;0.331;0.0
pl-k00140879;Frankreich;FORWARD;2027.6;0.8995;6.141;5.5239;7.58;6.8183
pl-k00140950;Marokko;DEFENDER;1370.8;0.625;4.418;2.7612;0.331;0.2069
pl-k00140953;Elfenbeinküste;FORWARD;1749.9;0.842;3.89;3.2753;-2.143;-1.8044
pl-k00141046;Türkei;MIDFIELDER;;0.0;4.976;0.0;2.252;0.0
pl-k00141102;Senegal;FORWARD;2088.9;1.0;4.598;4.598;0.171;0.171
pl-k00141182;Iran;DEFENDER;1598.2;0.8642;4.3;3.7159;-0.05;-0.0432
pl-k00141184;Iran;DEFENDER;1432.7;0.7747;4.3;3.3311;-0.05;-0.0387
pl-k00141205;Norwegen;GOALKEEPER;1421.6;0.6212;4.789;2.9748;0.91;0.5653
pl-k00141214;Schweden;DEFENDER;1883.9;0.8841;3.796;3.356;-2.337;-2.0661
pl-k00141222;Irak;MIDFIELDER;876.5;0.5774;3.185;1.8389;-5.568;-3.2148
pl-k00141224;Schweden;MIDFIELDER;1559.5;0.7319;3.796;2.7781;-2.337;-1.7103
pl-k00141284;Frankreich;FORWARD;1876.7;0.8326;6.141;5.1128;7.58;6.3109
pl-k00141360;Türkei;FORWARD;877.8;0.4233;4.976;2.1061;2.252;0.9532
pl-k00141367;Belgien;FORWARD;1850.0;0.8395;4.876;4.0932;2.814;2.3622
pl-k00141370;Portugal;MIDFIELDER;2183.0;0.931;5.302;4.9359;3.99;3.7145
pl-k00141474;Mexiko;FORWARD;1838.9;0.9064;4.905;4.4461;2.864;2.5961
pl-k00141476;Mexiko;MIDFIELDER;1908.7;0.9408;4.905;4.6149;2.864;2.6946
pl-k00141489;Usbekistan;FORWARD;1372.1;0.6653;3.684;2.4511;-2.905;-1.9328
pl-k00141559;Marokko;FORWARD;;0.0;4.418;0.0;0.331;0.0
pl-k00141673;Australien;MIDFIELDER;1534.3;0.8049;4.066;3.2726;-0.993;-0.7992
pl-k00143231;Australien;DEFENDER;1720.1;0.9023;4.066;3.6688;-0.993;-0.896
pl-k00143329;Belgien;GOALKEEPER;1801.4;0.8174;4.876;3.9857;2.814;2.3002
pl-k00143335;Irak;MIDFIELDER;1431.2;0.9428;3.185;3.0027;-5.568;-5.2493
pl-k00143407;Schweiz;DEFENDER;1691.1;0.8156;5.181;4.2257;4.737;3.8636
pl-k00143445;Brasilien;DEFENDER;974.6;0.4289;5.351;2.2949;5.126;2.1984
pl-k00143483;England;DEFENDER;1951.5;0.8778;5.687;4.992;6.383;5.6029
pl-k00143488;Spanien;DEFENDER;1884.5;0.7968;6.547;5.2164;13.21;10.5252
pl-k00143512;Schottland;MIDFIELDER;1606.4;0.7404;4.12;3.0505;-0.984;-0.7286
pl-k00143529;Ägypten;DEFENDER;1610.8;0.7712;3.951;3.0469;-1.446;-1.1151
pl-k00143531;Ägypten;DEFENDER;;0.0;3.951;0.0;-1.446;-0.0
pl-k00143532;Ägypten;MIDFIELDER;1435.5;0.6872;3.951;2.7153;-1.446;-0.9937
pl-k00143569;Neuseeland;DEFENDER;1542.3;0.8346;3.48;2.9043;-3.434;-2.8659
pl-k00143575;Marokko;FORWARD;;0.0;4.418;0.0;0.331;0.0
pl-k00143579;Kap Verde;DEFENDER;1488.7;0.758;3.272;2.4803;-5.876;-4.4542
pl-k00143659;Ghana;MIDFIELDER;1578.1;0.7455;3.144;2.3438;-6.374;-4.7517
pl-k00143899;Elfenbeinküste;FORWARD;1409.6;0.6782;3.89;2.6384;-2.143;-1.4535
pl-k00143945;Haiti;MIDFIELDER;1471.6;0.8794;3.218;2.8298;-5.302;-4.6623
pl-k00144041;Brasilien;FORWARD;1706.0;0.7507;5.351;4.0171;5.126;3.8482
pl-k00144238;Saudi-Arabien;MIDFIELDER;1835.5;0.9146;3.316;3.0329;-5.57;-5.0945
pl-k00144265;Australien;GOALKEEPER;1477.9;0.7753;4.066;3.1523;-0.993;-0.7698
pl-k00144394;Japan;DEFENDER;;0.0;4.848;0.0;1.906;0.0
pl-k00144510;Südkorea;DEFENDER;;0.0;4.339;0.0;0.171;0.0
pl-k00144518;Frankreich;FORWARD;2046.1;0.9077;6.141;5.5743;7.58;6.8805
pl-k00144561;USA;DEFENDER;1631.1;0.7764;3.74;2.9038;-2.316;-1.7982
pl-k00144605;Kanada;FORWARD;1659.7;0.817;4.653;3.8016;1.822;1.4886
pl-k00144663;Marokko;MIDFIELDER;1900.8;0.8666;4.418;3.8288;0.331;0.2869
pl-k00144754;Portugal;DEFENDER;1610.6;0.6869;5.302;3.6417;3.99;2.7405
pl-k00144841;Paraguay;MIDFIELDER;;0.0;4.452;0.0;0.178;0.0
pl-k00144871;Argentinien;DEFENDER;1374.1;0.6716;5.991;4.0236;8.658;5.8147
pl-k00145410;Ecuador;DEFENDER;;0.0;5.04;0.0;4.088;0.0
pl-k00145425;Ecuador;MIDFIELDER;1467.2;0.6758;5.04;3.4063;4.088;2.7629
pl-k00145451;Kanada;MIDFIELDER;1362.3;0.6706;4.653;3.1204;1.822;1.2219
pl-k00145456;Mexiko;GOALKEEPER;1435.1;0.7074;4.905;3.4698;2.864;2.026
pl-k00145459;Mexiko;DEFENDER;;0.0;4.905;0.0;2.864;0.0
pl-k00145558;Paraguay;MIDFIELDER;1532.2;0.8045;4.452;3.5817;0.178;0.1432
pl-k00145676;Ghana;FORWARD;1689.6;0.7981;3.144;2.5094;-6.374;-5.0874
pl-k00145875;Kanada;MIDFIELDER;1821.6;0.8967;4.653;4.1724;1.822;1.6338
pl-k00145891;DR Kongo;MIDFIELDER;2072.9;1.0;3.371;3.371;-4.126;-4.126
pl-k00146019;Algerien;DEFENDER;;0.0;3.705;0.0;-2.846;-0.0
pl-k00146045;Marokko;FORWARD;1790.0;0.8161;4.418;3.6056;0.331;0.2701
pl-k00146190;Senegal;DEFENDER;1374.8;0.6581;4.598;3.0262;0.171;0.1125
pl-k00146196;Frankreich;MIDFIELDER;2067.2;0.9171;6.141;5.6318;7.58;6.9515
pl-k00146292;Türkei;FORWARD;1131.8;0.5457;4.976;2.7156;2.252;1.229
pl-k00146999;Schweden;DEFENDER;1593.5;0.7478;3.796;2.8387;-2.337;-1.7476
pl-k00147020;Algerien;DEFENDER;1658.2;0.8196;3.705;3.0366;-2.846;-2.3326
pl-k00147223;Mexiko;MIDFIELDER;1597.8;0.7876;4.905;3.8632;2.864;2.2557
pl-k00147419;Ecuador;FORWARD;;0.0;5.04;0.0;4.088;0.0
pl-k00147623;Curacao;FORWARD;1635.3;0.9386;3.121;2.9295;-6.73;-6.3171
pl-k00147672;Tschechien;DEFENDER;1683.2;0.8948;4.198;3.7566;-0.433;-0.3875
pl-k00147673;Tschechien;DEFENDER;;0.0;4.198;0.0;-0.433;-0.0
pl-k00147699;Tschechien;MIDFIELDER;1544.1;0.8209;4.198;3.4461;-0.433;-0.3554
pl-k00147716;Tschechien;FORWARD;1617.3;0.8598;4.198;3.6095;-0.433;-0.3723
pl-k00147775;Tschechien;DEFENDER;1512.3;0.804;4.198;3.3751;-0.433;-0.3481
pl-k00147820;Elfenbeinküste;DEFENDER;549.0;0.2642;3.89;1.0276;-2.143;-0.5661
pl-k00147890;Tschechien;DEFENDER;1770.8;0.9414;4.198;3.9521;-0.433;-0.4076
pl-k00147896;Algerien;DEFENDER;1586.5;0.7842;3.705;2.9053;-2.846;-2.2317
pl-k00147948;Elfenbeinküste;GOALKEEPER;848.6;0.4083;3.89;1.5883;-2.143;-0.875
pl-k00147960;Haiti;FORWARD;1515.8;0.9058;3.218;2.9148;-5.302;-4.8024
pl-k00148046;DR Kongo;DEFENDER;1438.1;0.6938;3.371;2.3387;-4.126;-2.8625
pl-k00148180;DR Kongo;DEFENDER;1500.1;0.7237;3.371;2.4395;-4.126;-2.9859
pl-k00148187;Algerien;MIDFIELDER;1786.5;0.883;3.705;3.2715;-2.846;-2.513
pl-k00148383;Kap Verde;DEFENDER;;0.0;3.272;0.0;-5.876;-0.0
pl-k00148545;Algerien;FORWARD;1593.0;0.7874;3.705;2.9172;-2.846;-2.2408
pl-k00148588;Norwegen;MIDFIELDER;1618.7;0.7073;4.789;3.3872;0.91;0.6436
pl-k00148743;DR Kongo;GOALKEEPER;1452.5;0.7007;3.371;2.3621;-4.126;-2.8911
pl-k00148899;Curacao;DEFENDER;1421.6;0.816;3.121;2.5467;-6.73;-5.4915
pl-k00149092;Elfenbeinküste;GOALKEEPER;;0.0;3.89;0.0;-2.143;-0.0
pl-k00149093;Algerien;MIDFIELDER;1638.6;0.8099;3.705;3.0007;-2.846;-2.305
pl-k00149102;Frankreich;GOALKEEPER;1703.0;0.7555;6.141;4.6396;7.58;5.7268
pl-k00149128;Kap Verde;MIDFIELDER;1710.6;0.871;3.272;2.85;-5.876;-5.1181
pl-k00149146;Algerien;MIDFIELDER;1780.6;0.8801;3.705;3.2607;-2.846;-2.5047
pl-k00149335;Niederlande;MIDFIELDER;2071.7;0.9155;5.268;4.8231;3.773;3.4544
pl-k00149496;Kap Verde;FORWARD;1347.2;0.686;3.272;2.2445;-5.876;-4.0308
pl-k00149648;Jordanien;MIDFIELDER;;0.0;3.484;0.0;-3.906;-0.0
pl-k00149895;Algerien;DEFENDER;1540.6;0.7615;3.705;2.8212;-2.846;-2.1671
pl-k00150098;Elfenbeinküste;DEFENDER;1883.8;0.9064;3.89;3.526;-2.143;-1.9424
pl-k00150138;Bosnien-Herzegowina;MIDFIELDER;1582.5;0.8595;3.738;3.2128;-2.61;-2.2433
pl-k00150653;Norwegen;MIDFIELDER;1492.1;0.652;4.789;3.1223;0.91;0.5933
pl-k00150687;Schweden;DEFENDER;1927.2;0.9044;3.796;3.4331;-2.337;-2.1136
pl-k00150715;Brasilien;FORWARD;1171.5;0.5155;5.351;2.7585;5.126;2.6425
pl-k00150818;Ghana;FORWARD;;0.0;3.144;0.0;-6.374;-0.0
pl-k00150839;Schweden;GOALKEEPER;1693.5;0.7947;3.796;3.0168;-2.337;-1.8573
pl-k00151785;Saudi-Arabien;DEFENDER;1908.2;0.9509;3.316;3.1531;-5.57;-5.2963
pl-k00151824;Ecuador;GOALKEEPER;1426.7;0.6572;5.04;3.3123;4.088;2.6866
pl-k00151835;Marokko;DEFENDER;1521.6;0.6937;4.418;3.065;0.331;0.2296
pl-k00151939;England;MIDFIELDER;2015.5;0.9066;5.687;5.1557;6.383;5.7867
pl-k00151949;Bosnien-Herzegowina;MIDFIELDER;1524.8;0.8282;3.738;3.0956;-2.61;-2.1615
pl-k00151950;Kanada;GOALKEEPER;1547.3;0.7617;4.653;3.5442;1.822;1.3878
pl-k00151955;Schweden;MIDFIELDER;;0.0;3.796;0.0;-2.337;-0.0
pl-k00151994;Saudi-Arabien;GOALKEEPER;1888.1;0.9409;3.316;3.1199;-5.57;-5.2405
pl-k00151999;Katar;MIDFIELDER;1466.8;0.8521;3.194;2.7218;-5.532;-4.7141
pl-k00152040;Argentinien;MIDFIELDER;;0.0;5.991;0.0;8.658;0.0
pl-k00152043;England;DEFENDER;;0.0;5.687;0.0;6.383;0.0
pl-k00152134;Argentinien;FORWARD;1106.7;0.5409;5.991;3.2406;8.658;4.6832
pl-k00152144;Niederlande;DEFENDER;1977.5;0.8739;5.268;4.6038;3.773;3.2973
pl-k00152225;Schweden;MIDFIELDER;1417.5;0.6652;3.796;2.5251;-2.337;-1.5546
pl-k00152229;Saudi-Arabien;DEFENDER;1720.9;0.8575;3.316;2.8436;-5.57;-4.7765
pl-k00152337;Ecuador;FORWARD;1680.7;0.7742;5.04;3.9019;4.088;3.1649
pl-k00152382;Norwegen;GOALKEEPER;1590.7;0.6951;4.789;3.3286;0.91;0.6325
pl-k00152578;Haiti;MIDFIELDER;1062.1;0.6347;3.218;2.0423;-5.302;-3.365
pl-k00152897;DR Kongo;MIDFIELDER;1799.4;0.8681;3.371;2.9262;-4.126;-3.5816
pl-k00153055;Elfenbeinküste;MIDFIELDER;1497.8;0.7207;3.89;2.8035;-2.143;-1.5444
pl-k00153445;Kolumbien;FORWARD;;0.0;5.21;0.0;3.512;0.0
pl-k00153481;Kolumbien;MIDFIELDER;1669.4;0.8725;5.21;4.5458;3.512;3.0643
pl-k00153492;Schweden;MIDFIELDER;1789.9;0.84;3.796;3.1885;-2.337;-1.963
pl-k00153529;Ghana;DEFENDER;1471.4;0.6951;3.144;2.1853;-6.374;-4.4304
pl-k00153553;Ägypten;MIDFIELDER;1521.2;0.7283;3.951;2.8774;-1.446;-1.0531
pl-k00153662;Japan;MIDFIELDER;;0.0;4.848;0.0;1.906;0.0
pl-k00153748;Curacao;MIDFIELDER;1510.2;0.8668;3.121;2.7054;-6.73;-5.8338
pl-k00153779;Schweiz;MIDFIELDER;1732.9;0.8358;5.181;4.3302;4.737;3.9591
pl-k00154062;Belgien;FORWARD;1783.7;0.8094;4.876;3.9465;2.814;2.2776
pl-k00154134;USA;DEFENDER;1543.8;0.7349;3.74;2.7484;-2.316;-1.7019
pl-k00154187;Kanada;DEFENDER;;0.0;4.653;0.0;1.822;0.0
pl-k00154861;Mexiko;MIDFIELDER;1993.7;0.9827;4.905;4.8204;2.864;2.8146
pl-k00155533;Senegal;MIDFIELDER;;0.0;4.598;0.0;0.171;0.0
pl-k00155566;Ghana;GOALKEEPER;1114.2;0.5263;3.144;1.6548;-6.374;-3.3549
pl-k00155772;Spanien;FORWARD;2253.5;0.9528;6.547;6.2378;13.21;12.5861
pl-k00155823;Kroatien;DEFENDER;1702.6;0.7651;4.93;3.7718;2.779;2.1261
pl-k00155858;Ecuador;DEFENDER;;0.0;5.04;0.0;4.088;0.0
pl-k00155860;Ecuador;MIDFIELDER;1613.0;0.743;5.04;3.7448;4.088;3.0374
pl-k00155868;Kroatien;MIDFIELDER;;0.0;4.93;0.0;2.779;0.0
pl-k00156015;Deutschland;MIDFIELDER;1857.2;0.847;5.097;4.3173;3.97;3.3627
pl-k00156130;Brasilien;FORWARD;1853.5;0.8156;5.351;4.3644;5.126;4.1809
pl-k00156476;Panama;DEFENDER;1841.9;0.9877;3.879;3.8314;-2.104;-2.0782
pl-k00156642;Ecuador;GOALKEEPER;1534.9;0.707;5.04;3.5635;4.088;2.8904
pl-k00156656;Ecuador;MIDFIELDER;;0.0;5.04;0.0;4.088;0.0
pl-k00156668;Usbekistan;DEFENDER;2062.3;1.0;3.684;3.684;-2.905;-2.905
pl-k00156671;Usbekistan;DEFENDER;1214.2;0.5888;3.684;2.169;-2.905;-1.7103
pl-k00156678;Usbekistan;MIDFIELDER;;0.0;3.684;0.0;-2.905;-0.0
pl-k00156680;Usbekistan;MIDFIELDER;1184.1;0.5742;3.684;2.1152;-2.905;-1.6679
pl-k00156687;Usbekistan;FORWARD;;0.0;3.684;0.0;-2.905;-0.0
pl-k00156869;Südkorea;MIDFIELDER;1531.7;0.7975;4.339;3.4602;0.171;0.1364
pl-k00157020;Spanien;DEFENDER;2213.8;0.936;6.547;6.1279;13.21;12.3644
pl-k00157077;Irak;MIDFIELDER;779.7;0.5136;3.185;1.6358;-5.568;-2.8597
pl-k00157528;Norwegen;DEFENDER;1815.9;0.7935;4.789;3.7999;0.91;0.722
pl-k00157538;Kanada;DEFENDER;1520.3;0.7484;4.653;3.4823;1.822;1.3636
pl-k00157541;Kroatien;MIDFIELDER;1613.4;0.725;4.93;3.5742;2.779;2.0148
pl-k00157754;Belgien;DEFENDER;1859.1;0.8436;4.876;4.1133;2.814;2.3739
pl-k00157847;Kolumbien;MIDFIELDER;1648.6;0.8617;5.21;4.4892;3.512;3.0261
pl-k00157873;Irak;MIDFIELDER;;0.0;3.185;0.0;-5.568;-0.0
pl-k00158117;Panama;FORWARD;1533.1;0.8221;3.879;3.189;-2.104;-1.7298
pl-k00158118;Panama;GOALKEEPER;;0.0;3.879;0.0;-2.104;-0.0
pl-k00158296;Senegal;FORWARD;1714.3;0.8207;4.598;3.7734;0.171;0.1403
pl-k00158506;Bosnien-Herzegowina;MIDFIELDER;1506.9;0.8184;3.738;3.0593;-2.61;-2.1361
pl-k00158727;Australien;DEFENDER;1751.3;0.9187;4.066;3.7354;-0.993;-0.9123
pl-k00158935;Marokko;MIDFIELDER;1967.0;0.8968;4.418;3.9622;0.331;0.2968
pl-k00159168;Österreich;GOALKEEPER;1454.4;0.6665;4.129;2.7518;-1.1;-0.7331
pl-k00159278;Kap Verde;DEFENDER;1776.1;0.9044;3.272;2.9591;-5.876;-5.3141
pl-k00159373;Algerien;DEFENDER;1581.2;0.7815;3.705;2.8956;-2.846;-2.2242
pl-k00159375;Marokko;DEFENDER;1832.2;0.8354;4.418;3.6906;0.331;0.2765
pl-k00159415;Ghana;FORWARD;;0.0;3.144;0.0;-6.374;-0.0
pl-k00159775;Usbekistan;FORWARD;1164.5;0.5647;3.684;2.0802;-2.905;-1.6403
pl-k00159810;Kanada;DEFENDER;1282.2;0.6312;4.653;2.9369;1.822;1.15
pl-k00159983;Kap Verde;FORWARD;714.7;0.3639;3.272;1.1907;-5.876;-2.1384
pl-k00160199;Ecuador;FORWARD;1279.4;0.5893;5.04;2.9703;4.088;2.4092
pl-k00160498;Bosnien-Herzegowina;MIDFIELDER;1262.3;0.6856;3.738;2.5627;-2.61;-1.7894
pl-k00160664;Algerien;FORWARD;1654.8;0.8179;3.705;3.0304;-2.846;-2.3278
pl-k00161073;Südafrika;DEFENDER;1450.9;0.9067;3.314;3.0048;-4.325;-3.9215
pl-k00161351;Senegal;DEFENDER;1529.9;0.7324;4.598;3.3676;0.171;0.1252
pl-k00161633;Marokko;MIDFIELDER;1751.3;0.7985;4.418;3.5277;0.331;0.2643
pl-k00161642;Türkei;DEFENDER;1701.6;0.8205;4.976;4.0827;2.252;1.8477
pl-k00162106;Neuseeland;MIDFIELDER;1454.9;0.7873;3.48;2.7397;-3.434;-2.7035
pl-k00162640;Usbekistan;DEFENDER;1198.8;0.5813;3.684;2.1415;-2.905;-1.6887
pl-k00162760;Iran;MIDFIELDER;1135.3;0.6139;4.3;2.6397;-0.05;-0.0307
pl-k00162762;Iran;FORWARD;1157.8;0.626;4.3;2.692;-0.05;-0.0313
pl-k00162785;Uruguay;FORWARD;1589.1;0.7674;4.672;3.5854;1.55;1.1895
pl-k00162898;Bosnien-Herzegowina;MIDFIELDER;1481.2;0.8045;3.738;3.0071;-2.61;-2.0997
pl-k00162977;DR Kongo;FORWARD;1425.7;0.6878;3.371;2.3185;-4.126;-2.8378
pl-k00163051;Südafrika;GOALKEEPER;1168.2;0.73;3.314;2.4193;-4.325;-3.1574
pl-k00163067;Südafrika;DEFENDER;1486.4;0.9289;3.314;3.0783;-4.325;-4.0174
pl-k00163078;Südafrika;DEFENDER;1500.9;0.9379;3.314;3.1084;-4.325;-4.0566
pl-k00163084;Südafrika;MIDFIELDER;1490.4;0.9314;3.314;3.0866;-4.325;-4.0282
pl-k00163113;Irak;GOALKEEPER;1048.1;0.6904;3.185;2.1989;-5.568;-3.8442
pl-k00163114;Irak;DEFENDER;;0.0;3.185;0.0;-5.568;-0.0
pl-k00163117;Algerien;GOALKEEPER;;0.0;3.705;0.0;-2.846;-0.0
pl-k00163118;Algerien;DEFENDER;1525.9;0.7542;3.705;2.7943;-2.846;-2.1465
pl-k00163127;Irak;MIDFIELDER;1394.5;0.9186;3.185;2.9257;-5.568;-5.1147
pl-k00163129;Irak;MIDFIELDER;1436.4;0.9462;3.185;3.0136;-5.568;-5.2683
pl-k00163131;Irak;MIDFIELDER;913.6;0.6018;3.185;1.9167;-5.568;-3.3508
pl-k00163134;Irak;FORWARD;1336.6;0.8804;3.185;2.8042;-5.568;-4.9023
pl-k00163135;Irak;FORWARD;1390.5;0.9159;3.185;2.9173;-5.568;-5.1
pl-k00163193;Südafrika;FORWARD;;0.0;3.314;0.0;-4.325;-0.0
pl-k00163292;Jordanien;DEFENDER;763.8;0.4911;3.484;1.7111;-3.906;-1.9183
pl-k00163293;Jordanien;DEFENDER;;0.0;3.484;0.0;-3.906;-0.0
pl-k00163294;Jordanien;MIDFIELDER;1413.9;0.9091;3.484;3.1675;-3.906;-3.5511
pl-k00163295;Jordanien;MIDFIELDER;1412.1;0.908;3.484;3.1634;-3.906;-3.5466
pl-k00163296;Jordanien;GOALKEEPER;664.0;0.427;3.484;1.4875;-3.906;-1.6677
pl-k00163300;Jordanien;FORWARD;1522.8;0.9792;3.484;3.4114;-3.906;-3.8246
pl-k00163301;Jordanien;MIDFIELDER;1552.7;0.9984;3.484;3.4784;-3.906;-3.8997
pl-k00163310;Jordanien;MIDFIELDER;1139.4;0.7326;3.484;2.5525;-3.906;-2.8617
pl-k00163312;Jordanien;GOALKEEPER;;0.0;3.484;0.0;-3.906;-0.0
pl-k00163313;Jordanien;FORWARD;1374.1;0.8836;3.484;3.0783;-3.906;-3.4512
pl-k00163335;Usbekistan;DEFENDER;1205.9;0.5847;3.684;2.1542;-2.905;-1.6987
pl-k00163337;Usbekistan;GOALKEEPER;;0.0;3.684;0.0;-2.905;-0.0
pl-k00163340;Usbekistan;DEFENDER;;0.0;3.684;0.0;-2.905;-0.0
pl-k00163342;Usbekistan;GOALKEEPER;;0.0;3.684;0.0;-2.905;-0.0
pl-k00163343;Usbekistan;DEFENDER;1407.8;0.6826;3.684;2.5148;-2.905;-1.9831
pl-k00163344;Usbekistan;DEFENDER;1518.2;0.7362;3.684;2.712;-2.905;-2.1386
pl-k00163345;Usbekistan;MIDFIELDER;;0.0;3.684;0.0;-2.905;-0.0
pl-k00164025;Mexiko;FORWARD;;0.0;4.905;0.0;2.864;0.0
pl-k00164068;Marokko;MIDFIELDER;1686.0;0.7687;4.418;3.3961;0.331;0.2544
pl-k00164170;Katar;MIDFIELDER;1623.2;0.943;3.194;3.012;-5.532;-5.2167
pl-k00164204;Ägypten;DEFENDER;927.8;0.4442;3.951;1.7549;-1.446;-0.6423
pl-k00164206;Jordanien;GOALKEEPER;909.5;0.5848;3.484;2.0375;-3.906;-2.2843
pl-k00164207;Jordanien;DEFENDER;885.2;0.5692;3.484;1.983;-3.906;-2.2232
pl-k00164208;Jordanien;MIDFIELDER;;0.0;3.484;0.0;-3.906;-0.0
pl-k00164234;Irak;DEFENDER;1394.9;0.9188;3.185;2.9265;-5.568;-5.1161
pl-k00164244;Algerien;DEFENDER;1202.4;0.5943;3.705;2.2019;-2.846;-1.6914
pl-k00164280;Iran;MIDFIELDER;1038.8;0.5617;4.3;2.4153;-0.05;-0.0281
pl-k00164281;Saudi-Arabien;GOALKEEPER;1286.6;0.6411;3.316;2.126;-5.57;-3.571
pl-k00164282;Iran;MIDFIELDER;799.5;0.4323;4.3;1.8589;-0.05;-0.0216
pl-k00164297;Irak;DEFENDER;;0.0;3.185;0.0;-5.568;-0.0
pl-k00164331;Irak;DEFENDER;;0.0;3.185;0.0;-5.568;-0.0
pl-k00164341;Usbekistan;FORWARD;1332.3;0.646;3.684;2.38;-2.905;-1.8767
pl-k00164366;Algerien;FORWARD;1585.4;0.7836;3.705;2.9033;-2.846;-2.2302
pl-k00164398;Senegal;DEFENDER;;0.0;4.598;0.0;0.171;0.0
pl-k00164434;Schweden;MIDFIELDER;1128.2;0.5294;3.796;2.0098;-2.337;-1.2373
pl-k00164504;Marokko;FORWARD;1629.4;0.7429;4.418;3.2821;0.331;0.2459
pl-k00165013;Algerien;FORWARD;1787.0;0.8833;3.705;3.2725;-2.846;-2.5137
pl-k00165535;Japan;FORWARD;1284.8;0.6773;4.848;3.2835;1.906;1.2909
pl-k00165936;Irak;MIDFIELDER;1215.3;0.8005;3.185;2.5497;-5.568;-4.4574
pl-k00165980;Iran;MIDFIELDER;1483.2;0.802;4.3;3.4486;-0.05;-0.0401
pl-k00166081;Algerien;DEFENDER;;0.0;3.705;0.0;-2.846;-0.0
pl-k00166588;Kolumbien;MIDFIELDER;1521.1;0.795;5.21;4.142;3.512;2.7921
pl-k00166769;Panama;DEFENDER;1385.4;0.7429;3.879;2.8818;-2.104;-1.5631
pl-k00166848;Paraguay;FORWARD;1597.9;0.839;4.452;3.7353;0.178;0.1493
pl-k00167079;Norwegen;DEFENDER;;0.0;4.789;0.0;0.91;0.0
pl-k00167795;Haiti;DEFENDER;1308.8;0.7821;3.218;2.5167;-5.302;-4.1466
pl-k00168538;Mexiko;GOALKEEPER;1815.5;0.8949;4.905;4.3895;2.864;2.563
pl-k00168586;Panama;DEFENDER;1434.6;0.7693;3.879;2.9841;-2.104;-1.6186
pl-k00168599;Paraguay;DEFENDER;1656.9;0.87;4.452;3.8732;0.178;0.1549
pl-k00168931;Irak;GOALKEEPER;;0.0;3.185;0.0;-5.568;-0.0
pl-k00168935;Irak;DEFENDER;;0.0;3.185;0.0;-5.568;-0.0
pl-k00169048;Tschechien;FORWARD;1158.5;0.6159;4.198;2.5855;-0.433;-0.2667
pl-k00169114;Ägypten;MIDFIELDER;1060.5;0.5077;3.951;2.006;-1.446;-0.7341
pl-k00169120;Paraguay;MIDFIELDER;1337.7;0.7024;4.452;3.127;0.178;0.125
pl-k00169163;Neuseeland;DEFENDER;1537.9;0.8322;3.48;2.896;-3.434;-2.8578
pl-k00169646;Ghana;MIDFIELDER;1573.0;0.7431;3.144;2.3362;-6.374;-4.7363
pl-k00169695;Algerien;FORWARD;;0.0;3.705;0.0;-2.846;-0.0
pl-k00169738;Tschechien;MIDFIELDER;1219.6;0.6484;4.198;2.7219;-0.433;-0.2807
pl-k00170043;Algerien;MIDFIELDER;1496.8;0.7398;3.705;2.741;-2.846;-2.1055
pl-k00170138;Kanada;FORWARD;;0.0;4.653;0.0;1.822;0.0
pl-k00171059;Norwegen;DEFENDER;1787.8;0.7812;4.789;3.7411;0.91;0.7109
pl-k00171525;Senegal;FORWARD;;0.0;4.598;0.0;0.171;0.0
pl-k00172013;DR Kongo;MIDFIELDER;1385.7;0.6685;3.371;2.2535;-4.126;-2.7582
pl-k00172054;Türkei;FORWARD;797.8;0.3847;4.976;1.9142;2.252;0.8663
pl-k00172178;Elfenbeinküste;MIDFIELDER;1606.5;0.773;3.89;3.0069;-2.143;-1.6565
pl-k00172237;Ghana;FORWARD;1375.1;0.6496;3.144;2.0423;-6.374;-4.1404
pl-k00172933;Schottland;MIDFIELDER;1503.0;0.6928;4.12;2.8541;-0.984;-0.6817
pl-k00173156;Neuseeland;DEFENDER;1615.2;0.874;3.48;3.0416;-3.434;-3.0014
pl-k00173161;Australien;DEFENDER;1474.0;0.7732;4.066;3.1439;-0.993;-0.7678
pl-k00173746;Bosnien-Herzegowina;DEFENDER;1523.2;0.8273;3.738;3.0924;-2.61;-2.1592
pl-k00174370;Spanien;FORWARD;1773.5;0.7498;6.547;4.9091;13.21;9.9053
pl-k00174671;Japan;FORWARD;1670.7;0.8807;4.848;4.2697;1.906;1.6786
pl-k00174699;Mexiko;MIDFIELDER;1538.1;0.7582;4.905;3.7188;2.864;2.1714
pl-k00174794;Elfenbeinküste;FORWARD;;0.0;3.89;0.0;-2.143;-0.0
pl-k00176299;Elfenbeinküste;FORWARD;;0.0;3.89;0.0;-2.143;-0.0
pl-k00176341;Ecuador;MIDFIELDER;;0.0;5.04;0.0;4.088;0.0
pl-k00176354;Norwegen;DEFENDER;1721.5;0.7522;4.789;3.6023;0.91;0.6845
pl-k00176368;Südafrika;DEFENDER;1434.9;0.8967;3.314;2.9717;-4.325;-3.8782
pl-k00176529;Ägypten;FORWARD;1131.6;0.5417;3.951;2.1404;-1.446;-0.7834
pl-k00177011;Saudi-Arabien;DEFENDER;1836.6;0.9152;3.316;3.0348;-5.57;-5.0976
pl-k00177016;Südafrika;FORWARD;1407.7;0.8797;3.314;2.9153;-4.325;-3.8047
pl-k00177713;Tschechien;MIDFIELDER;1380.6;0.734;4.198;3.0812;-0.433;-0.3178
pl-k00177919;Mexiko;DEFENDER;;0.0;4.905;0.0;2.864;0.0
pl-k00177949;Haiti;DEFENDER;1260.9;0.7535;3.218;2.4246;-5.302;-3.9948
pl-k00177969;Saudi-Arabien;DEFENDER;1845.9;0.9198;3.316;3.0501;-5.57;-5.1234
pl-k00177972;Saudi-Arabien;MIDFIELDER;1851.3;0.9225;3.316;3.0591;-5.57;-5.1384
pl-k00177974;Saudi-Arabien;FORWARD;1307.6;0.6516;3.316;2.1607;-5.57;-3.6293
pl-k00177978;Saudi-Arabien;DEFENDER;2006.8;1.0;3.316;3.316;-5.57;-5.57
pl-k00177981;Panama;DEFENDER;1328.6;0.7125;3.879;2.7636;-2.104;-1.499
pl-k00178067;Tunesien;FORWARD;1430.1;0.8057;3.434;2.7667;-3.766;-3.0342
pl-k00178191;Südafrika;DEFENDER;1460.3;0.9126;3.314;3.0243;-4.325;-3.9469
pl-k00179915;Jordanien;FORWARD;747.6;0.4807;3.484;1.6748;-3.906;-1.8777
pl-k00180202;Ghana;DEFENDER;1590.1;0.7511;3.144;2.3616;-6.374;-4.7878
pl-k00180334;Tunesien;FORWARD;923.8;0.5205;3.434;1.7872;-3.766;-1.96
pl-k00181348;Tunesien;DEFENDER;1128.7;0.6359;3.434;2.1836;-3.766;-2.3948
pl-k00181848;Australien;MIDFIELDER;1340.5;0.7032;4.066;2.8592;-0.993;-0.6983
pl-k00182019;Paraguay;DEFENDER;877.7;0.4609;4.452;2.0517;0.178;0.082
pl-k00182504;Saudi-Arabien;MIDFIELDER;1714.2;0.8542;3.316;2.8325;-5.57;-4.7579
pl-k00182644;Saudi-Arabien;MIDFIELDER;1936.7;0.9651;3.316;3.2002;-5.57;-5.3754
pl-k00182788;Saudi-Arabien;DEFENDER;1936.7;0.9651;3.316;3.2002;-5.57;-5.3754
pl-k00182789;Saudi-Arabien;DEFENDER;1529.4;0.7621;3.316;2.5272;-5.57;-4.2449
pl-k00182969;Paraguay;MIDFIELDER;;0.0;4.452;0.0;0.178;0.0
pl-k00183117;Jordanien;GOALKEEPER;;0.0;3.484;0.0;-3.906;-0.0
pl-k00183122;Jordanien;DEFENDER;1276.3;0.8207;3.484;2.8592;-3.906;-3.2055
pl-k00183124;Jordanien;DEFENDER;1346.7;0.8659;3.484;3.0169;-3.906;-3.3823
pl-k00183130;Jordanien;MIDFIELDER;1023.7;0.6582;3.484;2.2933;-3.906;-2.5711
pl-k00183135;Jordanien;MIDFIELDER;;0.0;3.484;0.0;-3.906;-0.0
pl-k00183139;Jordanien;FORWARD;883.2;0.5679;3.484;1.9786;-3.906;-2.2182
pl-k00183142;Jordanien;FORWARD;1079.1;0.6939;3.484;2.4174;-3.906;-2.7102
pl-k00183298;Usbekistan;MIDFIELDER;1329.7;0.6448;3.684;2.3753;-2.905;-1.873
pl-k00183340;Iran;GOALKEEPER;941.6;0.5091;4.3;2.1893;-0.05;-0.0255
pl-k00183346;Iran;DEFENDER;;0.0;4.3;0.0;-0.05;-0.0
pl-k00183403;Kap Verde;DEFENDER;;0.0;3.272;0.0;-5.876;-0.0
pl-k00183407;Kap Verde;MIDFIELDER;951.7;0.4846;3.272;1.5856;-5.876;-2.8475
pl-k00183839;Saudi-Arabien;MIDFIELDER;1480.6;0.7378;3.316;2.4465;-5.57;-4.1095
pl-k00184849;Katar;GOALKEEPER;1501.8;0.8725;3.194;2.7867;-5.532;-4.8266
pl-k00184850;Katar;DEFENDER;1464.0;0.8505;3.194;2.7166;-5.532;-4.7051
pl-k00184851;Katar;FORWARD;1197.4;0.6956;3.194;2.2219;-5.532;-3.8483
pl-k00184852;Katar;MIDFIELDER;;0.0;3.194;0.0;-5.532;-0.0
pl-k00185081;Algerien;GOALKEEPER;;0.0;3.705;0.0;-2.846;-0.0
pl-k00185671;Ghana;GOALKEEPER;888.6;0.4198;3.144;1.3197;-6.374;-2.6756
pl-k00185831;Haiti;DEFENDER;1191.6;0.712;3.218;2.2913;-5.302;-3.7752
pl-k00186204;Jordanien;DEFENDER;;0.0;3.484;0.0;-3.906;-0.0
pl-k00186303;Iran;FORWARD;910.4;0.4923;4.3;2.1168;-0.05;-0.0246
pl-k00186316;Katar;DEFENDER;1247.8;0.7249;3.194;2.3154;-5.532;-4.0102
pl-k00186356;Mexiko;FORWARD;;0.0;4.905;0.0;2.864;0.0
pl-k00186383;Marokko;DEFENDER;1492.5;0.6805;4.418;3.0064;0.331;0.2252
pl-k00186771;Südafrika;GOALKEEPER;1498.6;0.9365;3.314;3.1036;-4.325;-4.0504
pl-k00186772;Südafrika;DEFENDER;1107.2;0.6919;3.314;2.293;-4.325;-2.9925
pl-k00186773;Südafrika;DEFENDER;1600.2;1.0;3.314;3.314;-4.325;-4.325
pl-k00186804;Südafrika;DEFENDER;;0.0;3.314;0.0;-4.325;-0.0
pl-k00186805;Südafrika;MIDFIELDER;;0.0;3.314;0.0;-4.325;-0.0
pl-k00186806;Südafrika;FORWARD;1451.5;0.9071;3.314;3.006;-4.325;-3.9231
pl-k00186807;Südafrika;FORWARD;;0.0;3.314;0.0;-4.325;-0.0
pl-k00187286;Algerien;FORWARD;1551.7;0.767;3.705;2.8416;-2.846;-2.1827
pl-k00187495;Algerien;FORWARD;1339.1;0.6619;3.705;2.4522;-2.846;-1.8837
pl-k00187691;Senegal;MIDFIELDER;1774.4;0.8494;4.598;3.9057;0.171;0.1453
pl-k00192544;Ecuador;FORWARD;1308.3;0.6027;5.04;3.0374;4.088;2.4636
pl-k00193378;Tunesien;GOALKEEPER;;0.0;3.434;0.0;-3.766;-0.0
pl-k00194142;Schweden;DEFENDER;;0.0;3.796;0.0;-2.337;-0.0
pl-k00194337;Südafrika;DEFENDER;1349.4;0.8433;3.314;2.7946;-4.325;-3.6471
pl-k00194341;Katar;DEFENDER;1151.7;0.6691;3.194;2.1371;-5.532;-3.7014
pl-k00194733;Haiti;MIDFIELDER;;0.0;3.218;0.0;-5.302;-0.0
pl-k00195271;Irak;DEFENDER;;0.0;3.185;0.0;-5.568;-0.0
pl-k00195272;Irak;DEFENDER;;0.0;3.185;0.0;-5.568;-0.0
pl-k00195273;Irak;MIDFIELDER;1374.9;0.9057;3.185;2.8846;-5.568;-5.0428
pl-k00195274;Irak;FORWARD;1080.0;0.7114;3.185;2.2659;-5.568;-3.9612
pl-k00195395;Jordanien;MIDFIELDER;1413.9;0.9091;3.484;3.1675;-3.906;-3.5511
pl-k00195396;Jordanien;MIDFIELDER;763.8;0.4911;3.484;1.7111;-3.906;-1.9183
pl-k00195444;Tunesien;GOALKEEPER;;0.0;3.434;0.0;-3.766;-0.0
pl-k00195446;Tunesien;DEFENDER;;0.0;3.434;0.0;-3.766;-0.0
pl-k00195447;Tunesien;DEFENDER;1339.3;0.7545;3.434;2.5911;-3.766;-2.8416
pl-k00195449;Tunesien;FORWARD;;0.0;3.434;0.0;-3.766;-0.0
pl-k00195453;Usbekistan;FORWARD;1176.2;0.5703;3.684;2.1011;-2.905;-1.6568
pl-k00195655;Algerien;DEFENDER;901.3;0.4455;3.705;1.6505;-2.846;-1.2678
pl-k00195661;Iran;FORWARD;;0.0;4.3;0.0;-0.05;-0.0
pl-k00195662;Ägypten;GOALKEEPER;935.2;0.4477;3.951;1.7689;-1.446;-0.6474
pl-k00195663;Ägypten;GOALKEEPER;1019.1;0.4879;3.951;1.9276;-1.446;-0.7055
pl-k00195664;Ägypten;DEFENDER;1002.5;0.4799;3.951;1.8962;-1.446;-0.694
pl-k00196610;Ecuador;MIDFIELDER;1227.0;0.5652;5.04;2.8486;4.088;2.3106
pl-k00199799;Katar;DEFENDER;;0.0;3.194;0.0;-5.532;-0.0
pl-k00200613;Irak;DEFENDER;979.2;0.645;3.185;2.0544;-5.568;-3.5915
pl-k00200616;Irak;MIDFIELDER;903.8;0.5953;3.185;1.8962;-5.568;-3.3149
pl-k00200620;Iran;DEFENDER;;0.0;4.3;0.0;-0.05;-0.0
pl-k00200625;Jordanien;DEFENDER;;0.0;3.484;0.0;-3.906;-0.0
pl-k00200629;Ägypten;MIDFIELDER;842.8;0.4035;3.951;1.5942;-1.446;-0.5834
pl-k00200796;Ghana;GOALKEEPER;;0.0;3.144;0.0;-6.374;-0.0
pl-k00201006;Ecuador;DEFENDER;;0.0;5.04;0.0;4.088;0.0
pl-k00201007;Ecuador;FORWARD;;0.0;5.04;0.0;4.088;0.0
pl-k00201011;Usbekistan;DEFENDER;1352.0;0.6556;3.684;2.4152;-2.905;-1.9045
