ID;Verein;Position;Elo;EAR-180;z_Elo;z_EAR;Qualität (roh);Pos-Rang im Team;Qualität
pl-k00030256;Portugal;FORWARD;1700.2;0.93;0.1542;0.4774;0.3158;6;0.1579
pl-k00030669;Deutschland;GOALKEEPER;2032.5;0.72;1.3551;0.2572;0.8061;2;0.4031
pl-k00033709;Argentinien;FORWARD;1741.3;2.88;0.29;1.8812;1.0856;2;1.0856
pl-k00033742;Schottland;GOALKEEPER;1412.1;0.24;-0.5338;-0.2288;-0.3813;3;-0.1906
pl-k00039245;Deutschland;GOALKEEPER;1832.1;0.48;0.7449;0.0142;0.3796;3;0.1898
pl-k00039689;Kroatien;MIDFIELDER;1695.7;4.3;0.1253;2.3676;1.2465;1;1.2465
pl-k00039824;Mexiko;GOALKEEPER;1331.1;-0.96;-0.7804;-1.4435;-1.112;3;-0.556
pl-k00044089;Belgien;MIDFIELDER;1621.7;2.34;-0.1306;1.0295;0.4494;5;0.2247
pl-k00044560;Bosnien-Herzegowina;FORWARD;1472.4;0.72;-0.5987;0.3263;-0.1362;2;-0.1362
pl-k00045914;Kolumbien;MIDFIELDER;1425.5;0.48;-0.8092;-0.2403;-0.5247;8;-0.2624
pl-k00046237;Türkei;GOALKEEPER;1686.0;-0.48;0.3001;-0.9576;-0.3287;5;-0.1644
pl-k00046495;Uruguay;GOALKEEPER;1727.7;0.72;0.4271;0.2572;0.3421;1;0.3421
pl-k00046508;Neuseeland;DEFENDER;1308.2;0.0;-1.2233;-0.5641;-0.8937;8;-0.4468
pl-k00047058;Österreich;FORWARD;1520.6;-0.72;-0.4394;-0.7104;-0.5749;3;-0.5749
pl-k00050622;England;MIDFIELDER;1687.3;-0.73;0.0963;-1.0664;-0.4851;7;-0.2425
pl-k00054652;Deutschland;MIDFIELDER;1941.4;2.61;0.9751;1.2138;1.0945;3;1.0945
pl-k00055188;DR Kongo;MIDFIELDER;1234.5;-0.73;-1.4697;-1.0664;-1.2681;11;-0.634
pl-k00056751;Neuseeland;FORWARD;1848.0;-0.72;0.6426;-0.7104;-0.0339;2;-0.0339
pl-k00056979;Argentinien;DEFENDER;1800.3;4.29;0.3902;2.6242;1.5072;1;1.5072
pl-k00057241;Tunesien;MIDFIELDER;1648.7;-3.36;-0.0372;-2.8619;-1.4496;7;-0.7248
pl-k00057343;Schweiz;MIDFIELDER;2012.4;3.33;1.2206;1.7054;1.463;1;1.463
pl-k00057598;Österreich;DEFENDER;1859.8;0.46;0.5853;-0.2222;0.1816;6;0.0908
pl-k00057919;Schweden;GOALKEEPER;1527.6;0.96;-0.1821;0.5001;0.159;1;0.159
pl-k00059041;Kroatien;FORWARD;1794.7;1.63;0.4665;0.9814;0.7239;2;0.7239
pl-k00059307;Kroatien;FORWARD;1880.9;2.84;0.7514;1.8524;1.3019;1;1.3019
pl-k00059384;Belgien;FORWARD;1925.2;0.0;0.8978;-0.192;0.3529;5;0.1764
pl-k00059448;Südkorea;GOALKEEPER;1661.6;-1.68;0.2259;-2.1724;-0.9733;3;-0.4866
pl-k00059508;Belgien;GOALKEEPER;2111.7;1.68;1.5962;1.229;1.4126;1;1.4126
pl-k00059516;Belgien;MIDFIELDER;1943.4;-0.01;0.982;-0.5749;0.2036;6;0.1018
pl-k00059524;Türkei;MIDFIELDER;1782.6;0.24;0.4259;-0.4042;0.0108;4;0.0054
pl-k00060044;Schweiz;DEFENDER;1854.6;-0.5;0.5683;-0.9357;-0.1837;4;-0.0918
pl-k00062748;Senegal;MIDFIELDER;1800.2;2.83;0.4867;1.364;0.9254;3;0.9254
pl-k00063656;Südkorea;FORWARD;1695.4;0.47;0.1383;0.1463;0.1423;1;0.1423
pl-k00063799;Österreich;FORWARD;1636.9;-0.51;-0.055;-0.5592;-0.3071;2;-0.3071
pl-k00063855;Neuseeland;FORWARD;1207.3;-1.68;-1.4748;-1.4014;-1.4381;4;-0.7191
pl-k00063869;Japan;DEFENDER;1409.2;-0.49;-0.8921;-0.9282;-0.9102;9;-0.4551
pl-k00063918;Brasilien;FORWARD;1643.2;1.44;-0.0342;0.8446;0.4052;6;0.2026
pl-k00064027;Schottland;DEFENDER;1704.1;1.18;0.0748;0.3129;0.1938;4;0.0969
pl-k00064038;Türkei;MIDFIELDER;2073.9;2.86;1.4333;1.3845;1.4089;1;1.4089
pl-k00065748;Kap Verde;DEFENDER;1294.7;0.0;-1.2676;-0.5641;-0.9158;6;-0.4579
pl-k00065996;Ghana;FORWARD;1512.1;-0.75;-0.4675;-0.732;-0.5997;5;-0.2999
pl-k00066526;Deutschland;DEFENDER;2020.5;0.91;1.1123;0.1122;0.6122;6;0.3061
pl-k00066754;Deutschland;MIDFIELDER;2027.0;0.47;1.2711;-0.2472;0.512;7;0.256
pl-k00067156;USA;DEFENDER;1611.8;1.19;-0.2278;0.3203;0.0462;7;0.0231
pl-k00067266;Kroatien;MIDFIELDER;1960.7;0.0;1.0418;-0.568;0.2369;6;0.1184
pl-k00067749;Frankreich;DEFENDER;2112.4;-2.18;1.4136;-2.1842;-0.3853;8;-0.1927
pl-k00068111;Australien;MIDFIELDER;1380.1;0.0;-0.9662;-0.568;-0.7671;12;-0.3836
pl-k00068757;Kolumbien;GOALKEEPER;1687.6;0.48;0.305;0.0142;0.1596;2;0.0798
pl-k00069274;Paraguay;GOALKEEPER;1642.0;0.0;0.1662;-0.4717;-0.1528;2;-0.0764
pl-k00069568;DR Kongo;FORWARD;1691.1;-0.75;0.1241;-0.732;-0.3039;3;-0.3039
pl-k00069797;England;DEFENDER;1977.7;-0.05;0.9719;-0.6012;0.1853;6;0.0927
pl-k00070267;Brasilien;DEFENDER;1797.1;-0.49;0.3798;-0.9282;-0.2742;6;-0.1371
pl-k00070270;Brasilien;DEFENDER;1869.8;0.7;0.6181;-0.0438;0.2871;5;0.1436
pl-k00070281;Tschechien;MIDFIELDER;1416.5;2.86;-0.8403;1.3845;0.2721;4;0.1361
pl-k00070495;Belgien;DEFENDER;1884.0;0.22;0.6647;-0.4006;0.1321;5;0.066
pl-k00070592;Deutschland;DEFENDER;2110.8;2.38;1.4084;1.2047;1.3065;3;1.3065
pl-k00070605;England;FORWARD;2194.3;4.56;1.7871;3.0906;2.4388;1;2.4388
pl-k00070654;Brasilien;MIDFIELDER;2036.1;2.87;1.3026;1.3913;1.347;1;1.347
pl-k00070756;Bosnien-Herzegowina;DEFENDER;1841.2;-2.89;0.5244;-2.7119;-1.0938;8;-0.5469
pl-k00070960;Curacao;FORWARD;1468.7;0.0;-0.6109;-0.192;-0.4015;5;-0.2007
pl-k00071150;Deutschland;DEFENDER;2192.6;6.46;1.6766;4.2369;2.9567;1;2.9567
pl-k00071862;Kolumbien;DEFENDER;1537.8;-0.74;-0.4705;-1.114;-0.7923;8;-0.3961
pl-k00071888;Niederlande;FORWARD;1677.5;0.2;0.0792;-0.0481;0.0155;5;0.0078
pl-k00072478;Niederlande;GOALKEEPER;1920.7;0.0;1.0147;-0.4717;0.2715;3;0.1357
pl-k00072654;Frankreich;GOALKEEPER;1969.9;1.2;1.1645;0.7431;0.9538;1;0.9538
pl-k00072663;Elfenbeinküste;MIDFIELDER;1708.0;0.21;0.1679;-0.4247;-0.1284;4;-0.0642
pl-k00072712;Curacao;DEFENDER;1640.4;-0.96;-0.1341;-1.2775;-0.7058;5;-0.3529
pl-k00072716;Niederlande;DEFENDER;1996.3;0.47;1.0329;-0.2148;0.4091;4;0.2045
pl-k00072755;Deutschland;GOALKEEPER;1915.0;3.12;0.9973;2.6867;1.842;1;1.842
pl-k00073097;Australien;DEFENDER;1518.4;0.46;-0.5341;-0.2222;-0.3781;9;-0.1891
pl-k00073206;Österreich;MIDFIELDER;1937.4;2.1;0.9612;0.8657;0.9134;1;0.9134
pl-k00073311;Österreich;MIDFIELDER;1395.3;-0.25;-0.9136;-0.7387;-0.8262;10;-0.4131
pl-k00073393;Ghana;DEFENDER;1699.1;-0.01;0.0584;-0.5715;-0.2565;6;-0.1283
pl-k00073842;Kap Verde;DEFENDER;1462.8;1.67;-0.7164;0.677;-0.0197;4;-0.0098
pl-k00073943;Mexiko;FORWARD;1816.8;-0.51;0.5395;-0.5592;-0.0098;5;-0.0049
pl-k00074093;Ägypten;MIDFIELDER;1967.7;1.89;1.066;0.7223;0.8942;1;0.8942
pl-k00074274;Senegal;FORWARD;1236.1;;-1.3796;0.0;-0.6898;8;-0.3449
pl-k00074305;Neuseeland;DEFENDER;1280.0;-0.49;-1.3158;-0.9282;-1.122;10;-0.561
pl-k00074369;Marokko;GOALKEEPER;2085.7;-0.24;1.517;-0.7147;0.4012;1;0.4012
pl-k00074841;Kolumbien;MIDFIELDER;1088.5;0.0;-1.9747;-0.568;-1.2714;10;-0.6357
pl-k00074928;England;GOALKEEPER;2021.0;-0.24;1.3201;-0.7147;0.3027;2;0.1513
pl-k00074936;Brasilien;DEFENDER;2062.3;1.9;1.2493;0.848;1.0487;3;1.0487
pl-k00074991;Argentinien;GOALKEEPER;2144.6;1.92;1.6964;1.4719;1.5842;1;1.5842
pl-k00075008;Niederlande;MIDFIELDER;1855.9;2.55;0.6794;1.1729;0.9261;3;0.9261
pl-k00075023;Portugal;DEFENDER;2049.4;1.64;1.207;0.6547;0.9309;5;0.4654
pl-k00075027;Schweiz;GOALKEEPER;1737.1;0.48;0.4557;0.0142;0.235;3;0.1175
pl-k00075068;Katar;DEFENDER;1408.8;0.48;-0.8935;-0.2073;-0.5504;4;-0.2752
pl-k00075076;Senegal;DEFENDER;2034.9;2.39;1.1595;1.2121;1.1858;2;1.1858
pl-k00075102;Kap Verde;FORWARD;1288.1;-2.17;-1.2077;-1.7542;-1.481;7;-0.7405
pl-k00075261;Bosnien-Herzegowina;FORWARD;1559.8;-0.52;-0.3098;-0.5664;-0.4381;4;-0.2191
pl-k00075379;Schweiz;DEFENDER;1764.2;-0.49;0.2719;-0.9282;-0.3282;7;-0.1641
pl-k00075584;Frankreich;MIDFIELDER;1836.1;2.34;0.6109;1.0295;0.8202;2;0.8202
pl-k00075612;Bosnien-Herzegowina;MIDFIELDER;1536.2;-1.72;-0.4263;-1.7423;-1.0843;9;-0.5421
pl-k00075628;Türkei;MIDFIELDER;792.0;;-3.0001;0.0;-1.5001;6;-0.75
pl-k00075738;Australien;DEFENDER;1458.1;0.95;-0.7318;0.142;-0.2949;8;-0.1475
pl-k00075849;Spanien;DEFENDER;1890.0;0.19;0.6844;-0.4229;0.1307;7;0.0654
pl-k00075878;Australien;GOALKEEPER;1906.3;1.92;0.9708;1.4719;1.2214;1;1.2214
pl-k00075957;Ägypten;DEFENDER;1591.9;1.2;-0.2931;0.3277;0.0173;3;0.0173
pl-k00075963;Ägypten;MIDFIELDER;1519.5;-0.72;-0.4841;-1.0596;-0.7718;8;-0.3859
pl-k00075982;Curacao;DEFENDER;1642.0;0.2;-0.1288;-0.4154;-0.2721;1;-0.2721
pl-k00076167;DR Kongo;DEFENDER;1802.2;1.44;0.3965;0.5061;0.4513;1;0.4513
pl-k00076249;Kap Verde;GOALKEEPER;1308.2;0.0;-0.8501;-0.4717;-0.6609;2;-0.3304
pl-k00076421;Österreich;DEFENDER;1760.8;0.69;0.2607;-0.0513;0.1047;7;0.0524
pl-k00076459;England;DEFENDER;1995.4;0.48;1.03;-0.2073;0.4113;5;0.2057
pl-k00076681;Ghana;MIDFIELDER;1712.0;-0.49;0.1817;-0.9026;-0.3604;5;-0.1802
pl-k00077108;Brasilien;MIDFIELDER;1963.0;2.39;1.0498;1.0636;1.0567;3;1.0567
pl-k00077358;Norwegen;GOALKEEPER;1860.8;-0.24;0.8323;-0.7147;0.0588;2;0.0294
pl-k00077564;Uruguay;DEFENDER;1835.7;1.64;0.5063;0.6547;0.5805;3;0.5805
pl-k00077709;Norwegen;MIDFIELDER;1272.3;-0.02;-1.339;-0.5817;-0.9603;11;-0.4802
pl-k00078155;Curacao;MIDFIELDER;1357.5;-1.45;-1.0443;-1.558;-1.3012;6;-0.6506
pl-k00078170;Curacao;GOALKEEPER;1505.0;0.0;-0.2509;-0.4717;-0.3613;1;-0.3613
pl-k00078181;Frankreich;GOALKEEPER;1919.5;0.96;1.011;0.5001;0.7556;2;0.3778
pl-k00078230;Niederlande;DEFENDER;1953.6;4.29;0.8929;2.6242;1.7585;1;1.7585
pl-k00078543;Kanada;MIDFIELDER;1441.2;0.47;-0.7549;-0.2472;-0.501;7;-0.2505
pl-k00078573;Kolumbien;DEFENDER;1719.0;-0.99;0.1237;-1.2998;-0.5881;7;-0.294
pl-k00078750;Portugal;MIDFIELDER;2097.9;4.54;1.5163;2.5315;2.0239;2;2.0239
pl-k00079032;Australien;FORWARD;1420.9;0.72;-0.7689;0.3263;-0.2213;3;-0.2213
pl-k00079078;Bosnien-Herzegowina;GOALKEEPER;1617.2;0.96;0.0907;0.5001;0.2954;2;0.1477
pl-k00079176;Türkei;MIDFIELDER;658.8;;-3.4608;0.0;-1.7304;7;-0.8652
pl-k00079478;Uruguay;DEFENDER;1867.5;0.95;0.6106;0.142;0.3763;4;0.1881
pl-k00079504;Österreich;MIDFIELDER;1664.3;0.93;0.0167;0.0669;0.0418;8;0.0209
pl-k00079536;Australien;MIDFIELDER;1367.0;0.22;-1.0115;-0.4178;-0.7147;10;-0.3573
pl-k00079543;Deutschland;MIDFIELDER;1795.5;0.44;0.4705;-0.2676;0.1014;11;0.0507
pl-k00080083;Deutschland;MIDFIELDER;1693.2;1.92;0.1167;0.7428;0.4297;8;0.2149
pl-k00080174;Deutschland;DEFENDER;2032.2;2.39;1.1506;1.2121;1.1814;4;0.5907
pl-k00080229;Paraguay;FORWARD;1692.3;-1.2;0.1281;-1.0559;-0.4639;6;-0.232
pl-k00080522;Paraguay;DEFENDER;1899.4;1.4;0.7152;0.4764;0.5958;1;0.5958
pl-k00080587;Iran;FORWARD;1537.1;-3.12;-0.3848;-2.4381;-1.4115;6;-0.7057
pl-k00080630;Brasilien;DEFENDER;1773.5;1.67;0.3024;0.677;0.4897;4;0.2449
pl-k00080786;Belgien;MIDFIELDER;2203.8;4.29;1.8826;2.3608;2.1217;1;2.1217
pl-k00081053;Tschechien;DEFENDER;1798.6;1.65;0.3847;0.6622;0.5234;2;0.5234
pl-k00081250;Belgien;DEFENDER;1916.9;3.79;0.7726;2.2526;1.5126;1;1.5126
pl-k00081292;Kolumbien;FORWARD;1747.3;0.95;0.3098;0.4918;0.4008;1;0.4008
pl-k00081362;Kroatien;MIDFIELDER;1800.4;0.22;0.4874;-0.4178;0.0348;8;0.0174
pl-k00081442;Senegal;GOALKEEPER;1530.3;0.48;-0.1739;0.0142;-0.0798;2;-0.0399
pl-k00081465;Spanien;DEFENDER;1910.3;3.55;0.7509;2.0742;1.4126;3;1.4126
pl-k00081503;DR Kongo;MIDFIELDER;1573.1;-0.01;-0.2987;-0.5749;-0.4368;5;-0.2184
pl-k00081538;Elfenbeinküste;MIDFIELDER;1563.4;-0.01;-0.3322;-0.5749;-0.4535;6;-0.2268
pl-k00081694;Kroatien;DEFENDER;1782.8;0.89;0.3329;0.0974;0.2151;4;0.1076
pl-k00081971;Australien;MIDFIELDER;1643.5;0.67;-0.0552;-0.1106;-0.0829;5;-0.0415
pl-k00082152;Frankreich;DEFENDER;2107.4;2.62;1.3972;1.3831;1.3901;4;0.6951
pl-k00082469;Belgien;DEFENDER;1886.6;1.17;0.6732;0.3055;0.4893;3;0.4893
pl-k00082709;Kap Verde;FORWARD;1459.6;0.23;-0.641;-0.0265;-0.3337;2;-0.3337
pl-k00082878;Schottland;DEFENDER;2073.6;-0.73;1.2864;-1.1066;0.0899;6;0.0449
pl-k00082905;Ecuador;FORWARD;1576.2;0.0;-0.2556;-0.192;-0.2238;4;-0.1119
pl-k00082915;Schweiz;FORWARD;1826.7;-0.99;0.5722;-0.9047;-0.1662;5;-0.0831
pl-k00082944;Kolumbien;GOALKEEPER;1569.8;-0.48;-0.0536;-0.9576;-0.5056;3;-0.2528
pl-k00083013;Argentinien;MIDFIELDER;1714.3;2.64;0.1896;1.2343;0.712;4;0.356
pl-k00083165;Norwegen;FORWARD;1978.5;-0.01;1.0739;-0.1992;0.4373;2;0.4373
pl-k00083248;Iran;MIDFIELDER;1604.6;-0.74;-0.1898;-1.0732;-0.6315;6;-0.3157
pl-k00083526;Algerien;DEFENDER;1866.2;4.07;0.6063;2.4607;1.5335;1;1.5335
pl-k00083529;Algerien;FORWARD;1983.3;4.31;1.0898;2.9106;2.0002;1;2.0002
pl-k00083544;Iran;GOALKEEPER;1665.6;0.0;0.238;-0.4717;-0.1168;1;-0.1168
pl-k00083613;Norwegen;MIDFIELDER;2197.5;0.91;1.8608;0.0532;0.957;4;0.4785
pl-k00083712;Kanada;FORWARD;1694.9;-0.48;0.1367;-0.5376;-0.2005;2;-0.2005
pl-k00083739;Südafrika;FORWARD;1248.1;-0.02;-1.3399;-0.2064;-0.7732;7;-0.3866
pl-k00083783;Paraguay;DEFENDER;1631.7;-0.49;-0.1626;-0.9282;-0.5454;7;-0.2727
pl-k00083984;Schweden;DEFENDER;1985.0;1.41;0.9959;0.4838;0.7398;1;0.7398
pl-k00083987;Schweden;MIDFIELDER;1773.8;-0.54;0.3954;-0.9367;-0.2706;3;-0.2706
pl-k00084324;Schweiz;MIDFIELDER;1820.7;1.14;0.5576;0.2103;0.3839;3;0.3839
pl-k00084365;Schweiz;DEFENDER;1735.1;1.41;0.1765;0.4838;0.3301;3;0.3301
pl-k00084527;Uruguay;FORWARD;1686.6;-0.96;0.1092;-0.8831;-0.3869;7;-0.1935
pl-k00084530;Kanada;DEFENDER;1698.1;0.0;0.0551;-0.5641;-0.2545;7;-0.1272
pl-k00084740;Neuseeland;MIDFIELDER;1425.5;1.67;-0.8092;0.5721;-0.1185;3;-0.1185
pl-k00084940;Österreich;DEFENDER;1976.1;0.7;0.9667;-0.0438;0.4614;3;0.4614
pl-k00084943;Österreich;MIDFIELDER;2182.3;-0.05;1.8082;-0.6022;0.603;3;0.603
pl-k00085071;Österreich;GOALKEEPER;1571.3;0.23;-0.0491;-0.2389;-0.144;3;-0.072
pl-k00085122;Kroatien;FORWARD;1761.4;0.21;0.3564;-0.0409;0.1578;5;0.0789
pl-k00085245;Portugal;MIDFIELDER;1609.9;-0.48;-0.1714;-0.8957;-0.5336;5;-0.2668
pl-k00085275;Argentinien;GOALKEEPER;1788.4;-0.72;0.6119;-1.2006;-0.2943;3;-0.1472
pl-k00085276;Argentinien;MIDFIELDER;1847.2;2.62;0.6493;1.2207;0.935;3;0.935
pl-k00085349;Portugal;MIDFIELDER;2114.4;2.64;1.5734;1.2343;1.4039;4;0.7019
pl-k00085376;DR Kongo;DEFENDER;1731.0;-0.01;0.163;-0.5715;-0.2042;4;-0.1021
pl-k00085378;Tschechien;GOALKEEPER;1639.7;0.48;0.1592;0.0142;0.0867;2;0.0433
pl-k00085465;Kroatien;MIDFIELDER;1742.1;2.59;0.2858;1.2002;0.743;4;0.3715
pl-k00085665;Brasilien;GOALKEEPER;2047.8;0.96;1.4016;0.5001;0.9509;1;0.9509
pl-k00085696;Belgien;MIDFIELDER;1903.8;4.75;0.845;2.6748;1.7599;2;1.7599
pl-k00085778;Tschechien;FORWARD;1881.0;1.43;0.7517;0.8374;0.7945;1;0.7945
pl-k00085906;Schottland;DEFENDER;1912.1;1.89;0.7568;0.8405;0.7987;1;0.7987
pl-k00085917;Schottland;FORWARD;1686.0;0.71;0.1073;0.3191;0.2132;1;0.2132
pl-k00086035;Portugal;FORWARD;1940.3;1.66;0.9477;1.0029;0.9753;3;0.9753
pl-k00086109;Kroatien;DEFENDER;1862.9;0.2;0.5955;-0.4154;0.09;5;0.045
pl-k00086141;Deutschland;FORWARD;2046.5;0.47;1.2986;0.1463;0.7225;2;0.7225
pl-k00086183;Tschechien;DEFENDER;1811.9;1.65;0.4283;0.6622;0.5452;1;0.5452
pl-k00086391;Spanien;DEFENDER;1907.2;2.1;0.7408;0.9966;0.8687;6;0.4343
pl-k00086584;Ghana;FORWARD;1860.4;-2.9;0.6836;-2.2797;-0.798;7;-0.399
pl-k00086910;Spanien;FORWARD;1711.8;-1.47;0.1925;-1.2503;-0.5289;8;-0.2644
pl-k00087248;Uruguay;GOALKEEPER;1823.8;0.0;0.7197;-0.4717;0.124;2;0.062
pl-k00087254;Kroatien;DEFENDER;1673.3;0.23;-0.0262;-0.3931;-0.2097;6;-0.1048
pl-k00087278;Norwegen;MIDFIELDER;1677.9;-0.5;0.0638;-0.9094;-0.4228;9;-0.2114
pl-k00087371;Bosnien-Herzegowina;GOALKEEPER;1295.1;-0.24;-0.89;-0.7147;-0.8023;3;-0.4012
pl-k00087507;Kap Verde;DEFENDER;1572.8;-1.68;-0.3557;-1.8126;-1.0842;7;-0.5421
pl-k00087512;Haiti;GOALKEEPER;1217.1;0.72;-1.1274;0.2572;-0.4351;1;-0.4351
pl-k00087534;Frankreich;MIDFIELDER;1840.3;1.67;0.6254;0.5721;0.5988;4;0.2994
pl-k00087576;Ghana;DEFENDER;1791.3;1.16;0.3607;0.298;0.3294;1;0.3294
pl-k00087622;Türkei;GOALKEEPER;1933.0;1.92;1.0521;1.4719;1.262;2;0.631
pl-k00087673;Schweiz;GOALKEEPER;2011.4;0.24;1.2908;-0.2288;0.531;2;0.2655
pl-k00087704;Österreich;DEFENDER;1938.1;0.22;0.8421;-0.4006;0.2208;5;0.1104
pl-k00087705;Bosnien-Herzegowina;FORWARD;1803.6;-0.75;0.4959;-0.732;-0.118;1;-0.118
pl-k00087735;Türkei;FORWARD;1762.5;1.42;0.3601;0.8302;0.5951;4;0.2976
pl-k00087750;Deutschland;DEFENDER;1971.0;2.6;0.95;1.3682;1.1591;5;0.5795
pl-k00087823;Südkorea;MIDFIELDER;1108.1;;-1.9069;0.0;-0.9534;7;-0.4767
pl-k00087867;Elfenbeinküste;MIDFIELDER;2078.3;0.92;1.4485;0.0601;0.7543;1;0.7543
pl-k00087885;Deutschland;FORWARD;1909.0;2.37;0.8442;1.5141;1.1791;1;1.1791
pl-k00087974;Tschechien;MIDFIELDER;1693.2;2.61;0.1167;1.2138;0.6653;2;0.6653
pl-k00088045;Spanien;DEFENDER;2124.2;-2.89;1.4523;-2.7119;-0.6298;8;-0.3149
pl-k00088049;Spanien;FORWARD;2058.3;0.89;1.3376;0.4486;0.8931;2;0.8931
pl-k00088147;Algerien;GOALKEEPER;1632.4;1.44;0.137;0.986;0.5615;1;0.5615
pl-k00088151;Frankreich;DEFENDER;2243.4;4.29;1.8431;2.6242;2.2337;1;2.2337
pl-k00088249;Curacao;FORWARD;1503.4;0.71;-0.4962;0.3191;-0.0886;3;-0.0886
pl-k00088739;Uruguay;MIDFIELDER;1919.7;1.43;0.9;0.4082;0.6541;2;0.6541
pl-k00088771;USA;MIDFIELDER;1883.5;-0.25;0.7748;-0.7387;0.0181;7;0.009
pl-k00088866;Paraguay;DEFENDER;1676.6;0.23;-0.0154;-0.3931;-0.2043;4;-0.1021
pl-k00088946;Curacao;FORWARD;1252.3;0.0;-1.3261;-0.192;-0.759;7;-0.3795
pl-k00088970;Ghana;GOALKEEPER;1663.6;2.4;0.2319;1.9579;1.0949;1;1.0949
pl-k00089012;Niederlande;FORWARD;1561.9;-0.96;-0.3029;-0.8831;-0.593;7;-0.2965
pl-k00089060;Japan;DEFENDER;1839.9;3.58;0.5201;2.0965;1.3083;1;1.3083
pl-k00089096;Portugal;GOALKEEPER;1803.6;0.24;0.6582;-0.2288;0.2147;3;0.1074
pl-k00089148;Schweden;DEFENDER;2023.9;-1.47;1.1234;-1.6566;-0.2666;7;-0.1333
pl-k00089308;Schweiz;MIDFIELDER;1668.4;0.47;0.0309;-0.2472;-0.1081;6;-0.0541
pl-k00089313;Spanien;GOALKEEPER;1902.6;-1.44;0.9596;-1.9295;-0.4849;3;-0.2425
pl-k00089321;Spanien;MIDFIELDER;2165.5;3.6;1.7501;1.8897;1.8199;3;1.8199
pl-k00089322;Spanien;MIDFIELDER;2206.3;-0.01;1.8912;-0.5749;0.6582;5;0.3291
pl-k00089356;Schweiz;DEFENDER;2073.4;1.92;1.2857;0.8628;1.0743;1;1.0743
pl-k00089361;Schweiz;MIDFIELDER;1882.8;-0.02;0.7724;-0.5817;0.0954;4;0.0477
pl-k00089434;Österreich;MIDFIELDER;1870.3;0.21;0.7292;-0.4247;0.1523;7;0.0761
pl-k00089444;Frankreich;FORWARD;2054.7;1.38;1.3257;0.8014;1.0636;6;0.5318
pl-k00089452;Kap Verde;MIDFIELDER;1351.2;-0.49;-1.0661;-0.9026;-0.9843;5;-0.4922
pl-k00089457;Niederlande;MIDFIELDER;2021.9;3.09;1.2535;1.5415;1.3975;1;1.3975
pl-k00089649;Algerien;DEFENDER;2023.2;2.13;1.1211;1.0189;1.07;2;1.07
pl-k00089655;Tunesien;MIDFIELDER;1708.2;-0.03;0.1686;-0.5885;-0.21;2;-0.21
pl-k00089781;Haiti;DEFENDER;1629.0;0.45;-0.1714;-0.2296;-0.2005;2;-0.2005
pl-k00090003;Curacao;MIDFIELDER;1506.4;1.64;-0.5294;0.5516;0.0111;2;0.0111
pl-k00090018;Marokko;MIDFIELDER;1795.5;0.69;0.4705;-0.097;0.1868;6;0.0934
pl-k00090022;Curacao;FORWARD;1431.0;-0.96;-0.7355;-0.8831;-0.8093;8;-0.4047
pl-k00090036;England;FORWARD;2025.5;0.23;1.2292;-0.0265;0.6014;6;0.3007
pl-k00090042;Österreich;DEFENDER;1747.3;0.23;0.2165;-0.3931;-0.0883;9;-0.0442
pl-k00090213;Österreich;DEFENDER;1904.2;1.65;0.7309;0.6622;0.6966;2;0.6966
pl-k00090353;Türkei;DEFENDER;1916.8;1.91;0.7722;0.8554;0.8138;1;0.8138
pl-k00090404;Portugal;DEFENDER;1855.6;-0.51;0.5716;-0.9431;-0.1858;8;-0.0929
pl-k00090515;Spanien;MIDFIELDER;1993.3;1.88;1.1546;0.7155;0.935;4;0.4675
pl-k00090525;Kolumbien;MIDFIELDER;1733.0;-0.02;0.2543;-0.5817;-0.1637;6;-0.0818
pl-k00090574;Kroatien;GOALKEEPER;2081.4;0.0;1.5039;-0.4717;0.5161;2;0.2581
pl-k00090698;Australien;FORWARD;1478.1;0.46;-0.5798;0.1391;-0.2204;2;-0.2204
pl-k00090788;Japan;MIDFIELDER;1843.1;0.71;0.6351;-0.0833;0.2759;6;0.1379
pl-k00090828;Schottland;DEFENDER;1775.1;1.42;0.3076;0.4912;0.3994;3;0.3994
pl-k00090830;Kap Verde;MIDFIELDER;1428.1;0.22;-0.8002;-0.4178;-0.609;3;-0.609
pl-k00090873;Türkei;DEFENDER;1880.1;0.46;0.6519;-0.2222;0.2148;7;0.1074
pl-k00090950;Australien;DEFENDER;1550.6;1.42;-0.4285;0.4912;0.0314;6;0.0157
pl-k00090958;Brasilien;GOALKEEPER;1427.1;-0.24;-0.4881;-0.7147;-0.6014;3;-0.3007
pl-k00090996;Argentinien;MIDFIELDER;1863.4;3.58;0.7053;1.8761;1.2907;2;1.2907
pl-k00091055;Spanien;FORWARD;1990.6;0.92;1.1139;0.4702;0.7921;3;0.7921
pl-k00091083;Kroatien;MIDFIELDER;1770.8;3.58;0.3851;1.8761;1.1306;3;1.1306
pl-k00091090;Schottland;MIDFIELDER;1818.8;3.08;0.5511;1.5347;1.0429;3;1.0429
pl-k00091110;DR Kongo;DEFENDER;1725.3;-0.26;0.1443;-0.7573;-0.3065;5;-0.1532
pl-k00091130;Österreich;GOALKEEPER;1512.0;1.68;-0.2296;1.229;0.4997;2;0.2498
pl-k00091136;Belgien;FORWARD;1590.6;-0.25;-0.208;-0.372;-0.29;7;-0.145
pl-k00091137;Frankreich;FORWARD;2069.0;2.88;1.373;1.8812;1.6271;4;0.8136
pl-k00091194;Bosnien-Herzegowina;DEFENDER;1453.9;-0.74;-0.7456;-1.114;-0.9298;7;-0.4649
pl-k00091289;England;FORWARD;2073.2;0.47;1.3869;0.1463;0.7666;5;0.3833
pl-k00091305;Marokko;DEFENDER;1836.0;-0.26;0.5073;-0.7573;-0.125;6;-0.0625
pl-k00091368;Elfenbeinküste;GOALKEEPER;1721.4;2.16;0.4079;1.7149;1.0614;1;1.0614
pl-k00091403;Südkorea;MIDFIELDER;1637.0;-1.23;-0.0777;-1.4078;-0.7427;6;-0.3714
pl-k00091409;Frankreich;FORWARD;2014.1;1.19;1.1916;0.6646;0.9281;8;0.464
pl-k00091463;Schottland;MIDFIELDER;1969.7;0.7;1.0729;-0.0901;0.4914;4;0.2457
pl-k00091537;Frankreich;DEFENDER;2197.6;1.66;1.693;0.6696;1.1813;5;0.5906
pl-k00091555;Schweiz;DEFENDER;1641.6;0.22;-0.1301;-0.4006;-0.2653;6;-0.1327
pl-k00091959;Bosnien-Herzegowina;MIDFIELDER;1709.1;0.9;0.1717;0.0464;0.109;2;0.109
pl-k00092246;Frankreich;DEFENDER;738.6;;-3.091;0.0;-1.5455;9;-0.7728
pl-k00092347;Kanada;GOALKEEPER;1586.0;-0.24;-0.0043;-0.7147;-0.3595;1;-0.3595
pl-k00092690;Schweiz;FORWARD;1553.9;0.72;-0.3293;0.3263;-0.0015;4;-0.0008
pl-k00093122;Portugal;DEFENDER;2125.6;1.2;1.4569;0.3277;0.8923;6;0.4462
pl-k00093334;DR Kongo;DEFENDER;1784.6;1.42;0.3388;0.4912;0.415;2;0.415
pl-k00093378;Kap Verde;DEFENDER;1337.2;0.23;-1.1282;-0.3931;-0.7607;5;-0.3803
pl-k00093439;Portugal;GOALKEEPER;2020.3;1.44;1.3179;0.986;1.152;2;0.576
pl-k00093477;Schottland;MIDFIELDER;2169.6;1.43;1.7643;0.4082;1.0863;2;1.0863
pl-k00093739;USA;FORWARD;1760.6;1.14;0.3538;0.6286;0.4912;1;0.4912
pl-k00093752;Niederlande;DEFENDER;2020.3;-0.72;1.1116;-1.0992;0.0062;5;0.0031
pl-k00093879;DR Kongo;MIDFIELDER;1540.1;-0.02;-0.4128;-0.5817;-0.4973;7;-0.2486
pl-k00093952;Kap Verde;GOALKEEPER;1036.4;0.0;-1.6776;-0.4717;-1.0746;3;-0.5373
pl-k00094296;Marokko;FORWARD;2079.6;0.7;1.408;0.3119;0.86;2;0.86
pl-k00094309;Ecuador;FORWARD;1675.6;3.56;0.0729;2.3707;1.2218;1;1.2218
pl-k00094312;Panama;DEFENDER;1455.8;0.0;-0.7393;-0.5641;-0.6517;5;-0.3259
pl-k00094313;Panama;DEFENDER;1336.9;0.0;-1.1292;-0.5641;-0.8466;8;-0.4233
pl-k00094314;Panama;DEFENDER;1657.3;0.0;-0.0786;-0.5641;-0.3214;3;-0.3214
pl-k00094316;Panama;MIDFIELDER;1316.6;0.0;-1.1858;-0.568;-0.8769;7;-0.4385
pl-k00094317;Panama;MIDFIELDER;1675.8;0.93;0.0565;0.0669;0.0617;2;0.0617
pl-k00094325;Panama;FORWARD;1504.3;-0.48;-0.4932;-0.5376;-0.5154;4;-0.2577
pl-k00094331;Paraguay;MIDFIELDER;1467.1;1.67;-0.6653;0.5721;-0.0466;3;-0.0466
pl-k00094503;Haiti;FORWARD;1448.3;0.0;-0.6783;-0.192;-0.4352;5;-0.2176
pl-k00094622;Kolumbien;DEFENDER;1744.8;0.46;0.2083;-0.2222;-0.007;4;-0.0035
pl-k00094626;Australien;DEFENDER;1393.6;0.0;-0.9433;-0.5641;-0.7537;12;-0.3768
pl-k00094807;Schweden;FORWARD;2002.8;-0.48;1.1542;-0.5376;0.3083;2;0.3083
pl-k00094866;Brasilien;FORWARD;2272.5;2.64;2.0455;1.7084;1.877;2;1.877
pl-k00094959;Österreich;MIDFIELDER;1720.6;1.62;0.2114;0.538;0.3747;5;0.1873
pl-k00095021;Portugal;GOALKEEPER;2277.4;1.92;2.1007;1.4719;1.7863;1;1.7863
pl-k00095023;Portugal;DEFENDER;773.7;;-2.9759;0.0;-1.488;9;-0.744
pl-k00095030;Schweiz;MIDFIELDER;1498.0;-1.68;-0.5584;-1.715;-1.1367;9;-0.5684
pl-k00095063;Kroatien;MIDFIELDER;1711.2;-0.24;0.1789;-0.7319;-0.2765;9;-0.1382
pl-k00095107;Bosnien-Herzegowina;MIDFIELDER;1560.4;-0.49;-0.3426;-0.9026;-0.6226;7;-0.3113
pl-k00095175;Senegal;DEFENDER;1889.6;-1.7;0.6831;-1.8275;-0.5722;8;-0.2861
pl-k00095198;Schottland;DEFENDER;1730.0;0.24;0.1597;-0.3857;-0.113;9;-0.0565
pl-k00095199;Norwegen;DEFENDER;2024.9;-1.21;1.1267;-1.4633;-0.1683;4;-0.0842
pl-k00095254;Elfenbeinküste;MIDFIELDER;1909.6;1.38;0.8651;0.3741;0.6196;2;0.6196
pl-k00095392;DR Kongo;FORWARD;1836.3;-0.49;0.604;-0.5448;0.0296;2;0.0296
pl-k00095393;Elfenbeinküste;FORWARD;1957.8;1.66;1.0055;1.0029;1.0042;2;1.0042
pl-k00095547;Schweden;FORWARD;1628.0;0.0;-0.0844;-0.192;-0.1382;3;-0.1382
pl-k00095604;Irak;GOALKEEPER;860.7;;-2.2125;0.0;-1.1063;2;-0.5531
pl-k00095650;Australien;MIDFIELDER;1578.9;0.23;-0.2786;-0.411;-0.3448;8;-0.1724
pl-k00095657;Argentinien;MIDFIELDER;1820.7;0.46;0.5576;-0.254;0.1518;8;0.0759
pl-k00095671;Mexiko;DEFENDER;1635.0;1.67;-0.1518;0.677;0.2626;2;0.2626
pl-k00095732;Kolumbien;DEFENDER;1621.7;-0.5;-0.1954;-0.9357;-0.5655;6;-0.2828
pl-k00095741;Schweden;MIDFIELDER;1538.9;0.23;-0.417;-0.411;-0.414;6;-0.207
pl-k00095804;Bosnien-Herzegowina;DEFENDER;1623.4;2.85;-0.1898;1.554;0.6821;1;0.6821
pl-k00095836;Algerien;FORWARD;1537.1;-0.96;-0.3848;-0.8831;-0.634;10;-0.317
pl-k00095892;Südafrika;DEFENDER;1524.6;1.17;-0.5138;0.3055;-0.1042;5;-0.0521
pl-k00095993;Türkei;GOALKEEPER;1795.2;3.12;0.6326;2.6867;1.6597;1;1.6597
pl-k00096140;Deutschland;DEFENDER;1959.1;4.3;0.9109;2.6316;1.7713;2;1.7713
pl-k00096154;Brasilien;GOALKEEPER;1808.5;0.72;0.6731;0.2572;0.4651;2;0.2326
pl-k00096210;Schweden;DEFENDER;1594.8;-0.02;-0.2836;-0.5789;-0.4313;8;-0.2156
pl-k00096455;Iran;MIDFIELDER;1829.6;0.93;0.5884;0.0669;0.3277;1;0.3277
pl-k00096489;Türkei;DEFENDER;2164.5;-0.26;1.5844;-0.7573;0.4136;4;0.2068
pl-k00096513;Niederlande;MIDFIELDER;2073.3;-1.21;1.4313;-1.3941;0.0186;6;0.0093
pl-k00096516;Curacao;DEFENDER;1485.3;-1.22;-0.6426;-1.4708;-1.0567;8;-0.5283
pl-k00096664;Katar;FORWARD;1617.4;0.23;-0.1195;-0.0265;-0.073;2;-0.073
pl-k00096665;Schottland;GOALKEEPER;1693.9;-0.24;0.3242;-0.7147;-0.1952;1;-0.1952
pl-k00096715;Kolumbien;DEFENDER;1919.1;2.58;0.7798;1.3533;1.0666;1;1.0666
pl-k00096721;Algerien;GOALKEEPER;1260.8;0.0;-0.9944;-0.4717;-0.7331;2;-0.3665
pl-k00096723;Senegal;FORWARD;1903.4;-0.03;0.8257;-0.2136;0.306;2;0.306
pl-k00096767;Tschechien;MIDFIELDER;1845.5;2.36;0.6434;1.0432;0.8433;1;0.8433
pl-k00096835;Belgien;FORWARD;2067.0;-0.28;1.3664;-0.3936;0.4864;4;0.2432
pl-k00096877;Australien;MIDFIELDER;1605.2;1.41;-0.1877;0.3946;0.1035;3;0.1035
pl-k00096971;Katar;FORWARD;1707.5;1.2;0.1783;0.6718;0.4251;1;0.4251
pl-k00097030;Elfenbeinküste;DEFENDER;1748.4;-0.74;0.2201;-1.114;-0.447;8;-0.2235
pl-k00097143;USA;MIDFIELDER;1866.4;2.58;0.7157;1.1934;0.9545;2;0.9545
pl-k00097277;Mexiko;MIDFIELDER;1760.1;2.14;0.348;0.893;0.6205;2;0.6205
pl-k00097322;Schweiz;MIDFIELDER;1528.6;1.4;-0.4526;0.3878;-0.0324;5;-0.0162
pl-k00097376;Algerien;GOALKEEPER;1316.5;-0.48;-0.8248;-0.9576;-0.8912;3;-0.4456
pl-k00097512;Frankreich;FORWARD;1777.6;-0.04;0.41;-0.2208;0.0946;9;0.0473
pl-k00097518;Algerien;MIDFIELDER;1941.1;1.2;0.974;0.2512;0.6126;3;0.6126
pl-k00097593;Kap Verde;MIDFIELDER;1505.9;0.45;-0.5311;-0.2608;-0.396;2;-0.396
pl-k00097599;Schottland;DEFENDER;1743.9;2.14;0.2053;1.0263;0.6158;2;0.6158
pl-k00097772;Mexiko;DEFENDER;1919.1;0.24;0.7798;-0.3857;0.197;3;0.197
pl-k00097808;Elfenbeinküste;DEFENDER;1686.4;2.14;0.0168;1.0263;0.5216;4;0.2608
pl-k00097868;Türkei;DEFENDER;2012.4;1.42;1.0857;0.4912;0.7885;2;0.7885
pl-k00098067;Mexiko;MIDFIELDER;1857.0;0.0;0.6832;-0.568;0.0576;7;0.0288
pl-k00098095;Niederlande;MIDFIELDER;1948.7;-0.72;1.0003;-1.0596;-0.0296;7;-0.0148
pl-k00098133;DR Kongo;DEFENDER;1906.3;0.43;0.7378;-0.2445;0.2467;3;0.2467
pl-k00098162;England;MIDFIELDER;2217.1;5.97;1.9286;3.5077;2.7182;1;2.7182
pl-k00098210;Ägypten;DEFENDER;803.7;-0.02;-2.8775;-0.5789;-1.7282;7;-0.8641
pl-k00098226;Marokko;GOALKEEPER;1577.2;0.24;-0.0311;-0.2288;-0.1299;2;-0.065
pl-k00098238;DR Kongo;MIDFIELDER;1551.7;-0.72;-0.3727;-1.0596;-0.7161;10;-0.3581
pl-k00098347;Iran;MIDFIELDER;1336.9;0.7;-1.1156;-0.0901;-0.6029;4;-0.3014
pl-k00098354;Algerien;MIDFIELDER;1741.7;0.47;0.2844;-0.2472;0.0186;5;0.0093
pl-k00098506;Paraguay;MIDFIELDER;1791.0;1.19;0.4549;0.2444;0.3497;1;0.3497
pl-k00098535;Ägypten;MIDFIELDER;1337.8;-0.01;-1.1125;-0.5749;-0.8437;9;-0.4218
pl-k00098554;Marokko;DEFENDER;2193.3;1.88;1.6789;0.8331;1.256;1;1.256
pl-k00098565;DR Kongo;MIDFIELDER;1373.4;0.96;-0.9894;0.0874;-0.451;6;-0.2255
pl-k00098653;Haiti;DEFENDER;1577.7;1.67;-0.3396;0.677;0.1687;1;0.1687
pl-k00098656;Norwegen;MIDFIELDER;2020.8;1.89;1.2497;0.7223;0.986;3;0.986
pl-k00098820;Brasilien;DEFENDER;1322.9;0.23;-1.1751;-0.3931;-0.7841;8;-0.3921
pl-k00098854;Ecuador;DEFENDER;1936.0;-0.25;0.8352;-0.7499;0.0427;5;0.0213
pl-k00098905;Schweiz;DEFENDER;1685.5;2.1;0.0138;0.9966;0.5052;2;0.5052
pl-k00099269;USA;DEFENDER;1853.8;2.63;0.5657;1.3905;0.9781;3;0.9781
pl-k00099308;USA;DEFENDER;1735.1;0.0;0.1765;-0.5641;-0.1938;10;-0.0969
pl-k00099343;Panama;DEFENDER;1864.8;-2.4;0.6017;-2.3477;-0.873;10;-0.4365
pl-k00099347;USA;MIDFIELDER;1979.8;0.67;1.1079;-0.1106;0.4986;3;0.4986
pl-k00099370;Kanada;DEFENDER;1649.1;0.71;-0.1055;-0.0364;-0.071;5;-0.0355
pl-k00099403;USA;MIDFIELDER;1656.1;1.89;-0.0116;0.7223;0.3553;5;0.1777
pl-k00099454;Panama;MIDFIELDER;1468.2;0.47;-0.6615;-0.2472;-0.4543;5;-0.2272
pl-k00099476;USA;GOALKEEPER;1791.4;2.16;0.621;1.7149;1.168;1;1.168
pl-k00099583;Kanada;DEFENDER;2031.4;0.23;1.148;-0.3931;0.3774;2;0.3774
pl-k00099757;Schweden;MIDFIELDER;1612.5;0.22;-0.1624;-0.4178;-0.2901;4;-0.1451
pl-k00099758;Bosnien-Herzegowina;DEFENDER;1477.7;-0.26;-0.6675;-0.7573;-0.7124;6;-0.3562
pl-k00099888;Haiti;DEFENDER;1638.4;-0.01;-0.1406;-0.5715;-0.3561;4;-0.178
pl-k00099891;Haiti;MIDFIELDER;1652.5;-0.24;-0.0241;-0.7319;-0.378;2;-0.378
pl-k00099911;Uruguay;MIDFIELDER;1991.6;0.42;1.1487;-0.2813;0.4337;4;0.2168
pl-k00100096;Schottland;MIDFIELDER;1991.8;2.63;1.1494;1.2275;1.1884;1;1.1884
pl-k00100132;Brasilien;DEFENDER;1545.6;-0.24;-0.4449;-0.7424;-0.5937;7;-0.2968
pl-k00100297;Algerien;FORWARD;1717.7;0.24;0.212;-0.0193;0.0964;4;0.0482
pl-k00100385;Paraguay;FORWARD;1533.8;0.23;-0.3957;-0.0265;-0.2111;3;-0.2111
pl-k00100539;Schottland;MIDFIELDER;1933.0;0.48;0.946;-0.2403;0.3528;5;0.1764
pl-k00100729;Brasilien;MIDFIELDER;1781.6;-0.26;0.4224;-0.7455;-0.1616;5;-0.0808
pl-k00100735;Brasilien;FORWARD;2073.7;4.53;1.3885;3.069;2.2288;1;2.2288
pl-k00100766;Portugal;FORWARD;2092.8;-0.51;1.4517;-0.5592;0.4462;4;0.2231
pl-k00100775;Spanien;DEFENDER;2141.9;2.85;1.5103;1.554;1.5322;2;1.5322
pl-k00100782;Spanien;FORWARD;2104.6;-2.16;1.4907;-1.747;-0.1282;7;-0.0641
pl-k00100789;England;DEFENDER;2065.8;2.86;1.2608;1.5614;1.4111;3;1.4111
pl-k00100804;Türkei;DEFENDER;1816.2;1.19;0.4424;0.3203;0.3813;5;0.1907
pl-k00100814;Türkei;FORWARD;968.5;0.0;-2.264;-0.192;-1.228;10;-0.614
pl-k00100992;Australien;MIDFIELDER;1683.5;0.47;0.0831;-0.2472;-0.082;4;-0.041
pl-k00101025;Neuseeland;DEFENDER;1577.8;-0.25;-0.3393;-0.7499;-0.5446;6;-0.2723
pl-k00101031;Neuseeland;MIDFIELDER;1309.8;1.43;-1.2093;0.4082;-0.4005;8;-0.2003
pl-k00101100;Japan;MIDFIELDER;1715.8;1.41;0.1948;0.3946;0.2947;5;0.1474
pl-k00101109;Bosnien-Herzegowina;DEFENDER;1716.4;-0.25;0.1151;-0.7499;-0.3174;5;-0.1587
pl-k00101120;Senegal;GOALKEEPER;1675.9;-0.48;0.2694;-0.9576;-0.3441;3;-0.1721
pl-k00101133;England;GOALKEEPER;1857.5;-1.92;0.8223;-2.4154;-0.7965;3;-0.3983
pl-k00101135;England;DEFENDER;2207.5;3.77;1.7254;2.2377;1.9816;1;1.9816
pl-k00101264;Tschechien;FORWARD;1712.0;0.47;0.1932;0.1463;0.1697;2;0.1697
pl-k00101284;Uruguay;DEFENDER;1797.6;0.41;0.3814;-0.2594;0.061;6;0.0305
pl-k00101285;Uruguay;GOALKEEPER;1663.2;0.0;0.2307;-0.4717;-0.1205;3;-0.0602
pl-k00101287;Uruguay;DEFENDER;1590.5;-0.01;-0.2977;-0.5715;-0.4346;8;-0.2173
pl-k00101288;Uruguay;DEFENDER;2011.8;1.67;1.0837;0.677;0.8804;1;0.8804
pl-k00101293;Uruguay;MIDFIELDER;1772.9;0.47;0.3923;-0.2472;0.0726;6;0.0363
pl-k00101298;Uruguay;MIDFIELDER;2070.7;4.55;1.4223;2.5383;1.9803;1;1.9803
pl-k00101299;Uruguay;DEFENDER;1792.0;0.22;0.363;-0.4006;-0.0188;7;-0.0094
pl-k00101301;Uruguay;FORWARD;1675.4;0.47;0.0722;0.1463;0.1093;5;0.0546
pl-k00101347;Argentinien;DEFENDER;1813.1;0.92;0.4322;0.1197;0.2759;6;0.138
pl-k00101356;Frankreich;DEFENDER;2069.3;3.8;1.2723;2.26;1.7662;3;1.7662
pl-k00101378;Brasilien;MIDFIELDER;1934.2;3.1;0.9502;1.5484;1.2493;2;1.2493
pl-k00101481;Japan;MIDFIELDER;1897.0;2.35;0.8215;1.0363;0.9289;1;0.9289
pl-k00101588;Schweden;GOALKEEPER;1597.5;0.48;0.0307;0.0142;0.0225;3;0.0112
pl-k00101599;Schweden;FORWARD;2130.9;-3.85;1.5776;-2.9636;-0.693;4;-0.3465
pl-k00101605;Brasilien;DEFENDER;1917.1;2.82;0.7732;1.5317;1.1525;2;1.1525
pl-k00101629;Portugal;FORWARD;1905.7;-0.27;0.8333;-0.3864;0.2235;7;0.1117
pl-k00101633;Curacao;DEFENDER;1742.2;-0.48;0.1997;-0.9208;-0.3605;2;-0.3605
pl-k00101636;Niederlande;MIDFIELDER;1836.3;0.7;0.6116;-0.0901;0.2607;5;0.1304
pl-k00101638;Niederlande;FORWARD;1895.7;1.42;0.8003;0.8302;0.8152;3;0.8152
pl-k00101663;England;DEFENDER;2070.8;3.31;1.2772;1.8959;1.5865;2;1.5865
pl-k00101765;Österreich;FORWARD;1594.0;0.71;-0.1968;0.3191;0.0611;1;0.0611
pl-k00101781;Brasilien;FORWARD;1971.9;0.94;1.0521;0.4846;0.7684;4;0.3842
pl-k00101783;Schweiz;FORWARD;1845.8;-0.04;0.6354;-0.2208;0.2073;3;0.2073
pl-k00101913;Panama;MIDFIELDER;1540.4;-0.02;-0.4118;-0.5817;-0.4967;6;-0.2484
pl-k00101917;Panama;GOALKEEPER;1656.6;-0.24;0.2106;-0.7147;-0.252;2;-0.126
pl-k00102015;Curacao;DEFENDER;1450.7;0.0;-0.7561;-0.5641;-0.6601;4;-0.33
pl-k00102117;Senegal;DEFENDER;1813.1;4.28;0.4322;2.6168;1.5245;1;1.5245
pl-k00102402;Niederlande;FORWARD;1964.5;0.69;1.0276;0.3047;0.6662;4;0.3331
pl-k00102731;Kroatien;DEFENDER;2165.5;1.15;1.5877;0.2906;0.9391;2;0.9391
pl-k00102793;Kap Verde;FORWARD;1413.4;-0.48;-0.7936;-0.5376;-0.6656;4;-0.3328
pl-k00102800;Österreich;MIDFIELDER;1919.2;-1.21;0.8983;-1.3941;-0.2479;9;-0.124
pl-k00102817;Japan;MIDFIELDER;1809.9;-1.94;0.5203;-1.8925;-0.6861;8;-0.3431
pl-k00103233;DR Kongo;MIDFIELDER;1534.8;2.82;-0.4312;1.3572;0.463;2;0.463
pl-k00103347;Kroatien;FORWARD;1571.8;-0.96;-0.2702;-0.8831;-0.5766;6;-0.2883
pl-k00103453;Niederlande;MIDFIELDER;2102.6;-0.26;1.5326;-0.7455;0.3935;4;0.1968
pl-k00103601;Curacao;GOALKEEPER;1077.9;0.0;-1.5512;-0.4717;-1.0115;2;-0.5057
pl-k00103776;Türkei;FORWARD;1632.9;1.19;-0.0682;0.6646;0.2982;6;0.1491
pl-k00103853;Südkorea;DEFENDER;1175.7;;-1.6578;0.0;-0.8289;5;-0.4144
pl-k00103860;Südkorea;GOALKEEPER;1473.2;-0.24;-0.3477;-0.7147;-0.5312;1;-0.5312
pl-k00103878;Ägypten;FORWARD;2088.8;-0.51;1.4384;-0.5592;0.4396;1;0.4396
pl-k00104033;Ghana;DEFENDER;1635.8;1.41;-0.1491;0.4838;0.1673;2;0.1673
pl-k00104228;Iran;DEFENDER;1262.1;0.0;-1.3745;-0.5641;-0.9693;5;-0.4846
pl-k00104230;Belgien;MIDFIELDER;1686.9;4.28;0.0949;2.354;1.2244;3;1.2244
pl-k00104271;Australien;DEFENDER;1792.6;0.48;0.365;-0.2073;0.0788;5;0.0394
pl-k00104274;Ghana;MIDFIELDER;1562.0;0.93;-0.3371;0.0669;-0.1351;1;-0.1351
pl-k00104317;Deutschland;MIDFIELDER;1906.8;4.76;0.8554;2.6817;1.7685;1;1.7685
pl-k00104437;Iran;FORWARD;1602.9;0.47;-0.1674;0.1463;-0.0105;2;-0.0105
pl-k00104441;Bosnien-Herzegowina;GOALKEEPER;1547.3;1.2;-0.1221;0.7431;0.3105;1;0.3105
pl-k00104485;Norwegen;DEFENDER;2043.2;0.72;1.1867;-0.029;0.5789;1;0.5789
pl-k00104568;Saudi-Arabien;GOALKEEPER;1680.7;0.0;0.284;-0.4717;-0.0939;2;-0.0469
pl-k00104581;Saudi-Arabien;MIDFIELDER;1833.5;1.19;0.6019;0.2444;0.4231;5;0.2116
pl-k00104617;Kolumbien;MIDFIELDER;1634.8;1.9;-0.0853;0.7291;0.3219;4;0.161
pl-k00104723;Iran;DEFENDER;1675.2;0.0;-0.02;-0.5641;-0.292;1;-0.292
pl-k00104729;Iran;MIDFIELDER;1524.6;0.47;-0.4664;-0.2472;-0.3568;3;-0.3568
pl-k00104730;Iran;MIDFIELDER;1413.4;0.23;-0.851;-0.411;-0.631;5;-0.3155
pl-k00104735;Iran;FORWARD;1849.4;0.22;0.6473;-0.0337;0.3068;1;0.3068
pl-k00104808;Neuseeland;GOALKEEPER;1737.8;1.2;0.4578;0.7431;0.6005;1;0.6005
pl-k00104953;Panama;FORWARD;1484.7;0.0;-0.558;-0.192;-0.375;3;-0.375
pl-k00104975;Japan;MIDFIELDER;1473.5;-0.24;-0.6432;-0.7319;-0.6875;9;-0.3438
pl-k00104978;Tschechien;FORWARD;1558.6;0.0;-0.3138;-0.192;-0.2529;5;-0.1265
pl-k00105008;Neuseeland;MIDFIELDER;1357.7;1.39;-1.0437;0.3809;-0.3314;6;-0.1657
pl-k00105138;Marokko;GOALKEEPER;1504.2;-0.24;-0.2534;-0.7147;-0.484;3;-0.242
pl-k00105180;Deutschland;MIDFIELDER;1921.4;0.23;0.9059;-0.411;0.2474;9;0.1237
pl-k00105212;Türkei;GOALKEEPER;1734.5;0.0;0.4478;-0.4717;-0.012;4;-0.006
pl-k00105223;England;FORWARD;2004.5;1.43;1.1598;0.8374;0.9986;4;0.4993
pl-k00105391;Japan;MIDFIELDER;1674.2;1.64;0.051;0.5516;0.3013;4;0.1506
pl-k00105434;Marokko;DEFENDER;2044.2;2.38;1.19;1.2047;1.1973;2;1.1973
pl-k00105471;Australien;DEFENDER;1348.8;0.7;-1.0902;-0.0438;-0.567;10;-0.2835
pl-k00105695;Saudi-Arabien;FORWARD;1584.4;0.0;-0.2285;-0.192;-0.2103;1;-0.2103
pl-k00105718;Türkei;DEFENDER;1862.5;0.2;0.5942;-0.4154;0.0894;9;0.0447
pl-k00105800;Kanada;MIDFIELDER;1882.2;0.23;0.7703;-0.411;0.1797;2;0.1797
pl-k00105812;Niederlande;FORWARD;2031.1;0.91;1.2478;0.463;0.8554;2;0.8554
pl-k00105828;Tunesien;DEFENDER;913.4;;-2.5178;0.0;-1.2589;9;-0.6295
pl-k00105829;Tunesien;DEFENDER;1503.5;0.0;-0.5829;-0.5641;-0.5735;2;-0.5735
pl-k00105836;Tunesien;FORWARD;971.7;0.0;-2.2534;-0.192;-1.2227;5;-0.6114
pl-k00105876;Schottland;DEFENDER;1685.6;0.46;0.0141;-0.2222;-0.104;8;-0.052
pl-k00105950;Iran;GOALKEEPER;1405.2;0.0;-0.5548;-0.4717;-0.5132;3;-0.2566
pl-k00105955;Iran;MIDFIELDER;1409.6;0.0;-0.8642;-0.568;-0.7161;7;-0.358
pl-k00105961;Iran;FORWARD;1491.2;0.0;-0.5365;-0.192;-0.3643;3;-0.3643
pl-k00105983;Frankreich;MIDFIELDER;2111.8;3.33;1.5644;1.7054;1.6349;1;1.6349
pl-k00106053;Curacao;DEFENDER;1402.3;-0.25;-0.9148;-0.7499;-0.8323;6;-0.4162
pl-k00106067;Paraguay;MIDFIELDER;1642.9;0.24;-0.0573;-0.4042;-0.2307;4;-0.1154
pl-k00106087;Japan;DEFENDER;1852.6;-0.24;0.5617;-0.7424;-0.0904;6;-0.0452
pl-k00106091;Japan;MIDFIELDER;2022.1;0.46;1.2542;-0.254;0.5001;3;0.5001
pl-k00106095;USA;DEFENDER;1795.4;1.88;0.3742;0.8331;0.6036;4;0.3018
pl-k00106109;Saudi-Arabien;MIDFIELDER;1884.1;2.38;0.7769;1.0568;0.9169;2;0.9169
pl-k00106186;Saudi-Arabien;GOALKEEPER;1439.8;0.0;-0.4494;-0.4717;-0.4606;3;-0.2303
pl-k00106205;Japan;DEFENDER;1723.6;0.46;0.1387;-0.2222;-0.0417;5;-0.0209
pl-k00106358;Japan;DEFENDER;1864.7;0.21;0.6014;-0.408;0.0967;4;0.0484
pl-k00106359;Japan;FORWARD;1499.1;0.0;-0.5104;-0.192;-0.3512;3;-0.3512
pl-k00106362;USA;MIDFIELDER;1785.5;-0.76;0.4359;-1.0869;-0.3255;8;-0.1627
pl-k00106538;Japan;GOALKEEPER;1587.8;0.72;0.0012;0.2572;0.1292;2;0.0646
pl-k00106559;Saudi-Arabien;MIDFIELDER;1909.9;0.69;0.8661;-0.097;0.3846;6;0.1923
pl-k00106597;Marokko;FORWARD;1731.2;-2.65;0.2566;-2.0997;-0.9215;6;-0.4608
pl-k00106599;Ägypten;GOALKEEPER;1486.3;0.24;-0.3079;-0.2288;-0.2683;1;-0.2683
pl-k00106676;Argentinien;FORWARD;2045.7;0.47;1.296;0.1463;0.7211;3;0.7211
pl-k00106680;Brasilien;DEFENDER;2053.6;3.83;1.2208;2.2823;1.7516;1;1.7516
pl-k00106698;Deutschland;FORWARD;1906.6;-1.22;0.8363;-1.0703;-0.117;4;-0.0585
pl-k00106891;Türkei;DEFENDER;843.4;0.0;-2.7474;-0.5641;-1.6557;12;-0.8279
pl-k00106912;Senegal;GOALKEEPER;2035.5;1.92;1.3642;1.4719;1.4181;1;1.4181
pl-k00106928;Deutschland;MIDFIELDER;2037.9;1.43;1.3088;0.4082;0.8585;5;0.4293
pl-k00107005;Türkei;MIDFIELDER;1882.1;3.36;0.77;1.7259;1.2479;2;1.2479
pl-k00107290;Algerien;DEFENDER;1976.0;1.4;0.9664;0.4764;0.7214;3;0.7214
pl-k00107395;Kanada;MIDFIELDER;1677.9;0.87;0.0638;0.0259;0.0448;4;0.0224
pl-k00107513;Schweiz;FORWARD;1830.9;0.66;0.5861;0.2831;0.4346;1;0.4346
pl-k00107564;Panama;MIDFIELDER;1763.9;0.95;0.3612;0.0805;0.2209;1;0.2209
pl-k00107692;Deutschland;MIDFIELDER;2091.0;0.2;1.4925;-0.4315;0.5305;6;0.2652
pl-k00107693;Deutschland;MIDFIELDER;2012.4;1.64;1.2206;0.5516;0.8861;4;0.4431
pl-k00107767;Spanien;GOALKEEPER;2123.4;2.4;1.6318;1.9579;1.7948;2;0.8974
pl-k00107833;Niederlande;FORWARD;1853.1;-1.24;0.6595;-1.0847;-0.2126;6;-0.1063
pl-k00107834;Niederlande;DEFENDER;2262.8;-0.04;1.9067;-0.5938;0.6565;3;0.6565
pl-k00107835;Niederlande;MIDFIELDER;1806.1;-0.08;0.5071;-0.6226;-0.0578;8;-0.0289
pl-k00107846;Niederlande;FORWARD;1894.1;1.88;0.795;1.1613;0.9782;1;0.9782
pl-k00107848;Curacao;DEFENDER;1497.6;-0.74;-0.6023;-1.114;-0.8582;7;-0.4291
pl-k00108054;Curacao;MIDFIELDER;1353.3;-0.73;-1.0589;-1.0664;-1.0626;5;-0.5313
pl-k00108107;Portugal;FORWARD;1857.6;-0.72;0.6744;-0.7104;-0.018;8;-0.009
pl-k00108112;Türkei;GOALKEEPER;1840.6;0.0;0.7708;-0.4717;0.1496;3;0.0748
pl-k00108337;Kolumbien;FORWARD;1818.9;0.41;0.5465;0.1031;0.3248;2;0.3248
pl-k00108493;Panama;MIDFIELDER;1732.5;-0.48;0.2526;-0.8957;-0.3216;3;-0.3216
pl-k00108624;Haiti;MIDFIELDER;1139.5;0.0;-1.7983;-0.568;-1.1832;3;-1.1832
pl-k00108633;USA;DEFENDER;1914.2;0.68;0.7637;-0.0587;0.3525;5;0.1763
pl-k00108669;Irak;MIDFIELDER;1518.1;-0.96;-0.4889;-1.2234;-0.8562;5;-0.4281
pl-k00108822;Norwegen;FORWARD;2288.6;1.16;2.0987;0.643;1.3709;1;1.3709
pl-k00109674;USA;MIDFIELDER;1922.6;0.94;0.9101;0.0737;0.4919;4;0.2459
pl-k00110076;Türkei;DEFENDER;1975.3;-0.27;0.9641;-0.7647;0.0997;8;0.0498
pl-k00110095;Haiti;FORWARD;1081.7;0.0;-1.8899;-0.192;-1.041;7;-0.5205
pl-k00110131;Portugal;FORWARD;2077.9;1.66;1.4024;1.0029;1.2027;1;1.2027
pl-k00110134;Tunesien;DEFENDER;1544.6;-1.46;-0.4482;-1.6491;-1.0487;7;-0.5243
pl-k00110177;Elfenbeinküste;DEFENDER;2000.0;1.18;1.045;0.3129;0.679;2;0.679
pl-k00110243;Niederlande;MIDFIELDER;2039.8;1.64;1.3154;0.5516;0.9335;2;0.9335
pl-k00110300;Argentinien;MIDFIELDER;1813.9;0.22;0.5341;-0.4178;0.0581;9;0.0291
pl-k00110311;USA;DEFENDER;1881.3;2.63;0.6558;1.3905;1.0232;2;1.0232
pl-k00110341;Tschechien;MIDFIELDER;1815.8;0.46;0.5407;-0.254;0.1434;6;0.0717
pl-k00110344;Tschechien;DEFENDER;1616.3;1.16;-0.2131;0.298;0.0425;6;0.0212
pl-k00110515;Kanada;MIDFIELDER;1688.4;-0.72;0.1001;-1.0596;-0.4798;6;-0.2399
pl-k00110564;Uruguay;MIDFIELDER;1495.7;0.94;-0.5664;0.0737;-0.2463;8;-0.1232
pl-k00110616;Portugal;FORWARD;1986.8;1.91;1.1013;1.1829;1.1421;2;1.1421
pl-k00110655;Kap Verde;FORWARD;1473.6;1.87;-0.5947;1.1541;0.2797;1;0.2797
pl-k00110676;Belgien;MIDFIELDER;2099.0;2.14;1.5201;0.893;1.2065;4;0.6033
pl-k00110713;Senegal;DEFENDER;1770.9;2.12;0.2938;1.0115;0.6527;3;0.6527
pl-k00110782;Belgien;FORWARD;1838.2;1.39;0.6102;0.8086;0.7094;3;0.7094
pl-k00110802;DR Kongo;MIDFIELDER;1624.7;-0.75;-0.1202;-1.0801;-0.6001;8;-0.3001
pl-k00110835;Tunesien;DEFENDER;1387.3;0.0;-0.964;-0.5641;-0.764;3;-0.764
pl-k00110836;Kanada;FORWARD;1908.1;-1.71;0.8413;-1.423;-0.2909;3;-0.2909
pl-k00110964;Argentinien;GOALKEEPER;1975.1;1.2;1.1803;0.7431;0.9617;2;0.4808
pl-k00111030;Kanada;DEFENDER;1724.1;0.69;0.1404;-0.0513;0.0446;3;0.0446
pl-k00111104;Deutschland;DEFENDER;1988.6;0.68;1.0077;-0.0587;0.4745;7;0.2372
pl-k00111248;Tunesien;DEFENDER;1775.0;1.87;0.3073;0.8257;0.5665;1;0.5665
pl-k00111286;Marokko;DEFENDER;1872.5;0.95;0.627;0.142;0.3845;4;0.1922
pl-k00111312;Neuseeland;GOALKEEPER;1524.0;0.0;-0.1931;-0.4717;-0.3324;3;-0.1662
pl-k00111322;Haiti;FORWARD;1617.4;-0.24;-0.1195;-0.3648;-0.2421;2;-0.2421
pl-k00111323;Algerien;DEFENDER;1663.6;-0.24;-0.058;-0.7424;-0.4002;7;-0.2001
pl-k00111352;Frankreich;DEFENDER;2254.1;3.05;1.8782;1.7026;1.7904;2;1.7904
pl-k00111363;Südkorea;MIDFIELDER;1108.1;;-1.9069;0.0;-0.9534;8;-0.4767
pl-k00111483;Spanien;DEFENDER;2013.0;1.9;1.0877;0.848;0.9678;5;0.4839
pl-k00111568;Argentinien;DEFENDER;1975.1;1.67;0.9634;0.677;0.8202;3;0.8202
pl-k00111572;Südafrika;DEFENDER;1288.6;2.83;-1.2876;1.5391;0.1258;4;0.0629
pl-k00111733;Schottland;MIDFIELDER;1814.0;-0.75;0.5345;-1.0801;-0.2728;7;-0.1364
pl-k00111774;Ghana;DEFENDER;1699.1;-0.24;0.0584;-0.7424;-0.342;7;-0.171
pl-k00111857;Südkorea;MIDFIELDER;1672.0;0.21;0.0434;-0.4247;-0.1907;2;-0.1907
pl-k00111860;Kroatien;GOALKEEPER;1761.5;1.92;0.53;1.4719;1.001;1;1.001
pl-k00111988;Mexiko;DEFENDER;1736.3;-0.74;0.1804;-1.114;-0.4668;7;-0.2334
pl-k00112075;Südkorea;DEFENDER;1175.7;;-1.6578;0.0;-0.8289;6;-0.4144
pl-k00112076;Südkorea;MIDFIELDER;1920.7;0.69;0.9035;-0.097;0.4033;1;0.4033
pl-k00112077;Mexiko;MIDFIELDER;1700.7;0.72;0.1426;-0.0765;0.0331;8;0.0165
pl-k00112079;Mexiko;FORWARD;1761.7;0.69;0.3574;0.3047;0.331;3;0.331
pl-k00112080;Schweiz;FORWARD;1962.4;-0.49;1.0207;-0.5448;0.238;2;0.238
pl-k00112101;Schottland;DEFENDER;1581.7;0.95;-0.3265;0.142;-0.0923;7;-0.0461
pl-k00112135;Kolumbien;DEFENDER;1913.3;1.4;0.7608;0.4764;0.6186;2;0.6186
pl-k00112426;Norwegen;FORWARD;1715.0;-3.13;0.2031;-2.4453;-1.1211;3;-1.1211
pl-k00112730;Südkorea;DEFENDER;1544.2;-0.49;-0.4495;-0.9282;-0.6889;3;-0.6889
pl-k00112780;Japan;DEFENDER;1840.6;0.47;0.5224;-0.2148;0.1538;3;0.1538
pl-k00112823;Curacao;FORWARD;1449.4;-0.01;-0.6747;-0.1992;-0.437;6;-0.2185
pl-k00112868;Usbekistan;FORWARD;1776.9;1.2;0.4077;0.6718;0.5397;1;0.5397
pl-k00112929;Niederlande;DEFENDER;2114.6;2.85;1.4208;1.554;1.4874;2;1.4874
pl-k00112936;Kroatien;GOALKEEPER;1669.5;0.24;0.2499;-0.2288;0.0106;3;0.0053
pl-k00113011;Usbekistan;FORWARD;1436.5;0.0;-0.7173;-0.192;-0.4547;2;-0.4547
pl-k00113069;DR Kongo;GOALKEEPER;1369.2;-0.24;-0.6644;-0.7147;-0.6895;3;-0.3448
pl-k00113146;Panama;DEFENDER;1667.6;2.36;-0.0449;1.1898;0.5725;1;0.5725
pl-k00113163;Argentinien;DEFENDER;1834.3;1.87;0.5017;0.8257;0.6637;4;0.3319
pl-k00113179;Argentinien;FORWARD;2044.0;1.64;1.2904;0.9886;1.1395;1;1.1395
pl-k00113185;USA;DEFENDER;1736.5;0.43;0.181;-0.2445;-0.0317;8;-0.0159
pl-k00113214;England;MIDFIELDER;2212.2;0.68;1.9116;-0.1038;0.9039;4;0.452
pl-k00113407;England;FORWARD;2223.2;0.94;1.8826;0.4846;1.1836;3;1.1836
pl-k00113426;USA;MIDFIELDER;1855.3;0.24;0.6773;-0.4042;0.1366;6;0.0683
pl-k00113510;Mexiko;MIDFIELDER;1740.1;-0.5;0.2789;-0.9094;-0.3153;9;-0.1576
pl-k00113695;Iran;GOALKEEPER;1509.5;0.0;-0.2372;-0.4717;-0.3545;2;-0.1772
pl-k00113749;Irak;GOALKEEPER;1475.1;0.0;-0.3419;-0.4717;-0.4068;1;-0.4068
pl-k00113751;Irak;DEFENDER;1311.0;0.22;-1.2141;-0.4006;-0.8074;5;-0.4037
pl-k00113754;Irak;DEFENDER;1347.6;0.24;-1.0941;-0.3857;-0.7399;4;-0.37
pl-k00113759;Irak;FORWARD;1080.0;;-1.8955;0.0;-0.9477;3;-0.9477
pl-k00113856;Usbekistan;GOALKEEPER;1484.9;0.0;-0.3121;-0.4717;-0.3919;2;-0.196
pl-k00113866;Usbekistan;MIDFIELDER;1526.6;-0.48;-0.4595;-0.8957;-0.6776;2;-0.6776
pl-k00113867;Usbekistan;MIDFIELDER;1506.4;-0.72;-0.5294;-1.0596;-0.7945;3;-0.7945
pl-k00113914;Argentinien;DEFENDER;1778.8;-0.49;0.3197;-0.9282;-0.3042;8;-0.1521
pl-k00113916;Katar;MIDFIELDER;1524.4;0.0;-0.4671;-0.568;-0.5176;5;-0.2588
pl-k00113920;Katar;MIDFIELDER;1528.3;0.0;-0.4536;-0.568;-0.5108;3;-0.5108
pl-k00113922;Katar;FORWARD;1130.7;;-1.7279;0.0;-0.864;5;-0.432
pl-k00113924;Katar;DEFENDER;1673.1;-0.24;-0.0268;-0.7424;-0.3846;3;-0.3846
pl-k00113925;Katar;MIDFIELDER;1491.2;-0.48;-0.5819;-0.8957;-0.7388;7;-0.3694
pl-k00113926;Katar;DEFENDER;1710.3;-0.25;0.0951;-0.7499;-0.3274;1;-0.3274
pl-k00113927;Katar;MIDFIELDER;1522.2;0.48;-0.4747;-0.2403;-0.3575;2;-0.3575
pl-k00113930;Katar;FORWARD;1600.8;0.0;-0.1743;-0.192;-0.1832;3;-0.1832
pl-k00113932;Katar;MIDFIELDER;1525.0;0.0;-0.465;-0.568;-0.5165;4;-0.2583
pl-k00113966;Saudi-Arabien;DEFENDER;1881.0;1.19;0.6549;0.3203;0.4876;4;0.2438
pl-k00113975;Usbekistan;FORWARD;1418.2;0.0;-0.7778;-0.192;-0.4849;3;-0.4849
pl-k00114084;Jordanien;DEFENDER;1555.2;-0.48;-0.4134;-0.9208;-0.6671;4;-0.3336
pl-k00114094;Jordanien;DEFENDER;1486.0;0.0;-0.6403;-0.5641;-0.6022;2;-0.6022
pl-k00114256;Ecuador;GOALKEEPER;1619.4;1.44;0.0974;0.986;0.5417;1;0.5417
pl-k00114257;Ecuador;DEFENDER;1581.5;1.19;-0.3272;0.3203;-0.0034;6;-0.0017
pl-k00114259;Ecuador;MIDFIELDER;1605.1;0.0;-0.188;-0.568;-0.378;5;-0.189
pl-k00114277;Ecuador;FORWARD;1868.7;0.23;0.711;-0.0265;0.3423;2;0.3423
pl-k00114290;Paraguay;MIDFIELDER;1598.3;-0.74;-0.2115;-1.0732;-0.6424;9;-0.3212
pl-k00114307;Paraguay;GOALKEEPER;1613.6;2.4;0.0797;1.9579;1.0188;1;1.0188
pl-k00114311;Uruguay;DEFENDER;1828.7;0.96;0.4834;0.1494;0.3164;5;0.1582
pl-k00114315;Uruguay;FORWARD;2037.2;0.7;1.2679;0.3119;0.7899;1;0.7899
pl-k00114317;Uruguay;MIDFIELDER;1642.6;2.37;-0.0583;1.05;0.4958;3;0.4958
pl-k00114335;Uruguay;FORWARD;2118.4;-0.97;1.5363;-0.8903;0.323;4;0.1615
pl-k00114376;Argentinien;DEFENDER;1796.5;0.91;0.3778;0.1122;0.245;7;0.1225
pl-k00114381;Argentinien;MIDFIELDER;1823.1;0.66;0.5659;-0.1174;0.2242;7;0.1121
pl-k00114540;Argentinien;MIDFIELDER;2048.4;-0.28;1.3451;-0.7592;0.293;6;0.1465
pl-k00114723;Frankreich;MIDFIELDER;1909.9;0.72;0.8661;-0.0765;0.3948;5;0.1974
pl-k00114736;Deutschland;FORWARD;1931.3;-0.97;0.9179;-0.8903;0.0138;3;0.0138
pl-k00114740;Ghana;MIDFIELDER;1586.3;-1.95;-0.253;-1.8993;-1.0762;7;-0.5381
pl-k00114796;Tunesien;MIDFIELDER;1672.3;0.95;0.0444;0.0805;0.0625;1;0.0625
pl-k00114872;Curacao;FORWARD;1512.8;0.0;-0.4651;-0.192;-0.3286;4;-0.1643
pl-k00114972;Kanada;GOALKEEPER;1789.3;-0.96;0.6146;-1.4435;-0.4145;2;-0.2072
pl-k00114978;Kanada;MIDFIELDER;1767.9;-1.46;0.375;-1.5648;-0.5949;8;-0.2974
pl-k00114996;USA;GOALKEEPER;1654.6;0.48;0.2045;0.0142;0.1094;2;0.0547
pl-k00114998;USA;MIDFIELDER;1854.2;-1.96;0.6735;-1.9061;-0.6163;10;-0.3082
pl-k00115053;Japan;DEFENDER;1512.1;1.16;-0.5547;0.298;-0.1284;7;-0.0642
pl-k00115136;Japan;FORWARD;1857.1;-1.93;0.6727;-1.5814;-0.4544;4;-0.2272
pl-k00115166;Japan;FORWARD;1853.7;-1.5;0.6615;-1.2719;-0.3052;2;-0.3052
pl-k00115227;Japan;DEFENDER;1759.2;1.9;0.2555;0.848;0.5517;2;0.5517
pl-k00115263;Elfenbeinküste;DEFENDER;1868.7;-0.25;0.6145;-0.7499;-0.0677;6;-0.0338
pl-k00115268;Mexiko;DEFENDER;1634.8;0.47;-0.1524;-0.2148;-0.1836;6;-0.0918
pl-k00115533;Kroatien;FORWARD;1778.5;0.9;0.4129;0.4558;0.4344;3;0.4344
pl-k00115539;Südafrika;FORWARD;1553.0;-0.73;-0.3323;-0.7176;-0.5249;5;-0.2625
pl-k00115590;Kolumbien;MIDFIELDER;1752.6;0.72;0.3221;-0.0765;0.1228;5;0.0614
pl-k00115605;Schottland;GOALKEEPER;1608.3;0.0;0.0636;-0.4717;-0.2041;2;-0.102
pl-k00115622;Paraguay;DEFENDER;1899.8;0.46;0.7165;-0.2222;0.2471;2;0.2471
pl-k00115688;Argentinien;DEFENDER;2033.8;0.48;1.1559;-0.2073;0.4743;5;0.2371
pl-k00115723;Ecuador;DEFENDER;1734.2;0.92;0.1735;0.1197;0.1466;4;0.0733
pl-k00115737;Kolumbien;FORWARD;1300.5;0.21;-1.1668;-0.0409;-0.6038;4;-0.3019
pl-k00115738;Kolumbien;GOALKEEPER;1732.8;2.16;0.4426;1.7149;1.0788;1;1.0788
pl-k00115740;Argentinien;DEFENDER;2046.0;3.1;1.1959;1.7398;1.4678;2;1.4678
pl-k00115743;Mexiko;MIDFIELDER;1919.0;0.96;0.8976;0.0874;0.4925;3;0.4925
pl-k00115744;Mexiko;FORWARD;1977.3;0.0;1.07;-0.192;0.439;2;0.439
pl-k00115782;Paraguay;MIDFIELDER;1659.6;0.0;0.0005;-0.568;-0.2838;6;-0.1419
pl-k00115787;Paraguay;DEFENDER;1420.5;0.0;-0.8551;-0.5641;-0.7096;8;-0.3548
pl-k00115794;Paraguay;DEFENDER;1605.3;0.24;-0.2491;-0.3857;-0.3174;5;-0.1587
pl-k00115803;Panama;GOALKEEPER;1648.5;0.0;0.186;-0.4717;-0.1429;1;-0.1429
pl-k00115805;Paraguay;FORWARD;1816.8;1.4;0.5395;0.8158;0.6777;1;0.6777
pl-k00115806;Panama;DEFENDER;1498.0;0.47;-0.601;-0.2148;-0.4079;4;-0.2039
pl-k00115934;Kolumbien;DEFENDER;1893.6;-0.97;0.6962;-1.285;-0.2944;5;-0.1472
pl-k00116010;Spanien;MIDFIELDER;2168.8;3.75;1.7615;1.9921;1.8768;2;1.8768
pl-k00116213;Uruguay;FORWARD;1861.0;0.72;0.6856;0.3263;0.5059;2;0.5059
pl-k00116395;Türkei;DEFENDER;1828.2;-0.03;0.4817;-0.5864;-0.0523;11;-0.0262
pl-k00116479;Senegal;MIDFIELDER;1773.2;2.86;0.3934;1.3845;0.8889;4;0.4445
pl-k00116517;Portugal;MIDFIELDER;2098.6;5.98;1.5188;3.5146;2.5167;1;2.5167
pl-k00116544;Spanien;FORWARD;1830.7;0.69;0.5855;0.3047;0.4451;4;0.2225
pl-k00116568;Tschechien;GOALKEEPER;1799.4;0.48;0.6454;0.0142;0.3298;1;0.3298
pl-k00116607;Portugal;DEFENDER;1894.7;2.63;0.6998;1.3905;1.0451;4;0.5226
pl-k00116618;England;GOALKEEPER;2028.9;0.72;1.3441;0.2572;0.8006;1;0.8006
pl-k00116621;England;DEFENDER;2007.2;-1.2;1.0687;-1.4559;-0.1936;8;-0.0968
pl-k00116627;England;FORWARD;2137.5;1.84;1.5994;1.1325;1.366;2;1.366
pl-k00116636;Belgien;GOALKEEPER;1975.1;1.92;1.1803;1.4719;1.3261;2;0.6631
pl-k00116650;Belgien;FORWARD;2160.9;2.38;1.6767;1.5213;1.599;1;1.599
pl-k00116659;Marokko;DEFENDER;1870.4;0.47;0.6201;-0.2148;0.2027;5;0.1013
pl-k00116718;DR Kongo;MIDFIELDER;1538.8;0.24;-0.4173;-0.4042;-0.4108;3;-0.4108
pl-k00116727;Irak;DEFENDER;1476.4;-0.01;-0.6718;-0.5715;-0.6217;3;-0.6217
pl-k00116730;Schweden;MIDFIELDER;1910.6;-1.21;0.8686;-1.3941;-0.2628;2;-0.2628
pl-k00116735;Bosnien-Herzegowina;MIDFIELDER;1595.9;0.69;-0.2198;-0.097;-0.1584;4;-0.0792
pl-k00117046;Japan;GOALKEEPER;1608.7;0.0;0.0648;-0.4717;-0.2035;3;-0.1017
pl-k00117047;Kap Verde;GOALKEEPER;1832.2;0.0;0.7452;-0.4717;0.1368;1;0.1368
pl-k00117048;USA;DEFENDER;2100.8;1.9;1.3756;0.848;1.1118;1;1.1118
pl-k00117065;Norwegen;MIDFIELDER;1925.1;1.67;0.9187;0.5721;0.7454;5;0.3727
pl-k00117066;Norwegen;MIDFIELDER;1812.4;0.95;0.5289;0.0805;0.3047;8;0.1524
pl-k00117247;Haiti;GOALKEEPER;919.1;;-2.0347;0.0;-1.0174;2;-0.5087
pl-k00117251;Haiti;DEFENDER;1673.5;0.24;-0.0255;-0.3857;-0.2056;3;-0.2056
pl-k00117270;Haiti;FORWARD;1497.0;0.0;-0.5174;-0.192;-0.3547;4;-0.1774
pl-k00117527;Uruguay;DEFENDER;2121.0;0.96;1.4418;0.1494;0.7956;2;0.7956
pl-k00117544;Senegal;DEFENDER;1729.4;2.11;0.1578;1.004;0.5809;4;0.2905
pl-k00117605;Neuseeland;DEFENDER;1541.3;-0.02;-0.459;-0.5789;-0.519;5;-0.2595
pl-k00117607;Neuseeland;MIDFIELDER;1479.8;1.91;-0.6214;0.7359;0.0573;1;0.0573
pl-k00117608;Neuseeland;MIDFIELDER;1740.4;0.47;0.2799;-0.2472;0.0164;2;0.0164
pl-k00117610;Neuseeland;MIDFIELDER;1241.3;-0.24;-1.4462;-0.7319;-1.0891;9;-0.5445
pl-k00117612;Neuseeland;DEFENDER;1554.9;0.0;-0.4144;-0.5641;-0.4892;4;-0.2446
pl-k00117615;Neuseeland;DEFENDER;1432.0;-0.72;-0.8174;-1.0992;-0.9583;9;-0.4791
pl-k00117616;Neuseeland;FORWARD;1437.3;0.22;-0.7147;-0.0337;-0.3742;3;-0.3742
pl-k00117619;Katar;GOALKEEPER;1636.3;0.72;0.1488;0.2572;0.203;1;0.203
pl-k00117627;Katar;MIDFIELDER;1318.1;0.0;-1.1806;-0.568;-0.8743;8;-0.4372
pl-k00117630;Katar;DEFENDER;1558.1;-1.45;-0.4039;-1.6417;-1.0228;7;-0.5114
pl-k00117636;Katar;GOALKEEPER;1337.7;-0.24;-0.7603;-0.7147;-0.7375;4;-0.3687
pl-k00117676;Ägypten;DEFENDER;1068.7;-1.69;-2.0086;-1.8201;-1.9143;8;-0.9572
pl-k00117677;Ägypten;MIDFIELDER;1325.5;0.7;-1.155;-0.0901;-0.6226;5;-0.3113
pl-k00117727;Saudi-Arabien;DEFENDER;1886.0;0.71;0.6712;-0.0364;0.3174;6;0.1587
pl-k00117731;Saudi-Arabien;DEFENDER;1943.9;1.65;0.8611;0.6622;0.7616;2;0.7616
pl-k00117738;Saudi-Arabien;MIDFIELDER;1539.9;-0.24;-0.4135;-0.7319;-0.5727;11;-0.2863
pl-k00117763;Südafrika;FORWARD;1374.5;2.62;-0.9222;1.694;0.3859;2;0.3859
pl-k00117780;Panama;MIDFIELDER;1673.1;-0.24;0.0472;-0.7319;-0.3424;4;-0.1712
pl-k00117789;Panama;FORWARD;1180.3;;-1.564;0.0;-0.782;5;-0.391
pl-k00117900;Südafrika;GOALKEEPER;1535.2;1.68;-0.159;1.229;0.535;1;0.535
pl-k00117968;DR Kongo;FORWARD;1702.9;0.24;0.1631;-0.0193;0.0719;1;0.0719
pl-k00117979;Algerien;MIDFIELDER;1681.4;-0.49;0.0759;-0.9026;-0.4133;10;-0.2067
pl-k00118072;Österreich;DEFENDER;1682.2;3.83;0.003;2.2823;1.1427;1;1.1427
pl-k00118242;Paraguay;MIDFIELDER;1904.5;-1.21;0.8475;-1.3941;-0.2733;5;-0.1367
pl-k00118244;Tunesien;GOALKEEPER;1235.9;-0.96;-1.0702;-1.4435;-1.2569;1;-1.2569
pl-k00118384;USA;FORWARD;1810.7;0.47;0.5194;0.1463;0.3328;2;0.3328
pl-k00118385;Kanada;MIDFIELDER;1489.4;-0.48;-0.5882;-0.8957;-0.742;9;-0.371
pl-k00118634;Norwegen;DEFENDER;1686.7;-1.94;0.0178;-2.0059;-0.994;7;-0.497
pl-k00118662;Tschechien;GOALKEEPER;948.3;-0.25;-1.9458;-0.7248;-1.3353;3;-0.6676
pl-k00118670;Tschechien;DEFENDER;1714.5;-0.73;0.1089;-1.1066;-0.4988;9;-0.2494
pl-k00118676;Tschechien;MIDFIELDER;1658.7;-0.03;-0.0026;-0.5885;-0.2956;9;-0.1478
pl-k00118737;Schweden;DEFENDER;1952.8;0.44;0.8903;-0.2371;0.3266;4;0.1633
pl-k00118751;Schottland;FORWARD;1732.2;-0.3;0.2599;-0.408;-0.074;3;-0.074
pl-k00118755;USA;MIDFIELDER;1646.4;-0.48;-0.0452;-0.8957;-0.4705;9;-0.2352
pl-k00118788;Brasilien;FORWARD;2141.1;0.21;1.6113;-0.0409;0.7852;3;0.7852
pl-k00119808;Algerien;MIDFIELDER;1823.7;2.11;0.568;0.8725;0.7202;2;0.7202
pl-k00119829;Portugal;DEFENDER;2083.3;2.85;1.3182;1.554;1.4361;3;1.4361
pl-k00120081;Elfenbeinküste;DEFENDER;1954.4;-1.45;0.8955;-1.6417;-0.3731;7;-0.1865
pl-k00120099;Tschechien;DEFENDER;1701.0;0.0;0.0646;-0.5641;-0.2497;8;-0.1249
pl-k00120125;Tschechien;MIDFIELDER;1401.4;2.59;-0.8925;1.2002;0.1538;5;0.0769
pl-k00121256;DR Kongo;DEFENDER;1356.1;0.45;-1.0663;-0.2296;-0.6479;7;-0.324
pl-k00121260;Senegal;DEFENDER;1476.2;0.0;-0.6725;-0.5641;-0.6183;9;-0.3091
pl-k00121357;Schweden;FORWARD;1798.4;2.86;0.4787;1.8668;1.1728;1;1.1728
pl-k00121878;Elfenbeinküste;FORWARD;1804.8;-0.72;0.4999;-0.7104;-0.1052;6;-0.0526
pl-k00121912;Tschechien;MIDFIELDER;1690.2;0.93;0.1063;0.0669;0.0866;7;0.0433
pl-k00123095;Spanien;MIDFIELDER;1967.0;-1.22;1.0636;-1.4009;-0.1687;7;-0.0843
pl-k00123112;Südkorea;MIDFIELDER;1108.1;;-1.9069;0.0;-0.9534;9;-0.4767
pl-k00123303;USA;FORWARD;1843.3;-0.49;0.6271;-0.5448;0.0412;3;0.0412
pl-k00123383;Mexiko;DEFENDER;1703.2;0.92;0.0719;0.1197;0.0958;4;0.0479
pl-k00123466;Mexiko;MIDFIELDER;1776.3;0.71;0.4041;-0.0833;0.1604;6;0.0802
pl-k00123544;Neuseeland;FORWARD;1408.7;1.43;-0.8092;0.8374;0.0141;1;0.0141
pl-k00123545;Neuseeland;MIDFIELDER;1539.1;0.93;-0.4163;0.0669;-0.1747;5;-0.0873
pl-k00123553;Neuseeland;DEFENDER;1385.7;0.42;-0.9692;-0.2519;-0.6106;7;-0.3053
pl-k00123555;Neuseeland;MIDFIELDER;1657.5;-0.3;-0.0068;-0.7728;-0.3898;7;-0.1949
pl-k00123588;Ägypten;MIDFIELDER;1453.4;-0.26;-0.7127;-0.7455;-0.7291;6;-0.3646
pl-k00123602;Niederlande;GOALKEEPER;2144.3;0.47;1.6954;0.0041;0.8498;1;0.8498
pl-k00123610;Spanien;MIDFIELDER;2365.2;3.6;2.4408;1.8897;2.1653;1;2.1653
pl-k00123794;Senegal;MIDFIELDER;1914.7;0.22;0.8827;-0.4178;0.2324;5;0.1162
pl-k00123844;Ecuador;DEFENDER;2109.2;-0.01;1.4031;-0.5715;0.4158;3;0.4158
pl-k00123857;Ecuador;FORWARD;1517.6;0.95;-0.4493;0.4918;0.0213;3;0.0213
pl-k00123858;Ecuador;MIDFIELDER;1730.6;0.72;0.246;-0.0765;0.0848;2;0.0848
pl-k00123893;Haiti;MIDFIELDER;1052.5;0.0;-2.0992;-0.568;-1.3336;5;-0.6668
pl-k00123957;Frankreich;FORWARD;2099.2;3.34;1.4728;2.2123;1.8426;2;1.8426
pl-k00123960;Südkorea;DEFENDER;587.0;;-3.5881;0.0;-1.794;8;-0.897
pl-k00123962;Südkorea;DEFENDER;587.0;;-3.5881;0.0;-1.794;9;-0.897
pl-k00123977;Südkorea;MIDFIELDER;1658.4;0.19;-0.0037;-0.4383;-0.221;3;-0.221
pl-k00123994;Belgien;FORWARD;1872.0;1.43;0.722;0.8374;0.7797;2;0.7797
pl-k00124076;Elfenbeinküste;FORWARD;2030.3;-0.73;1.2451;-0.7176;0.2638;3;0.2638
pl-k00124742;Australien;GOALKEEPER;1361.2;0.0;-0.6887;-0.4717;-0.5802;3;-0.2901
pl-k00124769;Australien;DEFENDER;1545.8;2.59;-0.4442;1.3608;0.4583;2;0.4583
pl-k00124790;Australien;GOALKEEPER;1427.4;-0.24;-0.4872;-0.7147;-0.6009;4;-0.3005
pl-k00124795;Australien;DEFENDER;1504.6;-0.02;-0.5793;-0.5789;-0.5791;11;-0.2896
pl-k00124798;Australien;MIDFIELDER;1553.3;-0.24;-0.3672;-0.7319;-0.5495;9;-0.2748
pl-k00124901;Australien;MIDFIELDER;1701.9;2.13;0.1468;0.8861;0.5164;1;0.5164
pl-k00124927;England;MIDFIELDER;2062.7;2.4;1.3946;1.0705;1.2325;3;1.2325
pl-k00124952;Spanien;GOALKEEPER;2315.5;2.4;2.2167;1.9579;2.0873;1;2.0873
pl-k00124965;England;FORWARD;2212.2;-1.2;1.8463;-1.0559;0.3952;7;0.1976
pl-k00124974;Ghana;FORWARD;2116.9;0.92;1.5313;0.4702;1.0008;1;1.0008
pl-k00125047;England;DEFENDER;1975.9;-1.94;0.966;-2.0059;-0.5199;9;-0.26
pl-k00125107;Katar;GOALKEEPER;1721.3;-0.72;0.4076;-1.2006;-0.3965;2;-0.1982
pl-k00125116;Saudi-Arabien;DEFENDER;1890.7;1.66;0.6867;0.6696;0.6781;3;0.6781
pl-k00125119;Saudi-Arabien;MIDFIELDER;1854.9;0.71;0.6759;-0.0833;0.2963;7;0.1482
pl-k00125123;Saudi-Arabien;FORWARD;1411.4;0.24;-0.8003;-0.0193;-0.4098;2;-0.4098
pl-k00125129;Tunesien;DEFENDER;1181.4;0.0;-1.6391;-0.5641;-1.1016;8;-0.5508
pl-k00125171;England;MIDFIELDER;2172.9;0.7;1.7757;-0.0901;0.8428;6;0.4214
pl-k00125181;Frankreich;FORWARD;2195.3;3.84;1.7904;2.5723;2.1813;1;2.1813
pl-k00125266;Kap Verde;DEFENDER;1963.9;0.0;0.9267;-0.5641;0.1813;1;0.1813
pl-k00125269;Österreich;MIDFIELDER;1723.7;1.18;0.2222;0.2376;0.2299;6;0.1149
pl-k00125275;Schottland;DEFENDER;1871.7;0.23;0.6244;-0.3931;0.1156;5;0.0578
pl-k00125311;Schottland;FORWARD;1520.4;-1.23;-0.44;-1.0775;-0.7588;5;-0.3794
pl-k00125406;Schottland;FORWARD;1626.9;0.45;-0.0881;0.1319;0.0219;2;0.0219
pl-k00125655;Ghana;GOALKEEPER;1335.5;0.48;-0.767;0.0142;-0.3764;2;-0.1882
pl-k00125842;Kanada;DEFENDER;1921.9;-0.48;0.789;-0.9208;-0.0659;4;-0.033
pl-k00125872;USA;MIDFIELDER;1860.8;3.12;0.6963;1.562;1.1292;1;1.1292
pl-k00125875;Kanada;DEFENDER;1701.4;0.47;0.066;-0.2148;-0.0744;6;-0.0372
pl-k00125972;Curacao;MIDFIELDER;1354.8;0.23;-1.0537;-0.411;-0.7323;4;-0.3662
pl-k00126071;Australien;FORWARD;1539.1;0.48;-0.3782;0.1535;-0.1124;1;-0.1124
pl-k00126161;Japan;MIDFIELDER;1815.0;0.67;0.5379;-0.1106;0.2137;7;0.1068
pl-k00126190;Marokko;MIDFIELDER;1624.0;2.14;-0.1227;0.893;0.3852;5;0.1926
pl-k00126214;Belgien;DEFENDER;1935.1;-0.25;0.8322;-0.7499;0.0412;7;0.0206
pl-k00126539;Kolumbien;MIDFIELDER;1881.2;1.64;0.7669;0.5516;0.6592;2;0.6592
pl-k00126579;Ecuador;DEFENDER;2170.9;1.87;1.6054;0.8257;1.2155;1;1.2155
pl-k00126584;Ecuador;DEFENDER;1686.7;-0.25;0.0178;-0.7499;-0.3661;8;-0.183
pl-k00126585;Ecuador;MIDFIELDER;1704.4;-0.25;0.1554;-0.7387;-0.2916;4;-0.1458
pl-k00126589;Ecuador;MIDFIELDER;2007.1;5.68;1.2023;3.3097;2.256;1;2.256
pl-k00126598;Kroatien;FORWARD;1626.5;1.19;-0.0894;0.6646;0.2876;4;0.1438
pl-k00126697;Ecuador;MIDFIELDER;1441.6;1.16;-0.7535;0.2239;-0.2648;3;-0.2648
pl-k00126826;Uruguay;FORWARD;1668.8;-0.74;0.0504;-0.7248;-0.3372;6;-0.1686
pl-k00126831;Argentinien;MIDFIELDER;2013.4;3.35;1.2241;1.719;1.4716;1;1.4716
pl-k00126882;Uruguay;MIDFIELDER;1871.4;0.47;0.733;-0.2472;0.2429;5;0.1215
pl-k00126894;Paraguay;DEFENDER;1630.3;0.94;-0.1672;0.1345;-0.0163;3;-0.0163
pl-k00128521;Kolumbien;MIDFIELDER;1889.7;2.61;0.7963;1.2138;1.0051;1;1.0051
pl-k00128608;Südkorea;GOALKEEPER;1036.0;;-1.6788;0.0;-0.8394;2;-0.4197
pl-k00128763;Usbekistan;DEFENDER;1403.1;0.24;-0.9121;-0.3857;-0.6489;5;-0.3245
pl-k00128790;Schweiz;GOALKEEPER;1561.2;1.68;-0.0798;1.229;0.5746;1;0.5746
pl-k00128826;Usbekistan;MIDFIELDER;1459.0;0.0;-0.6933;-0.568;-0.6307;1;-0.6307
pl-k00128894;Südkorea;MIDFIELDER;1609.5;0.0;-0.1728;-0.568;-0.3704;4;-0.1852
pl-k00128987;Portugal;DEFENDER;2344.9;3.06;2.1759;1.7101;1.943;2;1.943
pl-k00129004;Südkorea;DEFENDER;1736.4;3.08;0.1807;1.7249;0.9528;1;0.9528
pl-k00129073;Kolumbien;FORWARD;1300.5;0.21;-1.1668;-0.0409;-0.6038;5;-0.3019
pl-k00129218;Schweiz;MIDFIELDER;1773.6;-0.73;0.3947;-1.0664;-0.3358;8;-0.1679
pl-k00129278;Senegal;MIDFIELDER;1939.9;3.31;0.9699;1.6917;1.3308;1;1.3308
pl-k00129313;Kap Verde;MIDFIELDER;1460.5;-0.24;-0.6881;-0.7319;-0.71;4;-0.355
pl-k00129317;Portugal;DEFENDER;2112.3;5.73;1.4133;3.6944;2.5538;1;2.5538
pl-k00129372;Kolumbien;DEFENDER;1833.7;0.91;0.4998;0.1122;0.306;3;0.306
pl-k00129414;Belgien;DEFENDER;1806.4;-0.03;0.4102;-0.5864;-0.0881;8;-0.044
pl-k00129425;Schottland;FORWARD;1728.9;-1.68;0.249;-1.4014;-0.5762;4;-0.2881
pl-k00129671;Deutschland;DEFENDER;1747.2;1.16;0.2161;0.298;0.2571;8;0.1285
pl-k00129904;Usbekistan;MIDFIELDER;1199.0;;-1.5925;0.0;-0.7963;4;-0.3981
pl-k00130230;Brasilien;FORWARD;1985.5;-0.48;1.097;-0.5376;0.2797;8;0.1399
pl-k00130252;Österreich;MIDFIELDER;1936.1;1.34;0.9567;0.3468;0.6518;2;0.6518
pl-k00130288;Mexiko;MIDFIELDER;1649.8;-0.25;-0.0334;-0.7387;-0.3861;11;-0.193
pl-k00130356;Frankreich;DEFENDER;1884.0;1.4;0.6647;0.4764;0.5705;6;0.2853
pl-k00130453;Schottland;DEFENDER;1578.1;0.2;-0.3383;-0.4154;-0.3769;10;-0.1884
pl-k00130586;Kroatien;MIDFIELDER;1661.9;-0.48;0.0084;-0.8957;-0.4437;10;-0.2218
pl-k00130739;Elfenbeinküste;DEFENDER;1739.0;2.12;0.1892;1.0115;0.6004;3;0.6004
pl-k00130790;Türkei;MIDFIELDER;2006.8;1.43;1.2013;0.4082;0.8048;3;0.8048
pl-k00130792;Senegal;FORWARD;1758.8;-0.01;0.3478;-0.1992;0.0743;4;0.0371
pl-k00130795;Norwegen;MIDFIELDER;1956.5;3.11;1.0273;1.5552;1.2912;1;1.2912
pl-k00131106;Südkorea;FORWARD;1694.5;-0.97;0.1353;-0.8903;-0.3775;2;-0.3775
pl-k00131344;Türkei;DEFENDER;1740.5;1.43;0.1942;0.4987;0.3464;6;0.1732
pl-k00131539;Kroatien;DEFENDER;2225.4;1.43;1.7841;0.4987;1.1414;1;1.1414
pl-k00131547;Tschechien;FORWARD;1618.9;-0.25;-0.1145;-0.372;-0.2433;4;-0.1216
pl-k00131579;Haiti;FORWARD;1240.5;-1.68;-1.365;-1.4014;-1.3832;8;-0.6916
pl-k00131658;Irak;MIDFIELDER;1285.2;0.0;-1.2944;-0.568;-0.9312;6;-0.4656
pl-k00131688;Bosnien-Herzegowina;DEFENDER;1782.1;0.22;0.3306;-0.4006;-0.035;3;-0.035
pl-k00131702;Kroatien;DEFENDER;1709.2;-0.25;0.0915;-0.7499;-0.3292;7;-0.1646
pl-k00131780;Türkei;FORWARD;2024.5;0.72;1.2259;0.3263;0.7761;3;0.7761
pl-k00131834;Ecuador;GOALKEEPER;1581.8;0.24;-0.0171;-0.2288;-0.1229;3;-0.0615
pl-k00131847;Irak;MIDFIELDER;1056.6;0.0;-2.085;-0.568;-1.3265;11;-0.6633
pl-k00131854;England;MIDFIELDER;1930.6;4.76;0.9377;2.6817;1.8097;2;1.8097
pl-k00131930;Schweiz;MIDFIELDER;1789.1;-0.25;0.4483;-0.7387;-0.1452;7;-0.0726
pl-k00131945;Frankreich;DEFENDER;2051.6;-0.74;1.2142;-1.114;0.0501;7;0.0251
pl-k00132051;Brasilien;MIDFIELDER;1773.6;1.41;0.3947;0.3946;0.3947;4;0.1973
pl-k00132098;Belgien;DEFENDER;1752.9;0.7;0.2348;-0.0438;0.0955;6;0.0477
pl-k00132107;Marokko;MIDFIELDER;2005.3;1.9;1.1961;0.7291;0.9626;1;0.9626
pl-k00132159;Ghana;DEFENDER;1412.7;0.48;-0.8807;-0.2073;-0.544;8;-0.272
pl-k00132220;Tschechien;MIDFIELDER;1486.9;1.66;-0.5968;0.5653;-0.0158;8;-0.0079
pl-k00132314;Paraguay;FORWARD;1647.6;-0.72;-0.0197;-0.7104;-0.365;4;-0.1825
pl-k00132423;Paraguay;GOALKEEPER;1403.6;0.0;-0.5596;-0.4717;-0.5157;3;-0.2578
pl-k00132544;Haiti;GOALKEEPER;899.5;;-2.0944;0.0;-1.0472;3;-0.5236
pl-k00132694;Australien;DEFENDER;1779.1;1.42;0.3207;0.4912;0.406;3;0.406
pl-k00132741;Elfenbeinküste;FORWARD;1747.4;-0.03;0.3102;-0.2136;0.0483;4;0.0241
pl-k00132788;Schweden;DEFENDER;1860.8;-0.25;0.5886;-0.7499;-0.0806;6;-0.0403
pl-k00132797;Norwegen;DEFENDER;1925.2;1.16;0.7998;0.298;0.5489;2;0.5489
pl-k00132802;Tunesien;FORWARD;1556.3;-1.21;-0.3214;-1.0631;-0.6922;4;-0.3461
pl-k00132816;Kroatien;MIDFIELDER;1875.8;3.35;0.7482;1.719;1.2336;2;1.2336
pl-k00133004;Spanien;FORWARD;2013.8;-0.98;1.1906;-0.8975;0.1465;6;0.0733
pl-k00133116;Uruguay;MIDFIELDER;1814.8;0.23;0.5372;-0.411;0.0631;7;0.0316
pl-k00133182;Ecuador;DEFENDER;1573.9;-0.49;-0.3521;-0.9282;-0.6402;9;-0.3201
pl-k00133238;Portugal;FORWARD;1824.6;0.67;0.5653;0.2903;0.4278;5;0.2139
pl-k00133267;Katar;FORWARD;1105.9;0.0;-1.8099;-0.192;-1.001;6;-0.5005
pl-k00133274;Ghana;MIDFIELDER;1480.8;-0.49;-0.6179;-0.9026;-0.7602;6;-0.3801
pl-k00133304;Mexiko;FORWARD;2028.7;2.4;1.2398;1.5357;1.3877;1;1.3877
pl-k00133309;Ägypten;GOALKEEPER;416.9;-0.24;-3.5637;-0.7147;-2.1392;4;-1.0696
pl-k00133310;Ägypten;DEFENDER;1450.3;2.11;-0.7574;1.004;0.1233;2;0.1233
pl-k00133311;Ägypten;DEFENDER;1402.8;2.34;-0.9131;1.175;0.1309;1;0.1309
pl-k00133370;Curacao;FORWARD;1443.4;1.16;-0.6945;0.643;-0.0257;2;-0.0257
pl-k00133399;Österreich;DEFENDER;1750.0;1.62;0.2253;0.6399;0.4326;4;0.2163
pl-k00133422;Senegal;FORWARD;1902.2;-0.3;0.8218;-0.408;0.2069;3;0.2069
pl-k00133439;Südkorea;DEFENDER;1175.7;;-1.6578;0.0;-0.8289;7;-0.4144
pl-k00133529;Senegal;FORWARD;1421.5;;-0.7669;0.0;-0.3834;7;-0.1917
pl-k00133547;Belgien;DEFENDER;1967.8;1.19;0.9395;0.3203;0.6299;2;0.6299
pl-k00133569;Japan;GOALKEEPER;1825.8;2.88;0.7258;2.4438;1.5848;1;1.5848
pl-k00133609;Österreich;MIDFIELDER;1347.1;-0.96;-1.0803;-1.2234;-1.1519;11;-0.5759
pl-k00133745;Südkorea;DEFENDER;587.0;;-3.5881;0.0;-1.794;10;-0.897
pl-k00133783;Norwegen;MIDFIELDER;1867.5;2.87;0.7195;1.3913;1.0554;2;1.0554
pl-k00133786;Schweden;DEFENDER;1980.7;-2.42;0.9818;-2.3626;-0.6904;9;-0.3452
pl-k00133862;Australien;MIDFIELDER;1658.6;1.19;-0.003;0.2444;0.1207;2;0.1207
pl-k00133883;Südkorea;DEFENDER;1469.6;-0.24;-0.6941;-0.7424;-0.7183;4;-0.3591
pl-k00133933;USA;GOALKEEPER;1757.0;-0.24;0.5163;-0.7147;-0.0992;3;-0.0496
pl-k00133968;Kanada;MIDFIELDER;1633.8;0.92;-0.0888;0.0601;-0.0144;5;-0.0072
pl-k00134174;Bosnien-Herzegowina;MIDFIELDER;1384.1;0.48;-0.9524;-0.2403;-0.5963;6;-0.2982
pl-k00134218;Tunesien;MIDFIELDER;1487.9;0.0;-0.5934;-0.568;-0.5807;6;-0.2903
pl-k00134234;Elfenbeinküste;FORWARD;1813.4;-2.41;0.5283;-1.927;-0.6993;8;-0.3497
pl-k00134321;Paraguay;MIDFIELDER;1686.4;-1.2;0.0932;-1.3873;-0.6471;10;-0.3235
pl-k00134333;Paraguay;MIDFIELDER;1800.3;-1.2;0.4871;-1.3873;-0.4501;8;-0.2251
pl-k00134390;Paraguay;FORWARD;1502.2;1.62;-0.5002;0.9742;0.237;2;0.237
pl-k00134479;Bosnien-Herzegowina;DEFENDER;1784.2;1.18;0.3375;0.3129;0.3252;2;0.3252
pl-k00134534;Australien;FORWARD;1501.1;-0.74;-0.5038;-0.7248;-0.6143;4;-0.3071
pl-k00134779;Belgien;DEFENDER;1804.4;1.17;0.4037;0.3055;0.3546;4;0.1773
pl-k00135031;Türkei;FORWARD;1047.4;;-2.0032;0.0;-1.0016;9;-0.5008
pl-k00135040;Bosnien-Herzegowina;FORWARD;1475.8;0.23;-0.5874;-0.0265;-0.3069;3;-0.3069
pl-k00135043;Senegal;DEFENDER;1710.5;-0.24;0.0958;-0.7424;-0.3233;7;-0.1617
pl-k00135245;Kap Verde;FORWARD;1614.8;-0.49;-0.1281;-0.5448;-0.3364;3;-0.3364
pl-k00135290;DR Kongo;GOALKEEPER;1505.0;0.72;-0.2509;0.2572;0.0031;2;0.0016
pl-k00135346;Schweiz;DEFENDER;1636.8;-0.49;-0.1459;-0.9282;-0.537;8;-0.2685
pl-k00135361;Südkorea;MIDFIELDER;1689.3;-0.53;0.1032;-0.9299;-0.4133;5;-0.2067
pl-k00135484;Ghana;DEFENDER;1610.2;0.46;-0.2331;-0.2222;-0.2276;5;-0.1138
pl-k00135506;Ecuador;FORWARD;1446.1;-0.97;-0.6856;-0.8903;-0.788;9;-0.394
pl-k00135523;Türkei;DEFENDER;1764.6;2.13;0.2732;1.0189;0.646;3;0.646
pl-k00135740;Tunesien;MIDFIELDER;1704.3;-0.99;0.1551;-1.2439;-0.5444;4;-0.2722
pl-k00135744;Türkei;FORWARD;1712.1;2.37;0.1935;1.5141;0.8538;2;0.8538
pl-k00135917;Irak;DEFENDER;1505.8;2.33;-0.5754;1.1675;0.2961;1;0.2961
pl-k00136083;Schweiz;FORWARD;1575.7;0.0;-0.2573;-0.192;-0.2247;6;-0.1123
pl-k00136321;Panama;MIDFIELDER;1267.4;0.0;-1.356;-0.568;-0.962;8;-0.481
pl-k00136322;Panama;FORWARD;1578.5;0.0;-0.248;-0.192;-0.22;2;-0.22
pl-k00136435;Österreich;DEFENDER;1753.6;0.46;0.2371;-0.2222;0.0075;8;0.0037
pl-k00136539;Curacao;MIDFIELDER;1263.1;4.06;-1.3708;2.2038;0.4165;1;0.4165
pl-k00136686;Haiti;FORWARD;1381.9;-0.24;-0.8977;-0.3648;-0.6313;6;-0.3156
pl-k00136687;Haiti;DEFENDER;1198.6;0.21;-1.5827;-0.408;-0.9953;7;-0.4977
pl-k00136731;Algerien;MIDFIELDER;1635.7;0.94;-0.0822;0.0737;-0.0042;6;-0.0021
pl-k00136758;Ägypten;MIDFIELDER;1588.9;-0.96;-0.244;-1.2234;-0.7337;7;-0.3669
pl-k00136761;Ägypten;MIDFIELDER;1498.4;2.11;-0.557;0.8725;0.1577;4;0.0789
pl-k00136773;Neuseeland;GOALKEEPER;1487.4;0.24;-0.3045;-0.2288;-0.2666;2;-0.1333
pl-k00136788;Australien;MIDFIELDER;1541.8;1.18;-0.4069;0.2376;-0.0847;6;-0.0423
pl-k00136888;Niederlande;GOALKEEPER;1936.6;0.72;1.0631;0.2572;0.6601;2;0.3301
pl-k00136965;Südafrika;MIDFIELDER;1468.1;4.53;-0.6618;2.5246;0.9314;1;0.9314
pl-k00136970;Südafrika;FORWARD;1369.2;0.21;-0.9397;-0.0409;-0.4903;4;-0.2451
pl-k00137012;Saudi-Arabien;MIDFIELDER;1738.0;-0.48;0.2716;-0.8957;-0.3121;9;-0.156
pl-k00137164;Haiti;FORWARD;1561.7;1.17;-0.3035;0.6502;0.1733;1;0.1733
pl-k00137173;Tunesien;FORWARD;1615.3;0.22;-0.1264;-0.0337;-0.08;1;-0.08
pl-k00137174;Kap Verde;FORWARD;1256.8;-0.49;-1.3112;-0.5448;-0.928;5;-0.464
pl-k00137234;Mexiko;MIDFIELDER;1672.2;1.42;0.044;0.4014;0.2227;5;0.1114
pl-k00137302;Algerien;MIDFIELDER;1822.1;2.85;0.5625;1.3777;0.9701;1;0.9701
pl-k00137656;Türkei;FORWARD;1495.4;-0.04;-0.5226;-0.2208;-0.3717;7;-0.1859
pl-k00137667;Türkei;FORWARD;1887.8;0.44;0.7742;0.1247;0.4494;5;0.2247
pl-k00137668;Tunesien;MIDFIELDER;1585.5;-0.28;-0.2558;-0.7592;-0.5075;3;-0.5075
pl-k00137741;Ghana;DEFENDER;1610.6;-0.49;-0.2318;-0.9282;-0.58;9;-0.29
pl-k00137760;Senegal;MIDFIELDER;1944.0;-0.53;0.9841;-0.9299;0.0271;6;0.0136
pl-k00137800;Tunesien;FORWARD;1560.4;0.47;-0.3078;0.1463;-0.0808;2;-0.0808
pl-k00138529;Deutschland;MIDFIELDER;2091.7;3.09;1.4949;1.5415;1.5182;2;1.5182
pl-k00138530;Österreich;MIDFIELDER;1866.8;1.2;0.7171;0.2512;0.4841;4;0.2421
pl-k00138680;Curacao;MIDFIELDER;1296.9;-2.44;-1.2539;-2.2338;-1.7439;7;-0.8719
pl-k00138684;Kanada;MIDFIELDER;1735.8;2.61;0.264;1.2138;0.7389;1;0.7389
pl-k00138719;Argentinien;MIDFIELDER;2004.9;-0.76;1.1947;-1.0869;0.0539;10;0.027
pl-k00138744;Spanien;MIDFIELDER;2075.0;-0.25;1.4371;-0.7387;0.3492;6;0.1746
pl-k00138868;Irak;MIDFIELDER;1336.3;1.67;-1.1177;0.5721;-0.2728;2;-0.2728
pl-k00139020;Bosnien-Herzegowina;FORWARD;1343.2;0.2;-1.0256;-0.0481;-0.5369;5;-0.2684
pl-k00139075;Iran;MIDFIELDER;1579.2;0.22;-0.2776;-0.4178;-0.3477;2;-0.3477
pl-k00139246;Tunesien;MIDFIELDER;1505.1;-0.01;-0.5339;-0.5749;-0.5544;5;-0.2772
pl-k00139251;Jordanien;DEFENDER;920.0;;-2.4962;0.0;-1.2481;5;-0.6241
pl-k00139300;Ghana;MIDFIELDER;1392.2;1.42;-0.9243;0.4014;-0.2615;3;-0.2615
pl-k00139302;Algerien;FORWARD;1668.2;-0.76;0.0484;-0.7392;-0.3454;7;-0.1727
pl-k00139304;Niederlande;DEFENDER;1962.6;-0.98;0.9224;-1.2924;-0.185;6;-0.0925
pl-k00139305;Norwegen;MIDFIELDER;1983.8;0.72;1.1217;-0.0765;0.5226;6;0.2613
pl-k00139390;Südkorea;FORWARD;1772.4;-2.65;0.3928;-2.0997;-0.8535;3;-0.8535
pl-k00140879;Frankreich;FORWARD;2027.6;2.57;1.2362;1.658;1.4471;5;0.7236
pl-k00140950;Marokko;DEFENDER;1370.8;-0.48;-1.0181;-0.9208;-0.9694;9;-0.4847
pl-k00140953;Elfenbeinküste;FORWARD;1749.9;-2.16;0.3184;-1.747;-0.7143;9;-0.3571
pl-k00141046;Türkei;MIDFIELDER;1649.6;0.72;-0.0341;-0.0765;-0.0553;5;-0.0276
pl-k00141102;Senegal;FORWARD;2088.9;-0.24;1.4388;-0.3648;0.537;1;0.537
pl-k00141182;Iran;DEFENDER;1598.2;0.0;-0.2724;-0.5641;-0.4183;2;-0.4183
pl-k00141184;Iran;DEFENDER;1432.7;0.24;-0.8151;-0.3857;-0.6004;3;-0.6004
pl-k00141205;Norwegen;GOALKEEPER;1421.6;0.24;-0.5048;-0.2288;-0.3668;3;-0.1834
pl-k00141214;Schweden;DEFENDER;1883.9;0.91;0.6644;0.1122;0.3883;3;0.3883
pl-k00141222;Irak;MIDFIELDER;876.5;;-2.7079;0.0;-1.3539;12;-0.677
pl-k00141224;Schweden;MIDFIELDER;1559.5;-0.01;-0.3457;-0.5749;-0.4603;7;-0.2301
pl-k00141284;Frankreich;FORWARD;1876.7;1.91;0.7375;1.1829;0.9602;7;0.4801
pl-k00141360;Türkei;FORWARD;1878.9;3.79;0.7448;2.5363;1.6405;1;1.6405
pl-k00141367;Belgien;FORWARD;1850.0;-0.5;0.6492;-0.552;0.0486;6;0.0243
pl-k00141370;Portugal;MIDFIELDER;2183.0;3.06;1.8106;1.5211;1.6659;3;1.6659
pl-k00141474;Mexiko;FORWARD;1838.9;-0.25;0.6126;-0.372;0.1203;4;0.0601
pl-k00141476;Mexiko;MIDFIELDER;1908.7;0.45;0.862;-0.2608;0.3006;4;0.1503
pl-k00141489;Usbekistan;FORWARD;1372.1;0.0;-0.9301;-0.192;-0.5611;4;-0.2805
pl-k00141559;Marokko;FORWARD;1864.0;4.02;0.6955;2.7019;1.6987;1;1.6987
pl-k00141673;Australien;MIDFIELDER;1534.3;-0.74;-0.4329;-1.0732;-0.7531;11;-0.3765
pl-k00143231;Australien;DEFENDER;1720.1;1.17;0.1273;0.3055;0.2164;4;0.1082
pl-k00143329;Belgien;GOALKEEPER;1801.4;2.16;0.6515;1.7149;1.1832;3;0.5916
pl-k00143335;Irak;MIDFIELDER;1431.2;0.0;-0.7895;-0.568;-0.6787;3;-0.6787
pl-k00143407;Schweiz;DEFENDER;1691.1;0.22;0.0322;-0.4006;-0.1842;5;-0.0921
pl-k00143445;Brasilien;DEFENDER;974.6;;-2.3172;0.0;-1.1586;9;-0.5793
pl-k00143483;England;DEFENDER;1951.5;-0.04;0.886;-0.5938;0.1461;7;0.0731
pl-k00143488;Spanien;DEFENDER;1884.5;3.52;0.6663;2.0519;1.3591;4;0.6796
pl-k00143512;Schottland;MIDFIELDER;1606.4;0.0;-0.1835;-0.568;-0.3758;8;-0.1879
pl-k00143529;Ägypten;DEFENDER;1610.8;0.0;-0.2311;-0.5641;-0.3976;4;-0.1988
pl-k00143532;Ägypten;MIDFIELDER;1435.5;3.32;-0.7746;1.6986;0.462;3;0.462
pl-k00143569;Neuseeland;DEFENDER;1542.3;1.44;-0.4557;0.5061;0.0252;2;0.0252
pl-k00143575;Marokko;FORWARD;1679.6;0.0;0.0861;-0.192;-0.053;4;-0.0265
pl-k00143579;Kap Verde;DEFENDER;1488.7;1.9;-0.6315;0.848;0.1083;2;0.1083
pl-k00143659;Ghana;MIDFIELDER;1578.1;0.44;-0.2814;-0.2676;-0.2745;4;-0.1373
pl-k00143899;Elfenbeinküste;FORWARD;1409.6;-0.49;-0.8062;-0.5448;-0.6755;7;-0.3377
pl-k00143945;Haiti;MIDFIELDER;1471.6;1.64;-0.6497;0.5516;-0.0491;1;-0.0491
pl-k00144041;Brasilien;FORWARD;1706.0;1.66;0.1733;1.0029;0.5881;5;0.2941
pl-k00144238;Saudi-Arabien;MIDFIELDER;1835.5;1.92;0.6088;0.7428;0.6758;3;0.6758
pl-k00144265;Australien;GOALKEEPER;1477.9;0.0;-0.3334;-0.4717;-0.4026;2;-0.2013
pl-k00144394;Japan;DEFENDER;1622.0;-0.01;-0.1944;-0.5715;-0.3829;8;-0.1915
pl-k00144510;Südkorea;DEFENDER;1521.8;0.21;-0.5229;-0.408;-0.4655;2;-0.4655
pl-k00144518;Frankreich;FORWARD;2046.1;3.58;1.2973;2.3851;1.8412;3;1.8412
pl-k00144561;USA;DEFENDER;1631.1;0.71;-0.1646;-0.0364;-0.1005;9;-0.0502
pl-k00144605;Kanada;FORWARD;1659.7;-0.96;0.0203;-0.8831;-0.4314;4;-0.2157
pl-k00144663;Marokko;MIDFIELDER;1900.8;2.38;0.8347;1.0568;0.9457;2;0.9457
pl-k00144754;Portugal;DEFENDER;1610.6;0.67;-0.2318;-0.0661;-0.149;7;-0.0745
pl-k00144841;Paraguay;MIDFIELDER;2055.8;-0.73;1.3707;-1.0664;0.1522;2;0.1522
pl-k00144871;Argentinien;DEFENDER;1374.1;0.0;-1.0072;-0.5641;-0.7857;9;-0.3928
pl-k00145410;Ecuador;DEFENDER;2029.2;1.16;1.1408;0.298;0.7194;2;0.7194
pl-k00145425;Ecuador;MIDFIELDER;1467.2;-0.24;-0.6649;-0.7319;-0.6984;8;-0.3492
pl-k00145451;Kanada;MIDFIELDER;1362.3;-0.48;-1.0277;-0.8957;-0.9617;10;-0.4809
pl-k00145456;Mexiko;GOALKEEPER;1435.1;-0.96;-0.4637;-1.4435;-0.9536;2;-0.4768
pl-k00145459;Mexiko;DEFENDER;1903.0;0.96;0.727;0.1494;0.4382;1;0.4382
pl-k00145558;Paraguay;MIDFIELDER;1532.2;0.44;-0.4401;-0.2676;-0.3539;7;-0.1769
pl-k00145676;Ghana;FORWARD;1689.6;0.0;0.1192;-0.192;-0.0364;3;-0.0364
pl-k00145875;Kanada;MIDFIELDER;1821.6;0.46;0.5607;-0.254;0.1534;3;0.1534
pl-k00145891;DR Kongo;MIDFIELDER;2072.9;0.68;1.4299;-0.1038;0.663;1;0.663
pl-k00146045;Marokko;FORWARD;1790.0;-0.74;0.451;-0.7248;-0.1369;5;-0.0685
pl-k00146190;Senegal;DEFENDER;1871.0;-0.26;0.6221;-0.7573;-0.0676;6;-0.0338
pl-k00146196;Frankreich;MIDFIELDER;2067.2;0.66;1.4102;-0.1174;0.6464;3;0.6464
pl-k00146292;Türkei;FORWARD;1131.8;;-1.7243;0.0;-0.8621;8;-0.4311
pl-k00146999;Schweden;DEFENDER;1593.5;-0.73;-0.2878;-1.1066;-0.6972;10;-0.3486
pl-k00147020;Algerien;DEFENDER;1658.2;0.72;-0.0757;-0.029;-0.0523;5;-0.0262
pl-k00147223;Mexiko;MIDFIELDER;1597.8;0.0;-0.2133;-0.568;-0.3906;12;-0.1953
pl-k00147419;Ecuador;FORWARD;1650.2;-0.96;-0.0111;-0.8831;-0.4471;6;-0.2235
pl-k00147623;Curacao;FORWARD;1635.3;2.12;-0.0603;1.3341;0.6369;1;0.6369
pl-k00147672;Tschechien;DEFENDER;1683.2;2.14;0.0063;1.0263;0.5163;3;0.5163
pl-k00147673;Tschechien;DEFENDER;1675.2;1.66;-0.02;0.6696;0.3248;4;0.1624
pl-k00147699;Tschechien;MIDFIELDER;1544.1;2.79;-0.399;1.3367;0.4689;3;0.4689
pl-k00147716;Tschechien;FORWARD;1617.3;0.47;-0.1198;0.1463;0.0133;3;0.0133
pl-k00147775;Tschechien;DEFENDER;1512.3;1.43;-0.5541;0.4987;-0.0277;7;-0.0139
pl-k00147820;Elfenbeinküste;DEFENDER;2007.5;2.58;1.0696;1.3533;1.2115;1;1.2115
pl-k00147890;Tschechien;DEFENDER;1770.8;1.17;0.2935;0.3055;0.2995;5;0.1497
pl-k00147896;Algerien;DEFENDER;1586.5;-0.25;-0.3108;-0.7499;-0.5303;8;-0.2652
pl-k00147948;Elfenbeinküste;GOALKEEPER;1520.2;1.2;-0.2046;0.7431;0.2692;2;0.1346
pl-k00147960;Haiti;FORWARD;1515.8;0.21;-0.4552;-0.0409;-0.2481;3;-0.2481
pl-k00148046;DR Kongo;DEFENDER;1438.1;-0.24;-0.7974;-0.7424;-0.7699;8;-0.385
pl-k00148180;DR Kongo;DEFENDER;1500.1;0.0;-0.5941;-0.5641;-0.5791;6;-0.2895
pl-k00148187;Algerien;MIDFIELDER;1786.5;-0.99;0.4394;-1.2439;-0.4023;9;-0.2011
pl-k00148545;Algerien;FORWARD;1593.0;0.47;-0.2001;0.1463;-0.0269;5;-0.0135
pl-k00148588;Norwegen;MIDFIELDER;1618.7;2.12;-0.141;0.8793;0.3692;7;0.1846
pl-k00148743;DR Kongo;GOALKEEPER;1452.5;1.68;-0.4108;1.229;0.4091;1;0.4091
pl-k00148899;Curacao;DEFENDER;1421.6;0.93;-0.8515;0.1271;-0.3622;3;-0.3622
pl-k00149092;Elfenbeinküste;GOALKEEPER;1690.8;-0.48;0.3148;-0.9576;-0.3214;3;-0.1607
pl-k00149093;Algerien;MIDFIELDER;1638.6;-0.24;-0.0722;-0.7319;-0.402;8;-0.201
pl-k00149102;Frankreich;GOALKEEPER;1703.0;-0.72;0.3519;-1.2006;-0.4243;3;-0.2122
pl-k00149128;Kap Verde;MIDFIELDER;1710.6;0.94;0.1769;0.0737;0.1253;1;0.1253
pl-k00149146;Algerien;MIDFIELDER;1780.6;1.86;0.4189;0.7018;0.5604;4;0.2802
pl-k00149335;Niederlande;MIDFIELDER;2071.7;-1.44;1.4257;-1.5511;-0.0627;9;-0.0314
pl-k00149496;Kap Verde;FORWARD;1347.2;-1.45;-1.0124;-1.2359;-1.1241;6;-0.5621
pl-k00149895;Algerien;DEFENDER;1540.6;1.83;-0.4613;0.796;0.1673;4;0.0837
pl-k00150098;Elfenbeinküste;DEFENDER;1883.8;1.17;0.664;0.3055;0.4847;5;0.2424
pl-k00150138;Bosnien-Herzegowina;MIDFIELDER;1582.5;1.39;-0.2662;0.3809;0.0574;3;0.0574
pl-k00150653;Norwegen;MIDFIELDER;1492.1;-0.26;-0.5788;-0.7455;-0.6622;10;-0.3311
pl-k00150687;Schweden;DEFENDER;1927.2;1.63;0.8063;0.6473;0.7268;2;0.7268
pl-k00150715;Brasilien;FORWARD;1171.5;;-1.5931;0.0;-0.7965;9;-0.3983
pl-k00150818;Ghana;FORWARD;1712.0;-0.49;0.1932;-0.5448;-0.1758;4;-0.0879
pl-k00150839;Schweden;GOALKEEPER;1693.5;0.24;0.323;-0.2288;0.0471;2;0.0236
pl-k00151785;Saudi-Arabien;DEFENDER;1908.2;0.94;0.744;0.1345;0.4393;5;0.2196
pl-k00151824;Ecuador;GOALKEEPER;1426.7;0.0;-0.4893;-0.4717;-0.4805;4;-0.2403
pl-k00151835;Marokko;DEFENDER;1521.6;-0.97;-0.5236;-1.285;-0.9043;8;-0.4521
pl-k00151939;England;MIDFIELDER;2015.5;1.65;1.2313;0.5584;0.8949;5;0.4474
pl-k00151949;Bosnien-Herzegowina;MIDFIELDER;1524.8;-0.01;-0.4657;-0.5749;-0.5203;5;-0.2601
pl-k00151950;Kanada;GOALKEEPER;1547.3;-1.2;-0.1221;-1.6865;-0.9043;3;-0.4522
pl-k00151955;Schweden;MIDFIELDER;2029.7;0.22;1.2805;-0.4178;0.4313;1;0.4313
pl-k00151994;Saudi-Arabien;GOALKEEPER;1888.1;0.0;0.9154;-0.4717;0.2219;1;0.2219
pl-k00151999;Katar;MIDFIELDER;1466.8;0.24;-0.6663;-0.4042;-0.5353;6;-0.2676
pl-k00152040;Argentinien;MIDFIELDER;1939.9;1.18;0.9699;0.2376;0.6037;5;0.3019
pl-k00152043;England;DEFENDER;2090.9;0.22;1.3431;-0.4006;0.4713;4;0.2356
pl-k00152134;Argentinien;FORWARD;1106.7;;-1.8072;0.0;-0.9036;4;-0.4518
pl-k00152144;Niederlande;DEFENDER;1977.5;-1.25;0.9713;-1.4931;-0.2609;7;-0.1304
pl-k00152225;Schweden;MIDFIELDER;1417.5;1.19;-0.8368;0.2444;-0.2962;5;-0.1481
pl-k00152229;Saudi-Arabien;DEFENDER;1720.9;0.21;0.1299;-0.408;-0.1391;9;-0.0695
pl-k00152337;Ecuador;FORWARD;1680.7;-1.45;0.0897;-1.2359;-0.5731;7;-0.2865
pl-k00152382;Norwegen;GOALKEEPER;1590.7;0.72;0.01;0.2572;0.1336;1;0.1336
pl-k00152578;Haiti;MIDFIELDER;1062.1;-0.49;-2.066;-0.9026;-1.4843;6;-0.7421
pl-k00152897;DR Kongo;MIDFIELDER;1799.4;-1.96;0.484;-1.9061;-0.7111;9;-0.3555
pl-k00153055;Elfenbeinküste;MIDFIELDER;1497.8;1.18;-0.5591;0.2376;-0.1608;5;-0.0804
pl-k00153445;Kolumbien;FORWARD;1675.3;0.69;0.0719;0.3047;0.1883;3;0.1883
pl-k00153481;Kolumbien;MIDFIELDER;1669.4;2.58;0.0344;1.1934;0.6139;3;0.6139
pl-k00153492;Schweden;MIDFIELDER;1789.9;-1.44;0.4511;-1.5511;-0.55;8;-0.275
pl-k00153529;Ghana;DEFENDER;1471.4;1.19;-0.6882;0.3203;-0.1839;4;-0.092
pl-k00153553;Ägypten;MIDFIELDER;1521.2;3.58;-0.4782;1.8761;0.6989;2;0.6989
pl-k00153662;Japan;MIDFIELDER;1840.7;2.11;0.6268;0.8725;0.7496;2;0.7496
pl-k00153748;Curacao;MIDFIELDER;1510.2;-0.28;-0.5162;-0.7592;-0.6377;3;-0.6377
pl-k00153779;Schweiz;MIDFIELDER;1732.9;2.85;0.254;1.3777;0.8158;2;0.8158
pl-k00154062;Belgien;FORWARD;1783.7;-1.44;0.4301;-1.2287;-0.3993;8;-0.1996
pl-k00154134;USA;DEFENDER;1543.8;1.66;-0.4508;0.6696;0.1094;6;0.0547
pl-k00154861;Mexiko;MIDFIELDER;1993.7;1.68;1.156;0.5789;0.8674;1;0.8674
pl-k00155533;Senegal;MIDFIELDER;1897.0;3.28;0.8215;1.6713;1.2464;2;1.2464
pl-k00155566;Ghana;GOALKEEPER;1114.2;-0.48;-1.4407;-0.9576;-1.1992;4;-0.5996
pl-k00155772;Spanien;FORWARD;2253.5;6.22;1.9827;4.2856;3.1342;1;3.1342
pl-k00155823;Kroatien;DEFENDER;1702.6;2.37;0.0699;1.1973;0.6336;3;0.6336
pl-k00155858;Ecuador;DEFENDER;1624.5;0.44;-0.1862;-0.2371;-0.2116;7;-0.1058
pl-k00155860;Ecuador;MIDFIELDER;1613.0;-0.49;-0.1607;-0.9026;-0.5316;7;-0.2658
pl-k00155868;Kroatien;MIDFIELDER;1953.3;0.93;1.0162;0.0669;0.5416;5;0.2708
pl-k00156015;Deutschland;MIDFIELDER;1857.2;0.46;0.6839;-0.254;0.2149;10;0.1075
pl-k00156130;Brasilien;FORWARD;1853.5;0.24;0.6608;-0.0193;0.3208;7;0.1604
pl-k00156476;Panama;DEFENDER;1841.9;1.17;0.5266;0.3055;0.416;2;0.416
pl-k00156642;Ecuador;GOALKEEPER;1534.9;0.48;-0.1599;0.0142;-0.0728;2;-0.0364
pl-k00156656;Ecuador;MIDFIELDER;1634.1;-0.26;-0.0877;-0.7455;-0.4166;6;-0.2083
pl-k00156668;Usbekistan;DEFENDER;2062.3;2.84;1.2493;1.5466;1.3979;1;1.3979
pl-k00156671;Usbekistan;DEFENDER;1214.2;;-1.5315;0.0;-0.7658;6;-0.3829
pl-k00156680;Usbekistan;MIDFIELDER;1184.1;;-1.6441;0.0;-0.822;5;-0.411
pl-k00156869;Südkorea;MIDFIELDER;1531.7;-1.7;-0.4419;-1.7286;-1.0853;10;-0.5426
pl-k00157020;Spanien;DEFENDER;2213.8;4.05;1.7461;2.4458;2.096;1;2.096
pl-k00157077;Irak;MIDFIELDER;779.7;;-3.0427;0.0;-1.5213;13;-0.7607
pl-k00157528;Norwegen;DEFENDER;1815.9;-0.5;0.4414;-0.9357;-0.2471;5;-0.1236
pl-k00157538;Kanada;DEFENDER;1520.3;3.54;-0.5279;2.0668;0.7695;1;0.7695
pl-k00157541;Kroatien;MIDFIELDER;1613.4;1.42;-0.1593;0.4014;0.121;7;0.0605
pl-k00157754;Belgien;DEFENDER;1859.1;-1.95;0.583;-2.0133;-0.7151;9;-0.3576
pl-k00157847;Kolumbien;MIDFIELDER;1648.6;-0.24;-0.0376;-0.7319;-0.3847;7;-0.1924
pl-k00158117;Panama;FORWARD;1533.1;0.23;-0.3981;-0.0265;-0.2123;1;-0.2123
pl-k00158296;Senegal;FORWARD;1714.3;-0.48;0.2008;-0.5376;-0.1684;6;-0.0842
pl-k00158506;Bosnien-Herzegowina;MIDFIELDER;1506.9;-0.75;-0.5276;-1.0801;-0.8039;8;-0.4019
pl-k00158727;Australien;DEFENDER;1751.3;2.84;0.2296;1.5466;0.8881;1;0.8881
pl-k00158935;Marokko;MIDFIELDER;1967.0;1.19;1.0636;0.2444;0.654;4;0.327
pl-k00159168;Österreich;GOALKEEPER;1454.4;2.4;-0.405;1.9579;0.7764;1;0.7764
pl-k00159278;Kap Verde;DEFENDER;1776.1;0.44;0.3109;-0.2371;0.0369;3;0.0369
pl-k00159373;Algerien;DEFENDER;1581.2;-1.22;-0.3282;-1.4708;-0.8995;10;-0.4497
pl-k00159375;Marokko;DEFENDER;1832.2;3.09;0.4948;1.7324;1.1136;3;1.1136
pl-k00159415;Ghana;FORWARD;1831.5;0.71;0.5881;0.3191;0.4536;2;0.4536
pl-k00159775;Usbekistan;FORWARD;1164.5;;-1.6162;0.0;-0.8081;7;-0.4041
pl-k00159810;Kanada;DEFENDER;1282.2;-0.72;-1.3086;-1.0992;-1.2039;8;-0.6019
pl-k00159983;Kap Verde;FORWARD;714.7;;-3.1027;0.0;-1.5514;8;-0.7757
pl-k00160199;Ecuador;FORWARD;1279.4;0.24;-1.2365;-0.0193;-0.6279;8;-0.3139
pl-k00160498;Bosnien-Herzegowina;MIDFIELDER;1262.3;-1.21;-1.3736;-1.3941;-1.3839;10;-0.6919
pl-k00160664;Algerien;FORWARD;1654.8;-0.48;0.0041;-0.5376;-0.2667;6;-0.1334
pl-k00161073;Südafrika;DEFENDER;1450.9;-0.24;-0.7554;-0.7424;-0.7489;9;-0.3745
pl-k00161351;Senegal;DEFENDER;1529.9;-0.25;-0.4964;-0.7499;-0.6231;10;-0.3116
pl-k00161633;Marokko;MIDFIELDER;1751.3;0.45;0.3176;-0.2608;0.0284;7;0.0142
pl-k00161642;Türkei;DEFENDER;1701.6;0.72;0.0666;-0.029;0.0188;10;0.0094
pl-k00162106;Neuseeland;MIDFIELDER;1454.9;1.42;-0.7075;0.4014;-0.153;4;-0.0765
pl-k00162640;Usbekistan;DEFENDER;1198.8;;-1.582;0.0;-0.791;8;-0.3955
pl-k00162760;Iran;MIDFIELDER;1135.3;;-1.8128;0.0;-0.9064;9;-0.4532
pl-k00162762;Iran;FORWARD;1157.8;;-1.6384;0.0;-0.8192;4;-0.4096
pl-k00162785;Uruguay;FORWARD;1589.1;1.86;-0.213;1.1469;0.467;3;0.467
pl-k00162898;Bosnien-Herzegowina;MIDFIELDER;1481.2;3.34;-0.6165;1.7122;0.5478;1;0.5478
pl-k00162977;DR Kongo;FORWARD;1425.7;-2.4;-0.753;-1.9198;-1.3364;4;-0.6682
pl-k00163051;Südafrika;GOALKEEPER;1168.2;2.16;-1.2763;1.7149;0.2193;3;0.1096
pl-k00163067;Südafrika;DEFENDER;1486.4;2.15;-0.639;1.0338;0.1974;2;0.1974
pl-k00163078;Südafrika;DEFENDER;1500.9;0.44;-0.5915;-0.2371;-0.4143;6;-0.2071
pl-k00163084;Südafrika;MIDFIELDER;1490.4;2.1;-0.5847;0.8657;0.1405;3;0.1405
pl-k00163113;Irak;GOALKEEPER;1048.1;-0.24;-1.642;-0.7147;-1.1783;3;-0.5892
pl-k00163118;Algerien;DEFENDER;1525.9;0.46;-0.5095;-0.2222;-0.3659;6;-0.1829
pl-k00163127;Irak;MIDFIELDER;1394.5;-0.96;-0.9164;-1.2234;-1.0699;8;-0.535
pl-k00163129;Irak;MIDFIELDER;1436.4;2.15;-0.7715;0.8998;0.0642;1;0.0642
pl-k00163131;Irak;MIDFIELDER;913.6;;-2.5796;0.0;-1.2898;9;-0.6449
pl-k00163134;Irak;FORWARD;1336.6;0.0;-1.0475;-0.192;-0.6198;1;-0.6198
pl-k00163135;Irak;FORWARD;1390.5;-0.48;-0.8693;-0.5376;-0.7035;2;-0.7035
pl-k00163193;Südafrika;FORWARD;1138.5;;-1.7021;0.0;-0.8511;8;-0.4255
pl-k00163292;Jordanien;DEFENDER;763.8;;-3.0084;0.0;-1.5042;7;-0.7521
pl-k00163294;Jordanien;MIDFIELDER;1413.9;0.0;-0.8493;-0.568;-0.7087;3;-0.7087
pl-k00163295;Jordanien;MIDFIELDER;1412.1;0.48;-0.8555;-0.2403;-0.5479;2;-0.5479
pl-k00163296;Jordanien;GOALKEEPER;664.0;;-2.8114;0.0;-1.4057;2;-0.7028
pl-k00163300;Jordanien;FORWARD;1522.8;-0.24;-0.4321;-0.3648;-0.3985;1;-0.3985
pl-k00163301;Jordanien;MIDFIELDER;1552.7;0.24;-0.3692;-0.4042;-0.3867;1;-0.3867
pl-k00163310;Jordanien;MIDFIELDER;1139.4;0.0;-1.7986;-0.568;-1.1833;5;-0.5917
pl-k00163313;Jordanien;FORWARD;1374.1;-0.24;-0.9235;-0.3648;-0.6442;2;-0.6442
pl-k00163335;Usbekistan;DEFENDER;1205.9;;-1.5588;0.0;-0.7794;7;-0.3897
pl-k00163342;Usbekistan;GOALKEEPER;1363.4;;-0.682;0.0;-0.341;1;-0.341
pl-k00163343;Usbekistan;DEFENDER;1407.8;0.23;-0.8967;-0.3931;-0.6449;4;-0.3225
pl-k00163344;Usbekistan;DEFENDER;1518.2;0.0;-0.5347;-0.5641;-0.5494;3;-0.5494
pl-k00164025;Mexiko;FORWARD;1647.2;0.24;-0.021;-0.0193;-0.0201;6;-0.0101
pl-k00164068;Marokko;MIDFIELDER;1686.0;3.07;0.0918;1.5279;0.8098;3;0.8098
pl-k00164170;Katar;MIDFIELDER;1623.2;0.0;-0.1254;-0.568;-0.3467;1;-0.3467
pl-k00164204;Ägypten;DEFENDER;927.8;0.0;-2.4706;-0.5641;-1.5174;6;-0.7587
pl-k00164206;Jordanien;GOALKEEPER;909.5;-0.24;-2.0639;-0.7147;-1.3893;1;-1.3893
pl-k00164207;Jordanien;DEFENDER;885.2;;-2.6103;0.0;-1.3052;6;-0.6526
pl-k00164234;Irak;DEFENDER;1394.9;;-0.939;0.0;-0.4695;2;-0.4695
pl-k00164244;Algerien;DEFENDER;1202.4;0.95;-1.5702;0.142;-0.7141;9;-0.3571
pl-k00164280;Iran;MIDFIELDER;1038.8;;-2.1466;0.0;-1.0733;10;-0.5366
pl-k00164281;Saudi-Arabien;GOALKEEPER;1286.6;0.24;-0.9158;-0.2288;-0.5723;4;-0.2861
pl-k00164282;Iran;MIDFIELDER;799.5;;-2.9742;0.0;-1.4871;11;-0.7435
pl-k00164341;Usbekistan;FORWARD;1332.3;0.0;-1.0617;-0.192;-0.6269;5;-0.3134
pl-k00164366;Algerien;FORWARD;1585.4;2.6;-0.2252;1.6796;0.7272;2;0.7272
pl-k00164398;Senegal;DEFENDER;1836.4;0.69;0.5086;-0.0513;0.2287;5;0.1143
pl-k00164434;Schweden;MIDFIELDER;1128.2;-0.49;-1.8374;-0.9026;-1.37;9;-0.685
pl-k00164504;Marokko;FORWARD;1629.4;0.94;-0.0798;0.4846;0.2024;3;0.2024
pl-k00165013;Algerien;FORWARD;1787.0;1.18;0.441;0.6574;0.5492;3;0.5492
pl-k00165535;Japan;FORWARD;1284.8;-0.72;-1.2186;-0.7104;-0.9645;5;-0.4823
pl-k00165936;Irak;MIDFIELDER;1215.3;0.0;-1.5361;-0.568;-1.0521;7;-0.526
pl-k00165980;Iran;MIDFIELDER;1483.2;-0.48;-0.6096;-0.8957;-0.7527;8;-0.3763
pl-k00166588;Kolumbien;MIDFIELDER;1521.1;-1.24;-0.4785;-1.4146;-0.9466;9;-0.4733
pl-k00166769;Panama;DEFENDER;1385.4;0.0;-0.9702;-0.5641;-0.7671;6;-0.3836
pl-k00166848;Paraguay;FORWARD;1597.9;-0.72;-0.1839;-0.7104;-0.4471;5;-0.2236
pl-k00167795;Haiti;DEFENDER;1308.8;-0.72;-1.2214;-1.0992;-1.1603;8;-0.5801
pl-k00168538;Mexiko;GOALKEEPER;1815.5;0.48;0.6944;0.0142;0.3543;1;0.3543
pl-k00168586;Panama;DEFENDER;1434.6;-0.24;-0.8089;-0.7424;-0.7757;7;-0.3878
pl-k00168599;Paraguay;DEFENDER;1656.9;0.0;-0.08;-0.5641;-0.322;6;-0.161
pl-k00169048;Tschechien;FORWARD;1158.5;-0.73;-1.636;-0.7176;-1.1768;6;-0.5884
pl-k00169114;Ägypten;MIDFIELDER;1060.5;0.95;-2.0715;0.0805;-0.9955;10;-0.4977
pl-k00169120;Paraguay;MIDFIELDER;1337.7;0.0;-1.1128;-0.568;-0.8404;11;-0.4202
pl-k00169163;Neuseeland;DEFENDER;1537.9;1.19;-0.4701;0.3203;-0.0749;3;-0.0749
pl-k00169646;Ghana;MIDFIELDER;1573.0;0.7;-0.299;-0.0901;-0.1946;2;-0.1946
pl-k00169738;Tschechien;MIDFIELDER;1219.6;1.17;-1.5213;0.2307;-0.6453;11;-0.3226
pl-k00170043;Algerien;MIDFIELDER;1496.8;1.43;-0.5626;0.4082;-0.0772;7;-0.0386
pl-k00170138;Kanada;FORWARD;1748.6;-0.49;0.3141;-0.5448;-0.1153;1;-0.1153
pl-k00171059;Norwegen;DEFENDER;1787.8;-0.74;0.3493;-1.114;-0.3824;6;-0.1912
pl-k00171525;Senegal;FORWARD;1707.5;0.0;0.1783;-0.192;-0.0069;5;-0.0034
pl-k00172013;DR Kongo;MIDFIELDER;1385.7;0.94;-0.9468;0.0737;-0.4366;4;-0.2183
pl-k00172054;Türkei;FORWARD;797.8;;-2.8281;0.0;-1.414;11;-0.707
pl-k00172178;Elfenbeinküste;MIDFIELDER;1606.5;2.36;-0.1832;1.0432;0.43;3;0.43
pl-k00172237;Ghana;FORWARD;1375.1;-0.5;-0.9202;-0.552;-0.7361;6;-0.3681
pl-k00172933;Schottland;MIDFIELDER;1503.0;1.2;-0.5411;0.2512;-0.145;6;-0.0725
pl-k00173156;Neuseeland;DEFENDER;1615.2;1.44;-0.2167;0.5061;0.1447;1;0.1447
pl-k00173161;Australien;DEFENDER;1474.0;1.65;-0.6797;0.6622;-0.0087;7;-0.0044
pl-k00173746;Bosnien-Herzegowina;DEFENDER;1523.2;;-0.5183;0.0;-0.2592;4;-0.1296
pl-k00174370;Spanien;FORWARD;1773.5;0.23;0.3964;-0.0265;0.185;5;0.0925
pl-k00174671;Japan;FORWARD;1670.7;-0.06;0.0567;-0.2352;-0.0893;1;-0.0893
pl-k00174699;Mexiko;MIDFIELDER;1538.1;0.48;-0.4197;-0.2403;-0.33;10;-0.165
pl-k00174794;Elfenbeinküste;FORWARD;1670.6;-0.02;0.0564;-0.2064;-0.075;5;-0.0375
pl-k00176299;Elfenbeinküste;FORWARD;1823.9;3.84;0.563;2.5723;1.5676;1;1.5676
pl-k00176354;Norwegen;DEFENDER;1721.5;0.95;0.1319;0.142;0.1369;3;0.1369
pl-k00176368;Südafrika;DEFENDER;1434.9;0.0;-0.8079;-0.5641;-0.686;8;-0.343
pl-k00176529;Ägypten;FORWARD;1131.6;;-1.7249;0.0;-0.8625;2;-0.8625
pl-k00177011;Saudi-Arabien;DEFENDER;1836.6;-0.49;0.5093;-0.9282;-0.2095;10;-0.1047
pl-k00177016;Südafrika;FORWARD;1407.7;-0.49;-0.8125;-0.5448;-0.6786;6;-0.3393
pl-k00177713;Tschechien;MIDFIELDER;1380.6;;-0.9645;0.0;-0.4822;10;-0.2411
pl-k00177919;Mexiko;DEFENDER;1616.8;0.69;-0.2114;-0.0513;-0.1314;5;-0.0657
pl-k00177949;Haiti;DEFENDER;1260.9;0.0;-1.3784;-0.5641;-0.9712;6;-0.4856
pl-k00177969;Saudi-Arabien;DEFENDER;1845.9;0.23;0.5398;-0.3931;0.0733;8;0.0367
pl-k00177972;Saudi-Arabien;MIDFIELDER;1851.3;1.64;0.6635;0.5516;0.6075;4;0.3038
pl-k00177974;Saudi-Arabien;FORWARD;1307.6;-0.24;-1.1433;-0.3648;-0.7541;3;-0.7541
pl-k00177978;Saudi-Arabien;DEFENDER;2006.8;-0.02;1.0673;-0.5789;0.2442;7;0.1221
pl-k00177981;Panama;DEFENDER;1328.6;0.0;-1.1564;-0.5641;-0.8603;9;-0.4301
pl-k00178067;Tunesien;FORWARD;1430.1;;-0.7385;0.0;-0.3692;3;-0.3692
pl-k00178191;Südafrika;DEFENDER;1460.3;0.43;-0.7246;-0.2445;-0.4845;7;-0.2423
pl-k00179915;Jordanien;FORWARD;747.6;-0.72;-2.994;-0.7104;-1.8522;5;-0.9261
pl-k00180202;Ghana;DEFENDER;1590.1;0.68;-0.299;-0.0587;-0.1788;3;-0.1788
pl-k00180334;Tunesien;FORWARD;923.8;-0.74;-2.4117;-0.7248;-1.5682;6;-0.7841
pl-k00181348;Tunesien;DEFENDER;1128.7;0.91;-1.8119;0.1122;-0.8498;5;-0.4249
pl-k00181848;Australien;MIDFIELDER;1340.5;1.92;-1.1031;0.7428;-0.1802;7;-0.0901
pl-k00182019;Paraguay;DEFENDER;877.7;;-2.6349;0.0;-1.3175;9;-0.6587
pl-k00182504;Saudi-Arabien;MIDFIELDER;1714.2;-0.24;0.1893;-0.7319;-0.2713;8;-0.1356
pl-k00182644;Saudi-Arabien;MIDFIELDER;1936.7;2.37;0.9588;1.05;1.0044;1;1.0044
pl-k00182788;Saudi-Arabien;DEFENDER;1936.7;2.37;0.8375;1.1973;1.0174;1;1.0174
pl-k00182789;Saudi-Arabien;DEFENDER;1529.4;;-0.498;0.0;-0.249;11;-0.1245
pl-k00182969;Paraguay;MIDFIELDER;1211.2;0.0;-1.5503;-0.568;-1.0592;12;-0.5296
pl-k00183122;Jordanien;DEFENDER;1276.3;;-1.3279;0.0;-0.664;3;-0.664
pl-k00183124;Jordanien;DEFENDER;1346.7;;-1.0971;0.0;-0.5485;1;-0.5485
pl-k00183130;Jordanien;MIDFIELDER;1023.7;-0.24;-2.1988;-0.7319;-1.4653;6;-0.7327
pl-k00183139;Jordanien;FORWARD;883.2;;-2.5459;0.0;-1.2729;4;-0.6365
pl-k00183142;Jordanien;FORWARD;1079.1;;-1.8984;0.0;-0.9492;3;-0.9492
pl-k00183298;Usbekistan;MIDFIELDER;1329.7;-0.24;-1.1405;-0.7319;-0.9362;6;-0.4681
pl-k00183340;Iran;GOALKEEPER;941.6;;-1.9662;0.0;-0.9831;4;-0.4916
pl-k00183346;Iran;DEFENDER;1385.2;0.0;-0.9708;-0.5641;-0.7675;4;-0.3837
pl-k00183407;Kap Verde;MIDFIELDER;951.7;;-2.4478;0.0;-1.2239;6;-0.612
pl-k00183839;Saudi-Arabien;MIDFIELDER;1480.6;0.43;-0.6186;-0.2745;-0.4465;10;-0.2233
pl-k00184849;Katar;GOALKEEPER;1501.8;-0.24;-0.2607;-0.7147;-0.4877;3;-0.2438
pl-k00184850;Katar;DEFENDER;1464.0;;-0.7125;0.0;-0.3562;2;-0.3562
pl-k00184851;Katar;FORWARD;1197.4;;-1.5075;0.0;-0.7537;4;-0.3769
pl-k00185671;Ghana;GOALKEEPER;888.6;;-2.1276;0.0;-1.0638;3;-0.5319
pl-k00185831;Haiti;DEFENDER;1191.6;;-1.6056;0.0;-0.8028;5;-0.4014
pl-k00186303;Iran;FORWARD;910.4;;-2.456;0.0;-1.228;5;-0.614
pl-k00186316;Katar;DEFENDER;1247.8;;-1.4214;0.0;-0.7107;5;-0.3553
pl-k00186356;Mexiko;FORWARD;1691.9;-0.27;0.1268;-0.3864;-0.1298;7;-0.0649
pl-k00186383;Marokko;DEFENDER;1492.5;-0.49;-0.619;-0.9282;-0.7736;7;-0.3868
pl-k00186771;Südafrika;GOALKEEPER;1498.6;1.2;-0.2704;0.7431;0.2363;2;0.1182
pl-k00186772;Südafrika;DEFENDER;1107.2;1.19;-1.8824;0.3203;-0.781;10;-0.3905
pl-k00186773;Südafrika;DEFENDER;1600.2;1.88;-0.2659;0.8331;0.2836;1;0.2836
pl-k00186805;Südafrika;MIDFIELDER;1487.1;3.35;-0.5961;1.719;0.5615;2;0.5615
pl-k00186806;Südafrika;FORWARD;1451.5;2.4;-0.6677;1.5357;0.434;1;0.434
pl-k00186807;Südafrika;FORWARD;1314.8;0.7;-1.1195;0.3119;-0.4038;3;-0.4038
pl-k00187286;Algerien;FORWARD;1551.7;-0.48;-0.3366;-0.5376;-0.4371;8;-0.2185
pl-k00187495;Algerien;FORWARD;1339.1;;-1.0392;0.0;-0.5196;9;-0.2598
pl-k00187691;Senegal;MIDFIELDER;1465.5;0.0;-0.6708;-0.568;-0.6194;7;-0.3097
pl-k00192544;Ecuador;FORWARD;1308.3;0.72;-1.141;0.3263;-0.4074;5;-0.2037
pl-k00194142;Schweden;DEFENDER;1602.3;1.68;-0.259;0.6845;0.2127;5;0.1064
pl-k00194337;Südafrika;DEFENDER;1349.4;2.64;-1.0882;1.3979;0.1549;3;0.1549
pl-k00194341;Katar;DEFENDER;1151.7;;-1.7365;0.0;-0.8682;6;-0.4341
pl-k00194733;Haiti;MIDFIELDER;915.8;;-2.572;0.0;-1.286;4;-0.643
pl-k00195273;Irak;MIDFIELDER;1374.9;0.23;-0.9842;-0.411;-0.6976;4;-0.3488
pl-k00195274;Irak;FORWARD;1080.0;;-1.8955;0.0;-0.9477;4;-0.4739
pl-k00195395;Jordanien;MIDFIELDER;1413.9;0.0;-0.8493;-0.568;-0.7087;4;-0.3543
pl-k00195396;Jordanien;MIDFIELDER;763.8;;-3.0977;0.0;-1.5488;7;-0.7744
pl-k00195446;Tunesien;DEFENDER;1220.6;0.0;-1.5106;-0.5641;-1.0373;6;-0.5187
pl-k00195447;Tunesien;DEFENDER;1339.3;0.0;-1.1213;-0.5641;-0.8427;4;-0.4214
pl-k00195453;Usbekistan;FORWARD;1176.2;;-1.5775;0.0;-0.7888;6;-0.3944
pl-k00195655;Algerien;DEFENDER;901.3;;-2.5575;0.0;-1.2788;11;-0.6394
pl-k00195662;Ägypten;GOALKEEPER;935.2;-0.24;-1.9857;-0.7147;-1.3502;3;-0.6751
pl-k00195663;Ägypten;GOALKEEPER;1019.1;-0.24;-1.7303;-0.7147;-1.2225;2;-0.6112
pl-k00195664;Ägypten;DEFENDER;1002.5;;-2.2257;0.0;-1.1128;5;-0.5564
pl-k00196610;Ecuador;MIDFIELDER;1227.0;;-1.4957;0.0;-0.7478;9;-0.3739
pl-k00200613;Irak;DEFENDER;979.2;0.0;-2.3021;-0.5641;-1.4331;6;-0.7165
pl-k00200616;Irak;MIDFIELDER;903.8;;-2.6135;0.0;-1.3067;10;-0.6534
pl-k00200629;Ägypten;MIDFIELDER;842.8;-0.01;-2.8244;-0.5749;-1.6996;11;-0.8498
pl-k00201006;Ecuador;DEFENDER;1165.5;0.0;-1.6912;-0.5641;-1.1276;10;-0.5638
pl-k00201011;Usbekistan;DEFENDER;1352.0;;-1.0797;0.0;-0.5399;2;-0.5399
