ID;Verein;Position;Marktwert TM;TM-Stärke;exp_games;Erwartete Spiele (TM);exp_gd;Erwartete Tordifferenz (TM)
pl-k00030256;Portugal;FORWARD;15000000;0.1364;5.302;0.723;3.99;0.5441
pl-k00030669;Deutschland;GOALKEEPER;4000000;0.0308;5.097;0.1568;3.97;0.1222
pl-k00033709;Argentinien;FORWARD;35000000;0.35;5.991;2.0968;8.658;3.0303
pl-k00033742;Schottland;GOALKEEPER;50000;0.0011;4.12;0.0046;-0.984;-0.0011
pl-k00039245;Deutschland;GOALKEEPER;3000000;0.0231;5.097;0.1176;3.97;0.0916
pl-k00039689;Kroatien;MIDFIELDER;4000000;0.0571;4.93;0.2817;2.779;0.1588
pl-k00039824;Mexiko;GOALKEEPER;1000000;0.025;4.905;0.1226;2.864;0.0716
pl-k00044089;Belgien;MIDFIELDER;1400000;0.0215;4.876;0.105;2.814;0.0606
pl-k00044560;Bosnien-Herzegowina;FORWARD;2700000;0.1227;3.738;0.4588;-2.61;-0.3203
pl-k00045914;Kolumbien;MIDFIELDER;6000000;0.0857;5.21;0.4466;3.512;0.301
pl-k00046237;Türkei;GOALKEEPER;500000;0.0111;4.976;0.0553;2.252;0.025
pl-k00046495;Uruguay;GOALKEEPER;750000;0.0062;4.672;0.0292;1.55;0.0097
pl-k00046508;Neuseeland;DEFENDER;;0.0;3.48;0.0;-3.434;-0.0
pl-k00047058;Österreich;FORWARD;2500000;0.0781;4.129;0.3226;-1.1;-0.0859
pl-k00050622;England;MIDFIELDER;2000000;0.0125;5.687;0.0711;6.383;0.0798
pl-k00054652;Deutschland;MIDFIELDER;3500000;0.0269;5.097;0.1372;3.97;0.1069
pl-k00055188;DR Kongo;MIDFIELDER;1800000;0.0643;3.371;0.2167;-4.126;-0.2652
pl-k00056751;Neuseeland;FORWARD;8000000;1.0;3.48;3.48;-3.434;-3.434
pl-k00056979;Argentinien;DEFENDER;1000000;0.01;5.991;0.0599;8.658;0.0866
pl-k00057241;Tunesien;MIDFIELDER;2000000;0.2222;3.434;0.7631;-3.766;-0.8369
pl-k00057343;Schweiz;MIDFIELDER;10000000;0.25;5.181;1.2952;4.737;1.1842
pl-k00057598;Österreich;DEFENDER;20000000;0.625;4.129;2.5806;-1.1;-0.6875
pl-k00057919;Schweden;GOALKEEPER;300000;0.0025;3.796;0.0095;-2.337;-0.0058
pl-k00059041;Kroatien;FORWARD;3000000;0.0429;4.93;0.2113;2.779;0.1191
pl-k00059307;Kroatien;FORWARD;1300000;0.0186;4.93;0.0916;2.779;0.0516
pl-k00059384;Belgien;FORWARD;15000000;0.2308;4.876;1.1252;2.814;0.6494
pl-k00059448;Südkorea;GOALKEEPER;;0.0;4.339;0.0;0.171;0.0
pl-k00059508;Belgien;GOALKEEPER;28000000;0.4308;4.876;2.1004;2.814;1.2122
pl-k00059516;Belgien;MIDFIELDER;15000000;0.2308;4.876;1.1252;2.814;0.6494
pl-k00059524;Türkei;MIDFIELDER;4700000;0.1044;4.976;0.5197;2.252;0.2352
pl-k00060044;Schweiz;DEFENDER;3500000;0.0875;5.181;0.4533;4.737;0.4145
pl-k00062748;Senegal;MIDFIELDER;1000000;0.0222;4.598;0.1022;0.171;0.0038
pl-k00063656;Südkorea;FORWARD;17000000;0.68;4.339;2.9505;0.171;0.1163
pl-k00063799;Österreich;FORWARD;1500000;0.0469;4.129;0.1935;-1.1;-0.0516
pl-k00063855;Neuseeland;FORWARD;500000;0.0625;3.48;0.2175;-3.434;-0.2146
pl-k00063869;Japan;DEFENDER;300000;0.01;4.848;0.0485;1.906;0.0191
pl-k00063918;Brasilien;FORWARD;50000000;0.2778;5.351;1.4864;5.126;1.4239
pl-k00064027;Schottland;DEFENDER;1500000;0.0333;4.12;0.1373;-0.984;-0.0328
pl-k00064038;Türkei;MIDFIELDER;22000000;0.4889;4.976;2.4327;2.252;1.101
pl-k00065748;Kap Verde;DEFENDER;;0.0;3.272;0.0;-5.876;-0.0
pl-k00065996;Ghana;FORWARD;1800000;0.0277;3.144;0.0871;-6.374;-0.1765
pl-k00066526;Deutschland;DEFENDER;25000000;0.1923;5.097;0.9802;3.97;0.7635
pl-k00066754;Deutschland;MIDFIELDER;15000000;0.1154;5.097;0.5881;3.97;0.4581
pl-k00067156;USA;DEFENDER;800000;0.0133;3.74;0.0499;-2.316;-0.0309
pl-k00067266;Kroatien;MIDFIELDER;15000000;0.2143;4.93;1.0564;2.779;0.5955
pl-k00067749;Frankreich;DEFENDER;8000000;0.0444;6.141;0.2729;7.58;0.3369
pl-k00068111;Australien;MIDFIELDER;700000;0.1167;4.066;0.4744;-0.993;-0.1158
pl-k00068757;Kolumbien;GOALKEEPER;3000000;0.0429;5.21;0.2233;3.512;0.1505
pl-k00069274;Paraguay;GOALKEEPER;;0.0;4.452;0.0;0.178;0.0
pl-k00069568;DR Kongo;FORWARD;1400000;0.05;3.371;0.1686;-4.126;-0.2063
pl-k00069797;England;DEFENDER;5000000;0.0312;5.687;0.1777;6.383;0.1995
pl-k00070267;Brasilien;DEFENDER;2000000;0.0111;5.351;0.0595;5.126;0.057
pl-k00070270;Brasilien;DEFENDER;2500000;0.0139;5.351;0.0743;5.126;0.0712
pl-k00070281;Tschechien;MIDFIELDER;400000;0.016;4.198;0.0672;-0.433;-0.0069
pl-k00070495;Belgien;DEFENDER;1800000;0.0277;4.876;0.135;2.814;0.0779
pl-k00070592;Deutschland;DEFENDER;30000000;0.2308;5.097;1.1762;3.97;0.9162
pl-k00070605;England;FORWARD;65000000;0.4062;5.687;2.3103;6.383;2.5931
pl-k00070654;Brasilien;MIDFIELDER;8000000;0.0444;5.351;0.2378;5.126;0.2278
pl-k00070756;Bosnien-Herzegowina;DEFENDER;10000000;0.4545;3.738;1.6991;-2.61;-1.1864
pl-k00070960;Curacao;FORWARD;;0.0;3.121;0.0;-6.73;-0.0
pl-k00071150;Deutschland;DEFENDER;40000000;0.3077;5.097;1.5683;3.97;1.2215
pl-k00071862;Kolumbien;DEFENDER;2500000;0.0357;5.21;0.1861;3.512;0.1254
pl-k00071888;Niederlande;FORWARD;10000000;0.1111;5.268;0.5853;3.773;0.4192
pl-k00072478;Niederlande;GOALKEEPER;8000000;0.0889;5.268;0.4683;3.773;0.3354
pl-k00072654;Frankreich;GOALKEEPER;38000000;0.2111;6.141;1.2964;7.58;1.6002
pl-k00072663;Elfenbeinküste;MIDFIELDER;8000000;0.16;3.89;0.6224;-2.143;-0.3429
pl-k00072712;Curacao;DEFENDER;2800000;0.6222;3.121;1.942;-6.73;-4.1876
pl-k00072716;Niederlande;DEFENDER;18000000;0.2;5.268;1.0536;3.773;0.7546
pl-k00072755;Deutschland;GOALKEEPER;12000000;0.0923;5.097;0.4705;3.97;0.3665
pl-k00073097;Australien;DEFENDER;;0.0;4.066;0.0;-0.993;-0.0
pl-k00073206;Österreich;MIDFIELDER;7000000;0.2188;4.129;0.9032;-1.1;-0.2406
pl-k00073311;Österreich;MIDFIELDER;1800000;0.0562;4.129;0.2323;-1.1;-0.0619
pl-k00073393;Ghana;DEFENDER;2000000;0.0308;3.144;0.0967;-6.374;-0.1961
pl-k00073842;Kap Verde;DEFENDER;;0.0;3.272;0.0;-5.876;-0.0
pl-k00073943;Mexiko;FORWARD;4000000;0.1;4.905;0.4905;2.864;0.2864
pl-k00074093;Ägypten;MIDFIELDER;30000000;0.4615;3.951;1.8235;-1.446;-0.6674
pl-k00074274;Senegal;FORWARD;25000000;0.5556;4.598;2.5544;0.171;0.095
pl-k00074305;Neuseeland;DEFENDER;;0.0;3.48;0.0;-3.434;-0.0
pl-k00074369;Marokko;GOALKEEPER;;0.0;4.418;0.0;0.331;0.0
pl-k00074841;Kolumbien;MIDFIELDER;2500000;0.0357;5.21;0.1861;3.512;0.1254
pl-k00074928;England;GOALKEEPER;15000000;0.0938;5.687;0.5332;6.383;0.5984
pl-k00074936;Brasilien;DEFENDER;30000000;0.1667;5.351;0.8918;5.126;0.8543
pl-k00074991;Argentinien;GOALKEEPER;15000000;0.15;5.991;0.8986;8.658;1.2987
pl-k00075008;Niederlande;MIDFIELDER;7000000;0.0778;5.268;0.4097;3.773;0.2935
pl-k00075023;Portugal;DEFENDER;25000000;0.2273;5.302;1.205;3.99;0.9068
pl-k00075027;Schweiz;GOALKEEPER;3000000;0.075;5.181;0.3886;4.737;0.3553
pl-k00075068;Katar;DEFENDER;500000;0.1111;3.194;0.3549;-5.532;-0.6147
pl-k00075076;Senegal;DEFENDER;12000000;0.2667;4.598;1.2261;0.171;0.0456
pl-k00075102;Kap Verde;FORWARD;700000;0.0389;3.272;0.1272;-5.876;-0.2285
pl-k00075261;Bosnien-Herzegowina;FORWARD;3000000;0.1364;3.738;0.5097;-2.61;-0.3559
pl-k00075379;Schweiz;DEFENDER;800000;0.02;5.181;0.1036;4.737;0.0947
pl-k00075584;Frankreich;MIDFIELDER;20000000;0.1111;6.141;0.6823;7.58;0.8422
pl-k00075612;Bosnien-Herzegowina;MIDFIELDER;550000;0.025;3.738;0.0934;-2.61;-0.0652
pl-k00075628;Türkei;MIDFIELDER;3500000;0.0778;4.976;0.387;2.252;0.1752
pl-k00075738;Australien;DEFENDER;550000;0.0917;4.066;0.3727;-0.993;-0.091
pl-k00075849;Spanien;DEFENDER;20000000;0.1667;6.547;1.0912;13.21;2.2017
pl-k00075878;Australien;GOALKEEPER;2000000;0.3333;4.066;1.3553;-0.993;-0.331
pl-k00075957;Ägypten;DEFENDER;400000;0.0062;3.951;0.0243;-1.446;-0.0089
pl-k00075963;Ägypten;MIDFIELDER;4500000;0.0692;3.951;0.2735;-1.446;-0.1001
pl-k00075982;Curacao;DEFENDER;3500000;0.7778;3.121;2.4274;-6.73;-5.2344
pl-k00076167;DR Kongo;DEFENDER;2500000;0.0893;3.371;0.301;-4.126;-0.3684
pl-k00076249;Kap Verde;GOALKEEPER;;0.0;3.272;0.0;-5.876;-0.0
pl-k00076421;Österreich;DEFENDER;1500000;0.0469;4.129;0.1935;-1.1;-0.0516
pl-k00076459;England;DEFENDER;18000000;0.1125;5.687;0.6398;6.383;0.7181
pl-k00076681;Ghana;MIDFIELDER;5000000;0.0769;3.144;0.2418;-6.374;-0.4903
pl-k00077108;Brasilien;MIDFIELDER;38000000;0.2111;5.351;1.1297;5.126;1.0822
pl-k00077358;Norwegen;GOALKEEPER;900000;0.0045;4.789;0.0216;0.91;0.0041
pl-k00077564;Uruguay;DEFENDER;2000000;0.0167;4.672;0.0779;1.55;0.0258
pl-k00077709;Norwegen;MIDFIELDER;17000000;0.085;4.789;0.4071;0.91;0.0774
pl-k00078155;Curacao;MIDFIELDER;900000;0.2;3.121;0.6242;-6.73;-1.346
pl-k00078170;Curacao;GOALKEEPER;200000;0.0444;3.121;0.1387;-6.73;-0.2991
pl-k00078181;Frankreich;GOALKEEPER;10000000;0.0556;6.141;0.3412;7.58;0.4211
pl-k00078230;Niederlande;DEFENDER;18000000;0.2;5.268;1.0536;3.773;0.7546
pl-k00078543;Kanada;MIDFIELDER;;0.0;4.653;0.0;1.822;0.0
pl-k00078573;Kolumbien;DEFENDER;1800000;0.0257;5.21;0.134;3.512;0.0903
pl-k00078750;Portugal;MIDFIELDER;40000000;0.3636;5.302;1.928;3.99;1.4509
pl-k00079032;Australien;FORWARD;;0.0;4.066;0.0;-0.993;-0.0
pl-k00079078;Bosnien-Herzegowina;GOALKEEPER;4500000;0.2045;3.738;0.7646;-2.61;-0.5339
pl-k00079176;Türkei;MIDFIELDER;9000000;0.2;4.976;0.9952;2.252;0.4504
pl-k00079478;Uruguay;DEFENDER;22000000;0.1833;4.672;0.8565;1.55;0.2842
pl-k00079504;Österreich;MIDFIELDER;2000000;0.0625;4.129;0.2581;-1.1;-0.0688
pl-k00079536;Australien;MIDFIELDER;600000;0.1;4.066;0.4066;-0.993;-0.0993
pl-k00079543;Deutschland;MIDFIELDER;23000000;0.1769;5.097;0.9018;3.97;0.7024
pl-k00080083;Deutschland;MIDFIELDER;17000000;0.1308;5.097;0.6665;3.97;0.5192
pl-k00080174;Deutschland;DEFENDER;18000000;0.1385;5.097;0.7057;3.97;0.5497
pl-k00080229;Paraguay;FORWARD;7000000;0.28;4.452;1.2466;0.178;0.0498
pl-k00080522;Paraguay;DEFENDER;8500000;0.34;4.452;1.5137;0.178;0.0605
pl-k00080587;Iran;FORWARD;2000000;0.5714;4.3;2.4571;-0.05;-0.0286
pl-k00080630;Brasilien;DEFENDER;8000000;0.0444;5.351;0.2378;5.126;0.2278
pl-k00080786;Belgien;MIDFIELDER;35000000;0.5385;4.876;2.6255;2.814;1.5152
pl-k00081053;Tschechien;DEFENDER;2700000;0.108;4.198;0.4534;-0.433;-0.0468
pl-k00081250;Belgien;DEFENDER;3000000;0.0462;4.876;0.225;2.814;0.1299
pl-k00081292;Kolumbien;FORWARD;10000000;0.1429;5.21;0.7443;3.512;0.5017
pl-k00081362;Kroatien;MIDFIELDER;7000000;0.1;4.93;0.493;2.779;0.2779
pl-k00081442;Senegal;GOALKEEPER;1800000;0.04;4.598;0.1839;0.171;0.0068
pl-k00081465;Spanien;DEFENDER;24000000;0.2;6.547;1.3094;13.21;2.642
pl-k00081503;DR Kongo;MIDFIELDER;5000000;0.1786;3.371;0.602;-4.126;-0.7368
pl-k00081538;Elfenbeinküste;MIDFIELDER;1500000;0.03;3.89;0.1167;-2.143;-0.0643
pl-k00081694;Kroatien;DEFENDER;7500000;0.1071;4.93;0.5282;2.779;0.2977
pl-k00081971;Australien;MIDFIELDER;1500000;0.25;4.066;1.0165;-0.993;-0.2482
pl-k00082152;Frankreich;DEFENDER;20000000;0.1111;6.141;0.6823;7.58;0.8422
pl-k00082469;Belgien;DEFENDER;10000000;0.1538;4.876;0.7502;2.814;0.4329
pl-k00082709;Kap Verde;FORWARD;325000;0.0181;3.272;0.0591;-5.876;-0.1061
pl-k00082878;Schottland;DEFENDER;30000000;0.6667;4.12;2.7467;-0.984;-0.656
pl-k00082905;Ecuador;FORWARD;3800000;0.0345;5.04;0.1741;4.088;0.1412
pl-k00082915;Schweiz;FORWARD;12000000;0.3;5.181;1.5543;4.737;1.4211
pl-k00082944;Kolumbien;GOALKEEPER;;0.0;5.21;0.0;3.512;0.0
pl-k00083013;Argentinien;MIDFIELDER;5000000;0.05;5.991;0.2996;8.658;0.4329
pl-k00083165;Norwegen;FORWARD;;0.0;4.789;0.0;0.91;0.0
pl-k00083239;Iran;DEFENDER;;0.0;4.3;0.0;-0.05;-0.0
pl-k00083248;Iran;MIDFIELDER;3000000;0.8571;4.3;3.6857;-0.05;-0.0429
pl-k00083526;Algerien;DEFENDER;1800000;0.045;3.705;0.1667;-2.846;-0.1281
pl-k00083529;Algerien;FORWARD;18000000;0.45;3.705;1.6672;-2.846;-1.2807
pl-k00083544;Iran;GOALKEEPER;;0.0;4.3;0.0;-0.05;-0.0
pl-k00083613;Norwegen;MIDFIELDER;;0.0;4.789;0.0;0.91;0.0
pl-k00083712;Kanada;FORWARD;3500000;0.07;4.653;0.3257;1.822;0.1275
pl-k00083739;Südafrika;FORWARD;;0.0;3.314;0.0;-4.325;-0.0
pl-k00083783;Paraguay;DEFENDER;8000000;0.32;4.452;1.4246;0.178;0.057
pl-k00083984;Schweden;DEFENDER;6000000;0.05;3.796;0.1898;-2.337;-0.1168
pl-k00083987;Schweden;MIDFIELDER;4000000;0.0333;3.796;0.1265;-2.337;-0.0779
pl-k00084324;Schweiz;MIDFIELDER;4000000;0.1;5.181;0.5181;4.737;0.4737
pl-k00084365;Schweiz;DEFENDER;8000000;0.2;5.181;1.0362;4.737;0.9474
pl-k00084527;Uruguay;FORWARD;4500000;0.0375;4.672;0.1752;1.55;0.0581
pl-k00084530;Kanada;DEFENDER;4000000;0.08;4.653;0.3722;1.822;0.1458
pl-k00084740;Neuseeland;MIDFIELDER;900000;0.1125;3.48;0.3915;-3.434;-0.3863
pl-k00084940;Österreich;DEFENDER;12000000;0.375;4.129;1.5484;-1.1;-0.4125
pl-k00084943;Österreich;MIDFIELDER;32000000;1.0;4.129;4.129;-1.1;-1.1
pl-k00085071;Österreich;GOALKEEPER;;0.0;4.129;0.0;-1.1;-0.0
pl-k00085122;Kroatien;FORWARD;3000000;0.0429;4.93;0.2113;2.779;0.1191
pl-k00085245;Portugal;MIDFIELDER;27000000;0.2455;5.302;1.3014;3.99;0.9794
pl-k00085275;Argentinien;GOALKEEPER;9000000;0.09;5.991;0.5392;8.658;0.7792
pl-k00085276;Argentinien;MIDFIELDER;15000000;0.15;5.991;0.8986;8.658;1.2987
pl-k00085349;Portugal;MIDFIELDER;40000000;0.3636;5.302;1.928;3.99;1.4509
pl-k00085376;DR Kongo;DEFENDER;2500000;0.0893;3.371;0.301;-4.126;-0.3684
pl-k00085378;Tschechien;GOALKEEPER;3500000;0.14;4.198;0.5877;-0.433;-0.0606
pl-k00085465;Kroatien;MIDFIELDER;10000000;0.1429;4.93;0.7043;2.779;0.397
pl-k00085665;Brasilien;GOALKEEPER;15000000;0.0833;5.351;0.4459;5.126;0.4272
pl-k00085696;Belgien;MIDFIELDER;6000000;0.0923;4.876;0.4501;2.814;0.2598
pl-k00085778;Tschechien;FORWARD;25000000;1.0;4.198;4.198;-0.433;-0.433
pl-k00085906;Schottland;DEFENDER;9000000;0.2;4.12;0.824;-0.984;-0.1968
pl-k00085917;Schottland;FORWARD;2500000;0.0556;4.12;0.2289;-0.984;-0.0547
pl-k00086035;Portugal;FORWARD;6000000;0.0545;5.302;0.2892;3.99;0.2176
pl-k00086109;Kroatien;DEFENDER;7000000;0.1;4.93;0.493;2.779;0.2779
pl-k00086141;Deutschland;FORWARD;55000000;0.4231;5.097;2.1564;3.97;1.6796
pl-k00086183;Tschechien;DEFENDER;;0.0;4.198;0.0;-0.433;-0.0
pl-k00086391;Spanien;DEFENDER;22000000;0.1833;6.547;1.2003;13.21;2.4218
pl-k00086584;Ghana;FORWARD;25000000;0.3846;3.144;1.2092;-6.374;-2.4515
pl-k00086910;Spanien;FORWARD;5000000;0.0417;6.547;0.2728;13.21;0.5504
pl-k00087248;Uruguay;GOALKEEPER;3500000;0.0292;4.672;0.1363;1.55;0.0452
pl-k00087254;Kroatien;DEFENDER;4000000;0.0571;4.93;0.2817;2.779;0.1588
pl-k00087278;Norwegen;MIDFIELDER;3000000;0.015;4.789;0.0718;0.91;0.0136
pl-k00087371;Bosnien-Herzegowina;GOALKEEPER;;0.0;3.738;0.0;-2.61;-0.0
pl-k00087507;Kap Verde;DEFENDER;1500000;0.0833;3.272;0.2727;-5.876;-0.4897
pl-k00087512;Haiti;GOALKEEPER;;0.0;3.218;0.0;-5.302;-0.0
pl-k00087534;Frankreich;MIDFIELDER;12000000;0.0667;6.141;0.4094;7.58;0.5053
pl-k00087576;Ghana;DEFENDER;9000000;0.1385;3.144;0.4353;-6.374;-0.8826
pl-k00087622;Türkei;GOALKEEPER;;0.0;4.976;0.0;2.252;0.0
pl-k00087673;Schweiz;GOALKEEPER;40000000;1.0;5.181;5.181;4.737;4.737
pl-k00087704;Österreich;DEFENDER;22000000;0.6875;4.129;2.8387;-1.1;-0.7563
pl-k00087705;Bosnien-Herzegowina;FORWARD;22000000;1.0;3.738;3.738;-2.61;-2.61
pl-k00087735;Türkei;FORWARD;4500000;0.1;4.976;0.4976;2.252;0.2252
pl-k00087750;Deutschland;DEFENDER;20000000;0.1538;5.097;0.7842;3.97;0.6108
pl-k00087823;Südkorea;MIDFIELDER;2000000;0.08;4.339;0.3471;0.171;0.0137
pl-k00087867;Elfenbeinküste;MIDFIELDER;20000000;0.4;3.89;1.556;-2.143;-0.8572
pl-k00087885;Deutschland;FORWARD;25000000;0.1923;5.097;0.9802;3.97;0.7635
pl-k00087974;Tschechien;MIDFIELDER;7500000;0.3;4.198;1.2594;-0.433;-0.1299
pl-k00088045;Spanien;DEFENDER;50000000;0.4167;6.547;2.7279;13.21;5.5042
pl-k00088049;Spanien;FORWARD;60000000;0.5;6.547;3.2735;13.21;6.605
pl-k00088147;Algerien;GOALKEEPER;2000000;0.05;3.705;0.1853;-2.846;-0.1423
pl-k00088151;Frankreich;DEFENDER;70000000;0.3889;6.141;2.3882;7.58;2.9478
pl-k00088249;Curacao;FORWARD;;0.0;3.121;0.0;-6.73;-0.0
pl-k00088739;Uruguay;MIDFIELDER;;0.0;4.672;0.0;1.55;0.0
pl-k00088771;USA;MIDFIELDER;60000000;1.0;3.74;3.74;-2.316;-2.316
pl-k00088866;Paraguay;DEFENDER;1500000;0.06;4.452;0.2671;0.178;0.0107
pl-k00088946;Curacao;FORWARD;;0.0;3.121;0.0;-6.73;-0.0
pl-k00088970;Ghana;GOALKEEPER;;0.0;3.144;0.0;-6.374;-0.0
pl-k00089012;Niederlande;FORWARD;3500000;0.0389;5.268;0.2049;3.773;0.1467
pl-k00089060;Japan;DEFENDER;800000;0.0267;4.848;0.1293;1.906;0.0508
pl-k00089096;Portugal;GOALKEEPER;5000000;0.0455;5.302;0.241;3.99;0.1814
pl-k00089148;Schweden;DEFENDER;15000000;0.125;3.796;0.4745;-2.337;-0.2921
pl-k00089308;Schweiz;MIDFIELDER;9000000;0.225;5.181;1.1657;4.737;1.0658
pl-k00089313;Spanien;GOALKEEPER;30000000;0.25;6.547;1.6368;13.21;3.3025
pl-k00089321;Spanien;MIDFIELDER;75000000;0.625;6.547;4.0919;13.21;8.2563
pl-k00089322;Spanien;MIDFIELDER;30000000;0.25;6.547;1.6368;13.21;3.3025
pl-k00089356;Schweiz;DEFENDER;22000000;0.55;5.181;2.8496;4.737;2.6054
pl-k00089361;Schweiz;MIDFIELDER;25000000;0.625;5.181;3.2381;4.737;2.9606
pl-k00089434;Österreich;MIDFIELDER;28000000;0.875;4.129;3.6129;-1.1;-0.9625
pl-k00089444;Frankreich;FORWARD;60000000;0.3333;6.141;2.047;7.58;2.5267
pl-k00089452;Kap Verde;MIDFIELDER;1000000;0.0556;3.272;0.1818;-5.876;-0.3264
pl-k00089457;Niederlande;MIDFIELDER;70000000;0.7778;5.268;4.0973;3.773;2.9346
pl-k00089649;Algerien;DEFENDER;7000000;0.175;3.705;0.6484;-2.846;-0.498
pl-k00089655;Tunesien;MIDFIELDER;6000000;0.6667;3.434;2.2893;-3.766;-2.5107
pl-k00089781;Haiti;DEFENDER;700000;0.0389;3.218;0.1251;-5.302;-0.2062
pl-k00090003;Curacao;MIDFIELDER;4500000;1.0;3.121;3.121;-6.73;-6.73
pl-k00090018;Marokko;MIDFIELDER;22000000;0.275;4.418;1.215;0.331;0.091
pl-k00090022;Curacao;FORWARD;450000;0.1;3.121;0.3121;-6.73;-0.673
pl-k00090036;England;FORWARD;50000000;0.3125;5.687;1.7772;6.383;1.9947
pl-k00090042;Österreich;DEFENDER;12000000;0.375;4.129;1.5484;-1.1;-0.4125
pl-k00090213;Österreich;DEFENDER;14000000;0.4375;4.129;1.8064;-1.1;-0.4813
pl-k00090353;Türkei;DEFENDER;;0.0;4.976;0.0;2.252;0.0
pl-k00090404;Portugal;DEFENDER;7500000;0.0682;5.302;0.3615;3.99;0.272
pl-k00090515;Spanien;MIDFIELDER;40000000;0.3333;6.547;2.1823;13.21;4.4033
pl-k00090525;Kolumbien;MIDFIELDER;8000000;0.1143;5.21;0.5954;3.512;0.4014
pl-k00090574;Kroatien;GOALKEEPER;11000000;0.1571;4.93;0.7747;2.779;0.4367
pl-k00090698;Australien;FORWARD;;0.0;4.066;0.0;-0.993;-0.0
pl-k00090788;Japan;MIDFIELDER;5000000;0.1667;4.848;0.808;1.906;0.3177
pl-k00090828;Schottland;DEFENDER;8000000;0.1778;4.12;0.7324;-0.984;-0.1749
pl-k00090830;Kap Verde;MIDFIELDER;750000;0.0417;3.272;0.1363;-5.876;-0.2448
pl-k00090873;Türkei;DEFENDER;6000000;0.1333;4.976;0.6635;2.252;0.3003
pl-k00090950;Australien;DEFENDER;1200000;0.2;4.066;0.8132;-0.993;-0.1986
pl-k00090958;Brasilien;GOALKEEPER;17000000;0.0944;5.351;0.5054;5.126;0.4841
pl-k00090996;Argentinien;MIDFIELDER;30000000;0.3;5.991;1.7973;8.658;2.5974
pl-k00091000;Mexiko;FORWARD;;0.0;4.905;0.0;2.864;0.0
pl-k00091055;Spanien;FORWARD;25000000;0.2083;6.547;1.364;13.21;2.7521
pl-k00091083;Kroatien;MIDFIELDER;6500000;0.0929;4.93;0.4578;2.779;0.258
pl-k00091090;Schottland;MIDFIELDER;1200000;0.0267;4.12;0.1099;-0.984;-0.0262
pl-k00091110;DR Kongo;DEFENDER;5000000;0.1786;3.371;0.602;-4.126;-0.7368
pl-k00091130;Österreich;GOALKEEPER;2200000;0.0688;4.129;0.2839;-1.1;-0.0756
pl-k00091136;Belgien;FORWARD;20000000;0.3077;4.876;1.5003;2.814;0.8658
pl-k00091137;Frankreich;FORWARD;100000000;0.5556;6.141;3.4117;7.58;4.2111
pl-k00091194;Bosnien-Herzegowina;DEFENDER;2000000;0.0909;3.738;0.3398;-2.61;-0.2373
pl-k00091289;England;FORWARD;40000000;0.25;5.687;1.4218;6.383;1.5958
pl-k00091305;Marokko;DEFENDER;10000000;0.125;4.418;0.5522;0.331;0.0414
pl-k00091368;Elfenbeinküste;GOALKEEPER;3000000;0.06;3.89;0.2334;-2.143;-0.1286
pl-k00091403;Südkorea;MIDFIELDER;10000000;0.4;4.339;1.7356;0.171;0.0684
pl-k00091409;Frankreich;FORWARD;180000000;1.0;6.141;6.141;7.58;7.58
pl-k00091463;Schottland;MIDFIELDER;9000000;0.2;4.12;0.824;-0.984;-0.1968
pl-k00091537;Frankreich;DEFENDER;45000000;0.25;6.141;1.5352;7.58;1.895
pl-k00091555;Schweiz;DEFENDER;2000000;0.05;5.181;0.259;4.737;0.2368
pl-k00091959;Bosnien-Herzegowina;MIDFIELDER;4200000;0.1909;3.738;0.7136;-2.61;-0.4983
pl-k00092246;Frankreich;DEFENDER;;0.0;6.141;0.0;7.58;0.0
pl-k00092347;Kanada;GOALKEEPER;;0.0;4.653;0.0;1.822;0.0
pl-k00092690;Schweiz;FORWARD;4500000;0.1125;5.181;0.5829;4.737;0.5329
pl-k00093122;Portugal;DEFENDER;60000000;0.5455;5.302;2.892;3.99;2.1764
pl-k00093334;DR Kongo;DEFENDER;2500000;0.0893;3.371;0.301;-4.126;-0.3684
pl-k00093378;Kap Verde;DEFENDER;;0.0;3.272;0.0;-5.876;-0.0
pl-k00093439;Portugal;GOALKEEPER;8000000;0.0727;5.302;0.3856;3.99;0.2902
pl-k00093477;Schottland;MIDFIELDER;15000000;0.3333;4.12;1.3733;-0.984;-0.328
pl-k00093739;USA;FORWARD;7000000;0.1167;3.74;0.4363;-2.316;-0.2702
pl-k00093752;Niederlande;DEFENDER;25000000;0.2778;5.268;1.4633;3.773;1.0481
pl-k00093879;DR Kongo;MIDFIELDER;3200000;0.1143;3.371;0.3853;-4.126;-0.4715
pl-k00093952;Kap Verde;GOALKEEPER;;0.0;3.272;0.0;-5.876;-0.0
pl-k00094296;Marokko;FORWARD;40000000;0.5;4.418;2.209;0.331;0.1655
pl-k00094309;Ecuador;FORWARD;1500000;0.0136;5.04;0.0687;4.088;0.0557
pl-k00094312;Panama;DEFENDER;;0.0;3.879;0.0;-2.104;-0.0
pl-k00094313;Panama;DEFENDER;;0.0;3.879;0.0;-2.104;-0.0
pl-k00094314;Panama;DEFENDER;;0.0;3.879;0.0;-2.104;-0.0
pl-k00094316;Panama;MIDFIELDER;;0.0;3.879;0.0;-2.104;-0.0
pl-k00094317;Panama;MIDFIELDER;;0.0;3.879;0.0;-2.104;-0.0
pl-k00094325;Panama;FORWARD;1000000;0.1;3.879;0.3879;-2.104;-0.2104
pl-k00094331;Paraguay;MIDFIELDER;9000000;0.36;4.452;1.6027;0.178;0.0641
pl-k00094503;Haiti;FORWARD;1600000;0.0889;3.218;0.286;-5.302;-0.4713
pl-k00094622;Kolumbien;DEFENDER;3000000;0.0429;5.21;0.2233;3.512;0.1505
pl-k00094626;Australien;DEFENDER;;0.0;4.066;0.0;-0.993;-0.0
pl-k00094807;Schweden;FORWARD;120000000;1.0;3.796;3.796;-2.337;-2.337
pl-k00094866;Brasilien;FORWARD;50000000;0.2778;5.351;1.4864;5.126;1.4239
pl-k00094959;Österreich;MIDFIELDER;17000000;0.5312;4.129;2.1935;-1.1;-0.5844
pl-k00095021;Portugal;GOALKEEPER;40000000;0.3636;5.302;1.928;3.99;1.4509
pl-k00095023;Portugal;DEFENDER;28000000;0.2545;5.302;1.3496;3.99;1.0156
pl-k00095030;Schweiz;MIDFIELDER;;0.0;5.181;0.0;4.737;0.0
pl-k00095063;Kroatien;MIDFIELDER;6000000;0.0857;4.93;0.4226;2.779;0.2382
pl-k00095107;Bosnien-Herzegowina;MIDFIELDER;1500000;0.0682;3.738;0.2549;-2.61;-0.178
pl-k00095175;Senegal;DEFENDER;6000000;0.1333;4.598;0.6131;0.171;0.0228
pl-k00095198;Schottland;DEFENDER;1500000;0.0333;4.12;0.1373;-0.984;-0.0328
pl-k00095199;Norwegen;DEFENDER;16000000;0.08;4.789;0.3831;0.91;0.0728
pl-k00095254;Elfenbeinküste;MIDFIELDER;22000000;0.44;3.89;1.7116;-2.143;-0.9429
pl-k00095392;DR Kongo;FORWARD;28000000;1.0;3.371;3.371;-4.126;-4.126
pl-k00095393;Elfenbeinküste;FORWARD;8500000;0.17;3.89;0.6613;-2.143;-0.3643
pl-k00095547;Schweden;FORWARD;2500000;0.0208;3.796;0.0791;-2.337;-0.0487
pl-k00095604;Irak;GOALKEEPER;;0.0;3.185;0.0;-5.568;-0.0
pl-k00095650;Australien;MIDFIELDER;500000;0.0833;4.066;0.3388;-0.993;-0.0827
pl-k00095657;Argentinien;MIDFIELDER;16000000;0.16;5.991;0.9586;8.658;1.3853
pl-k00095671;Mexiko;DEFENDER;7000000;0.175;4.905;0.8584;2.864;0.5012
pl-k00095732;Kolumbien;DEFENDER;4000000;0.0571;5.21;0.2977;3.512;0.2007
pl-k00095741;Schweden;MIDFIELDER;2500000;0.0208;3.796;0.0791;-2.337;-0.0487
pl-k00095804;Bosnien-Herzegowina;DEFENDER;;0.0;3.738;0.0;-2.61;-0.0
pl-k00095836;Algerien;FORWARD;;0.0;3.705;0.0;-2.846;-0.0
pl-k00095892;Südafrika;DEFENDER;;0.0;3.314;0.0;-4.325;-0.0
pl-k00095993;Türkei;GOALKEEPER;1700000;0.0378;4.976;0.188;2.252;0.0851
pl-k00096140;Deutschland;DEFENDER;55000000;0.4231;5.097;2.1564;3.97;1.6796
pl-k00096154;Brasilien;GOALKEEPER;;0.0;5.351;0.0;5.126;0.0
pl-k00096210;Schweden;DEFENDER;5000000;0.0417;3.796;0.1582;-2.337;-0.0974
pl-k00096455;Iran;MIDFIELDER;900000;0.2571;4.3;1.1057;-0.05;-0.0129
pl-k00096489;Türkei;DEFENDER;;0.0;4.976;0.0;2.252;0.0
pl-k00096513;Niederlande;MIDFIELDER;15000000;0.1667;5.268;0.878;3.773;0.6288
pl-k00096516;Curacao;DEFENDER;800000;0.1778;3.121;0.5548;-6.73;-1.1964
pl-k00096664;Katar;FORWARD;3000000;0.6667;3.194;2.1293;-5.532;-3.688
pl-k00096665;Schottland;GOALKEEPER;2500000;0.0556;4.12;0.2289;-0.984;-0.0547
pl-k00096715;Kolumbien;DEFENDER;18000000;0.2571;5.21;1.3397;3.512;0.9031
pl-k00096721;Algerien;GOALKEEPER;;0.0;3.705;0.0;-2.846;-0.0
pl-k00096723;Senegal;FORWARD;35000000;0.7778;4.598;3.5762;0.171;0.133
pl-k00096767;Tschechien;MIDFIELDER;12000000;0.48;4.198;2.015;-0.433;-0.2078
pl-k00096835;Belgien;FORWARD;20000000;0.3077;4.876;1.5003;2.814;0.8658
pl-k00096877;Australien;MIDFIELDER;1500000;0.25;4.066;1.0165;-0.993;-0.2482
pl-k00096971;Katar;FORWARD;4500000;1.0;3.194;3.194;-5.532;-5.532
pl-k00097030;Elfenbeinküste;DEFENDER;6500000;0.13;3.89;0.5057;-2.143;-0.2786
pl-k00097143;USA;MIDFIELDER;22000000;0.3667;3.74;1.3713;-2.316;-0.8492
pl-k00097277;Mexiko;MIDFIELDER;7000000;0.175;4.905;0.8584;2.864;0.5012
pl-k00097322;Schweiz;MIDFIELDER;4500000;0.1125;5.181;0.5829;4.737;0.5329
pl-k00097376;Algerien;GOALKEEPER;;0.0;3.705;0.0;-2.846;-0.0
pl-k00097512;Frankreich;FORWARD;40000000;0.2222;6.141;1.3647;7.58;1.6844
pl-k00097518;Algerien;MIDFIELDER;10000000;0.25;3.705;0.9262;-2.846;-0.7115
pl-k00097593;Kap Verde;MIDFIELDER;1000000;0.0556;3.272;0.1818;-5.876;-0.3264
pl-k00097599;Schottland;DEFENDER;3500000;0.0778;4.12;0.3204;-0.984;-0.0765
pl-k00097772;Mexiko;DEFENDER;;0.0;4.905;0.0;2.864;0.0
pl-k00097808;Elfenbeinküste;DEFENDER;4000000;0.08;3.89;0.3112;-2.143;-0.1714
pl-k00097868;Türkei;DEFENDER;20000000;0.4444;4.976;2.2116;2.252;1.0009
pl-k00098067;Mexiko;MIDFIELDER;22000000;0.55;4.905;2.6978;2.864;1.5752
pl-k00098095;Niederlande;MIDFIELDER;32000000;0.3556;5.268;1.8731;3.773;1.3415
pl-k00098133;DR Kongo;DEFENDER;22000000;0.7857;3.371;2.6486;-4.126;-3.2419
pl-k00098162;England;MIDFIELDER;120000000;0.75;5.687;4.2652;6.383;4.7872
pl-k00098210;Ägypten;DEFENDER;;0.0;3.951;0.0;-1.446;-0.0
pl-k00098226;Marokko;GOALKEEPER;1000000;0.0125;4.418;0.0552;0.331;0.0041
pl-k00098238;DR Kongo;MIDFIELDER;;0.0;3.371;0.0;-4.126;-0.0
pl-k00098347;Iran;MIDFIELDER;2000000;0.5714;4.3;2.4571;-0.05;-0.0286
pl-k00098354;Algerien;MIDFIELDER;9000000;0.225;3.705;0.8336;-2.846;-0.6404
pl-k00098506;Paraguay;MIDFIELDER;4500000;0.18;4.452;0.8014;0.178;0.032
pl-k00098535;Ägypten;MIDFIELDER;;0.0;3.951;0.0;-1.446;-0.0
pl-k00098554;Marokko;DEFENDER;80000000;1.0;4.418;4.418;0.331;0.331
pl-k00098565;DR Kongo;MIDFIELDER;450000;0.0161;3.371;0.0542;-4.126;-0.0663
pl-k00098653;Haiti;DEFENDER;4000000;0.2222;3.218;0.7151;-5.302;-1.1782
pl-k00098656;Norwegen;MIDFIELDER;25000000;0.125;4.789;0.5986;0.91;0.1138
pl-k00098820;Brasilien;DEFENDER;75000000;0.4167;5.351;2.2296;5.126;2.1358
pl-k00098854;Ecuador;DEFENDER;14000000;0.1273;5.04;0.6415;4.088;0.5203
pl-k00098905;Schweiz;DEFENDER;;0.0;5.181;0.0;4.737;0.0
pl-k00099269;USA;DEFENDER;5000000;0.0833;3.74;0.3117;-2.316;-0.193
pl-k00099308;USA;DEFENDER;;0.0;3.74;0.0;-2.316;-0.0
pl-k00099343;Panama;DEFENDER;10000000;1.0;3.879;3.879;-2.104;-2.104
pl-k00099347;USA;MIDFIELDER;25000000;0.4167;3.74;1.5583;-2.316;-0.965
pl-k00099350;Haiti;FORWARD;;0.0;3.218;0.0;-5.302;-0.0
pl-k00099370;Kanada;DEFENDER;;0.0;4.653;0.0;1.822;0.0
pl-k00099403;USA;MIDFIELDER;;0.0;3.74;0.0;-2.316;-0.0
pl-k00099454;Panama;MIDFIELDER;;0.0;3.879;0.0;-2.104;-0.0
pl-k00099476;USA;GOALKEEPER;7000000;0.1167;3.74;0.4363;-2.316;-0.2702
pl-k00099583;Kanada;DEFENDER;50000000;1.0;4.653;4.653;1.822;1.822
pl-k00099757;Schweden;MIDFIELDER;12000000;0.1;3.796;0.3796;-2.337;-0.2337
pl-k00099758;Bosnien-Herzegowina;DEFENDER;3000000;0.1364;3.738;0.5097;-2.61;-0.3559
pl-k00099888;Haiti;DEFENDER;3500000;0.1944;3.218;0.6257;-5.302;-1.0309
pl-k00099891;Haiti;MIDFIELDER;15000000;0.8333;3.218;2.6817;-5.302;-4.4183
pl-k00099911;Uruguay;MIDFIELDER;27000000;0.225;4.672;1.0512;1.55;0.3488
pl-k00100096;Schottland;MIDFIELDER;45000000;1.0;4.12;4.12;-0.984;-0.984
pl-k00100132;Brasilien;DEFENDER;;0.0;5.351;0.0;5.126;0.0
pl-k00100297;Algerien;FORWARD;28000000;0.7;3.705;2.5935;-2.846;-1.9922
pl-k00100385;Paraguay;FORWARD;;0.0;4.452;0.0;0.178;0.0
pl-k00100539;Schottland;MIDFIELDER;20000000;0.4444;4.12;1.8311;-0.984;-0.4373
pl-k00100729;Brasilien;MIDFIELDER;35000000;0.1944;5.351;1.0405;5.126;0.9967
pl-k00100735;Brasilien;FORWARD;180000000;1.0;5.351;5.351;5.126;5.126
pl-k00100766;Portugal;FORWARD;60000000;0.5455;5.302;2.892;3.99;2.1764
pl-k00100775;Spanien;DEFENDER;;0.0;6.547;0.0;13.21;0.0
pl-k00100782;Spanien;FORWARD;30000000;0.25;6.547;1.6368;13.21;3.3025
pl-k00100789;England;DEFENDER;55000000;0.3438;5.687;1.9549;6.383;2.1942
pl-k00100804;Türkei;DEFENDER;5000000;0.1111;4.976;0.5529;2.252;0.2502
pl-k00100814;Türkei;FORWARD;5000000;0.1111;4.976;0.5529;2.252;0.2502
pl-k00100992;Australien;MIDFIELDER;4000000;0.6667;4.066;2.7107;-0.993;-0.662
pl-k00101025;Neuseeland;DEFENDER;;0.0;3.48;0.0;-3.434;-0.0
pl-k00101031;Neuseeland;MIDFIELDER;;0.0;3.48;0.0;-3.434;-0.0
pl-k00101100;Japan;MIDFIELDER;30000000;1.0;4.848;4.848;1.906;1.906
pl-k00101109;Bosnien-Herzegowina;DEFENDER;1200000;0.0545;3.738;0.2039;-2.61;-0.1424
pl-k00101120;Senegal;GOALKEEPER;8000000;0.1778;4.598;0.8174;0.171;0.0304
pl-k00101133;England;GOALKEEPER;28000000;0.175;5.687;0.9952;6.383;1.117
pl-k00101135;England;DEFENDER;35000000;0.2188;5.687;1.244;6.383;1.3963
pl-k00101264;Tschechien;FORWARD;1800000;0.072;4.198;0.3023;-0.433;-0.0312
pl-k00101284;Uruguay;DEFENDER;10000000;0.0833;4.672;0.3893;1.55;0.1292
pl-k00101285;Uruguay;GOALKEEPER;;0.0;4.672;0.0;1.55;0.0
pl-k00101287;Uruguay;DEFENDER;;0.0;4.672;0.0;1.55;0.0
pl-k00101288;Uruguay;DEFENDER;18000000;0.15;4.672;0.7008;1.55;0.2325
pl-k00101293;Uruguay;MIDFIELDER;;0.0;4.672;0.0;1.55;0.0
pl-k00101298;Uruguay;MIDFIELDER;120000000;1.0;4.672;4.672;1.55;1.55
pl-k00101299;Uruguay;DEFENDER;10000000;0.0833;4.672;0.3893;1.55;0.1292
pl-k00101301;Uruguay;FORWARD;;0.0;4.672;0.0;1.55;0.0
pl-k00101347;Argentinien;DEFENDER;8000000;0.08;5.991;0.4793;8.658;0.6926
pl-k00101356;Frankreich;DEFENDER;45000000;0.25;6.141;1.5352;7.58;1.895
pl-k00101378;Brasilien;MIDFIELDER;75000000;0.4167;5.351;2.2296;5.126;2.1358
pl-k00101481;Japan;MIDFIELDER;12000000;0.4;4.848;1.9392;1.906;0.7624
pl-k00101588;Schweden;GOALKEEPER;;0.0;3.796;0.0;-2.337;-0.0
pl-k00101599;Schweden;FORWARD;70000000;0.5833;3.796;2.2143;-2.337;-1.3633
pl-k00101605;Brasilien;DEFENDER;35000000;0.1944;5.351;1.0405;5.126;0.9967
pl-k00101629;Portugal;FORWARD;90000000;0.8182;5.302;4.338;3.99;3.2645
pl-k00101633;Curacao;DEFENDER;3000000;0.6667;3.121;2.0807;-6.73;-4.4867
pl-k00101636;Niederlande;MIDFIELDER;28000000;0.3111;5.268;1.6389;3.773;1.1738
pl-k00101638;Niederlande;FORWARD;25000000;0.2778;5.268;1.4633;3.773;1.0481
pl-k00101663;England;DEFENDER;50000000;0.3125;5.687;1.7772;6.383;1.9947
pl-k00101765;Österreich;FORWARD;2000000;0.0625;4.129;0.2581;-1.1;-0.0688
pl-k00101781;Brasilien;FORWARD;45000000;0.25;5.351;1.3378;5.126;1.2815
pl-k00101783;Schweiz;FORWARD;9000000;0.225;5.181;1.1657;4.737;1.0658
pl-k00101913;Panama;MIDFIELDER;;0.0;3.879;0.0;-2.104;-0.0
pl-k00101917;Panama;GOALKEEPER;;0.0;3.879;0.0;-2.104;-0.0
pl-k00102015;Curacao;DEFENDER;450000;0.1;3.121;0.3121;-6.73;-0.673
pl-k00102117;Senegal;DEFENDER;16000000;0.3556;4.598;1.6348;0.171;0.0608
pl-k00102402;Niederlande;FORWARD;25000000;0.2778;5.268;1.4633;3.773;1.0481
pl-k00102731;Kroatien;DEFENDER;32000000;0.4571;4.93;2.2537;2.779;1.2704
pl-k00102793;Kap Verde;FORWARD;800000;0.0444;3.272;0.1454;-5.876;-0.2612
pl-k00102800;Österreich;MIDFIELDER;18000000;0.5625;4.129;2.3226;-1.1;-0.6188
pl-k00102817;Japan;MIDFIELDER;18000000;0.6;4.848;2.9088;1.906;1.1436
pl-k00103233;DR Kongo;MIDFIELDER;1200000;0.0429;3.371;0.1445;-4.126;-0.1768
pl-k00103347;Kroatien;FORWARD;350000;0.005;4.93;0.0246;2.779;0.0139
pl-k00103453;Niederlande;MIDFIELDER;65000000;0.7222;5.268;3.8047;3.773;2.7249
pl-k00103601;Curacao;GOALKEEPER;;0.0;3.121;0.0;-6.73;-0.0
pl-k00103776;Türkei;FORWARD;;0.0;4.976;0.0;2.252;0.0
pl-k00103853;Südkorea;DEFENDER;25000000;1.0;4.339;4.339;0.171;0.171
pl-k00103860;Südkorea;GOALKEEPER;;0.0;4.339;0.0;0.171;0.0
pl-k00103878;Ägypten;FORWARD;65000000;1.0;3.951;3.951;-1.446;-1.446
pl-k00104033;Ghana;DEFENDER;3500000;0.0538;3.144;0.1693;-6.374;-0.3432
pl-k00104228;Iran;DEFENDER;450000;0.1286;4.3;0.5529;-0.05;-0.0064
pl-k00104230;Belgien;MIDFIELDER;6500000;0.1;4.876;0.4876;2.814;0.2814
pl-k00104271;Australien;DEFENDER;6000000;1.0;4.066;4.066;-0.993;-0.993
pl-k00104274;Ghana;MIDFIELDER;2500000;0.0385;3.144;0.1209;-6.374;-0.2452
pl-k00104317;Deutschland;MIDFIELDER;45000000;0.3462;5.097;1.7643;3.97;1.3742
pl-k00104437;Iran;FORWARD;700000;0.2;4.3;0.86;-0.05;-0.01
pl-k00104441;Bosnien-Herzegowina;GOALKEEPER;;0.0;3.738;0.0;-2.61;-0.0
pl-k00104485;Norwegen;DEFENDER;20000000;0.1;4.789;0.4789;0.91;0.091
pl-k00104568;Saudi-Arabien;GOALKEEPER;;0.0;3.316;0.0;-5.57;-0.0
pl-k00104581;Saudi-Arabien;MIDFIELDER;;0.0;3.316;0.0;-5.57;-0.0
pl-k00104617;Kolumbien;MIDFIELDER;;0.0;5.21;0.0;3.512;0.0
pl-k00104723;Iran;DEFENDER;1300000;0.3714;4.3;1.5971;-0.05;-0.0186
pl-k00104727;Iran;DEFENDER;;0.0;4.3;0.0;-0.05;-0.0
pl-k00104729;Iran;MIDFIELDER;;0.0;4.3;0.0;-0.05;-0.0
pl-k00104730;Iran;MIDFIELDER;;0.0;4.3;0.0;-0.05;-0.0
pl-k00104735;Iran;FORWARD;2500000;0.7143;4.3;3.0714;-0.05;-0.0357
pl-k00104808;Neuseeland;GOALKEEPER;;0.0;3.48;0.0;-3.434;-0.0
pl-k00104953;Panama;FORWARD;;0.0;3.879;0.0;-2.104;-0.0
pl-k00104975;Japan;MIDFIELDER;;0.0;4.848;0.0;1.906;0.0
pl-k00104978;Tschechien;FORWARD;15000000;0.6;4.198;2.5188;-0.433;-0.2598
pl-k00105008;Neuseeland;MIDFIELDER;2000000;0.25;3.48;0.87;-3.434;-0.8585
pl-k00105138;Marokko;GOALKEEPER;;0.0;4.418;0.0;0.331;0.0
pl-k00105180;Deutschland;MIDFIELDER;25000000;0.1923;5.097;0.9802;3.97;0.7635
pl-k00105212;Türkei;GOALKEEPER;2200000;0.0489;4.976;0.2433;2.252;0.1101
pl-k00105223;England;FORWARD;60000000;0.375;5.687;2.1326;6.383;2.3936
pl-k00105391;Japan;MIDFIELDER;3500000;0.1167;4.848;0.5656;1.906;0.2224
pl-k00105434;Marokko;DEFENDER;22000000;0.275;4.418;1.215;0.331;0.091
pl-k00105471;Australien;DEFENDER;;0.0;4.066;0.0;-0.993;-0.0
pl-k00105695;Saudi-Arabien;FORWARD;;0.0;3.316;0.0;-5.57;-0.0
pl-k00105718;Türkei;DEFENDER;3000000;0.0667;4.976;0.3317;2.252;0.1501
pl-k00105800;Kanada;MIDFIELDER;11000000;0.22;4.653;1.0237;1.822;0.4008
pl-k00105812;Niederlande;FORWARD;70000000;0.7778;5.268;4.0973;3.773;2.9346
pl-k00105828;Tunesien;DEFENDER;2500000;0.2778;3.434;0.9539;-3.766;-1.0461
pl-k00105829;Tunesien;DEFENDER;1300000;0.1444;3.434;0.496;-3.766;-0.544
pl-k00105836;Tunesien;FORWARD;;0.0;3.434;0.0;-3.766;-0.0
pl-k00105876;Schottland;DEFENDER;3000000;0.0667;4.12;0.2747;-0.984;-0.0656
pl-k00105950;Iran;GOALKEEPER;2200000;0.6286;4.3;2.7029;-0.05;-0.0314
pl-k00105955;Iran;MIDFIELDER;;0.0;4.3;0.0;-0.05;-0.0
pl-k00105961;Iran;FORWARD;1000000;0.2857;4.3;1.2286;-0.05;-0.0143
pl-k00105983;Frankreich;MIDFIELDER;100000000;0.5556;6.141;3.4117;7.58;4.2111
pl-k00106053;Curacao;DEFENDER;375000;0.0833;3.121;0.2601;-6.73;-0.5608
pl-k00106067;Paraguay;MIDFIELDER;;0.0;4.452;0.0;0.178;0.0
pl-k00106087;Japan;DEFENDER;10000000;0.3333;4.848;1.616;1.906;0.6353
pl-k00106091;Japan;MIDFIELDER;;0.0;4.848;0.0;1.906;0.0
pl-k00106095;USA;DEFENDER;6000000;0.1;3.74;0.374;-2.316;-0.2316
pl-k00106109;Saudi-Arabien;MIDFIELDER;;0.0;3.316;0.0;-5.57;-0.0
pl-k00106186;Saudi-Arabien;GOALKEEPER;;0.0;3.316;0.0;-5.57;-0.0
pl-k00106205;Japan;DEFENDER;7500000;0.25;4.848;1.212;1.906;0.4765
pl-k00106358;Japan;DEFENDER;18000000;0.6;4.848;2.9088;1.906;1.1436
pl-k00106359;Japan;FORWARD;2500000;0.0833;4.848;0.404;1.906;0.1588
pl-k00106362;USA;MIDFIELDER;20000000;0.3333;3.74;1.2467;-2.316;-0.772
pl-k00106538;Japan;GOALKEEPER;;0.0;4.848;0.0;1.906;0.0
pl-k00106559;Saudi-Arabien;MIDFIELDER;;0.0;3.316;0.0;-5.57;-0.0
pl-k00106597;Marokko;FORWARD;5000000;0.0625;4.418;0.2761;0.331;0.0207
pl-k00106599;Ägypten;GOALKEEPER;;0.0;3.951;0.0;-1.446;-0.0
pl-k00106676;Argentinien;FORWARD;85000000;0.85;5.991;5.0924;8.658;7.3593
pl-k00106680;Brasilien;DEFENDER;28000000;0.1556;5.351;0.8324;5.126;0.7974
pl-k00106698;Deutschland;FORWARD;70000000;0.5385;5.097;2.7445;3.97;2.1377
pl-k00106891;Türkei;DEFENDER;12000000;0.2667;4.976;1.3269;2.252;0.6005
pl-k00106912;Senegal;GOALKEEPER;10000000;0.2222;4.598;1.0218;0.171;0.038
pl-k00106928;Deutschland;MIDFIELDER;45000000;0.3462;5.097;1.7643;3.97;1.3742
pl-k00106946;Norwegen;DEFENDER;;0.0;4.789;0.0;0.91;0.0
pl-k00107005;Türkei;MIDFIELDER;25000000;0.5556;4.976;2.7644;2.252;1.2511
pl-k00107290;Algerien;DEFENDER;40000000;1.0;3.705;3.705;-2.846;-2.846
pl-k00107395;Kanada;MIDFIELDER;;0.0;4.653;0.0;1.822;0.0
pl-k00107513;Schweiz;FORWARD;18000000;0.45;5.181;2.3315;4.737;2.1316
pl-k00107564;Panama;MIDFIELDER;;0.0;3.879;0.0;-2.104;-0.0
pl-k00107692;Deutschland;MIDFIELDER;130000000;1.0;5.097;5.097;3.97;3.97
pl-k00107693;Deutschland;MIDFIELDER;110000000;0.8462;5.097;4.3128;3.97;3.3592
pl-k00107767;Spanien;GOALKEEPER;30000000;0.25;6.547;1.6368;13.21;3.3025
pl-k00107833;Niederlande;FORWARD;20000000;0.2222;5.268;1.1707;3.773;0.8384
pl-k00107834;Niederlande;DEFENDER;70000000;0.7778;5.268;4.0973;3.773;2.9346
pl-k00107835;Niederlande;MIDFIELDER;28000000;0.3111;5.268;1.6389;3.773;1.1738
pl-k00107846;Niederlande;FORWARD;22000000;0.2444;5.268;1.2877;3.773;0.9223
pl-k00107848;Curacao;DEFENDER;2000000;0.4444;3.121;1.3871;-6.73;-2.9911
pl-k00108054;Curacao;MIDFIELDER;400000;0.0889;3.121;0.2774;-6.73;-0.5982
pl-k00108107;Portugal;FORWARD;35000000;0.3182;5.302;1.687;3.99;1.2695
pl-k00108112;Türkei;GOALKEEPER;;0.0;4.976;0.0;2.252;0.0
pl-k00108337;Kolumbien;FORWARD;18000000;0.2571;5.21;1.3397;3.512;0.9031
pl-k00108493;Panama;MIDFIELDER;2000000;0.2;3.879;0.7758;-2.104;-0.4208
pl-k00108624;Haiti;MIDFIELDER;100000;0.0056;3.218;0.0179;-5.302;-0.0295
pl-k00108633;USA;DEFENDER;30000000;0.5;3.74;1.87;-2.316;-1.158
pl-k00108669;Irak;MIDFIELDER;600000;0.2;3.185;0.637;-5.568;-1.1136
pl-k00108822;Norwegen;FORWARD;200000000;1.0;4.789;4.789;0.91;0.91
pl-k00109674;USA;MIDFIELDER;35000000;0.5833;3.74;2.1817;-2.316;-1.351
pl-k00110076;Türkei;DEFENDER;5000000;0.1111;4.976;0.5529;2.252;0.2502
pl-k00110095;Haiti;FORWARD;;0.0;3.218;0.0;-5.302;-0.0
pl-k00110131;Portugal;FORWARD;35000000;0.3182;5.302;1.687;3.99;1.2695
pl-k00110134;Tunesien;DEFENDER;2000000;0.2222;3.434;0.7631;-3.766;-0.8369
pl-k00110177;Elfenbeinküste;DEFENDER;30000000;0.6;3.89;2.334;-2.143;-1.2858
pl-k00110243;Niederlande;MIDFIELDER;90000000;1.0;5.268;5.268;3.773;3.773
pl-k00110300;Argentinien;MIDFIELDER;;0.0;5.991;0.0;8.658;0.0
pl-k00110311;USA;DEFENDER;25000000;0.4167;3.74;1.5583;-2.316;-0.965
pl-k00110341;Tschechien;MIDFIELDER;;0.0;4.198;0.0;-0.433;-0.0
pl-k00110344;Tschechien;DEFENDER;;0.0;4.198;0.0;-0.433;-0.0
pl-k00110515;Kanada;MIDFIELDER;;0.0;4.653;0.0;1.822;0.0
pl-k00110564;Uruguay;MIDFIELDER;;0.0;4.672;0.0;1.55;0.0
pl-k00110616;Portugal;FORWARD;25000000;0.2273;5.302;1.205;3.99;0.9068
pl-k00110655;Kap Verde;FORWARD;800000;0.0444;3.272;0.1454;-5.876;-0.2612
pl-k00110676;Belgien;MIDFIELDER;42000000;0.6462;4.876;3.1506;2.814;1.8183
pl-k00110713;Senegal;DEFENDER;6000000;0.1333;4.598;0.6131;0.171;0.0228
pl-k00110782;Belgien;FORWARD;12000000;0.1846;4.876;0.9002;2.814;0.5195
pl-k00110802;DR Kongo;MIDFIELDER;2500000;0.0893;3.371;0.301;-4.126;-0.3684
pl-k00110835;Tunesien;DEFENDER;;0.0;3.434;0.0;-3.766;-0.0
pl-k00110836;Kanada;FORWARD;35000000;0.7;4.653;3.2571;1.822;1.2754
pl-k00110964;Argentinien;GOALKEEPER;5000000;0.05;5.991;0.2996;8.658;0.4329
pl-k00111030;Kanada;DEFENDER;2500000;0.05;4.653;0.2326;1.822;0.0911
pl-k00111092;Jordanien;FORWARD;;0.0;3.484;0.0;-3.906;-0.0
pl-k00111104;Deutschland;DEFENDER;25000000;0.1923;5.097;0.9802;3.97;0.7635
pl-k00111248;Tunesien;DEFENDER;7000000;0.7778;3.434;2.6709;-3.766;-2.9291
pl-k00111286;Marokko;DEFENDER;22000000;0.275;4.418;1.215;0.331;0.091
pl-k00111312;Neuseeland;GOALKEEPER;250000;0.0312;3.48;0.1088;-3.434;-0.1073
pl-k00111322;Haiti;FORWARD;18000000;1.0;3.218;3.218;-5.302;-5.302
pl-k00111323;Algerien;DEFENDER;4300000;0.1075;3.705;0.3983;-2.846;-0.3059
pl-k00111352;Frankreich;DEFENDER;90000000;0.5;6.141;3.0705;7.58;3.79
pl-k00111363;Südkorea;MIDFIELDER;25000000;1.0;4.339;4.339;0.171;0.171
pl-k00111483;Spanien;DEFENDER;40000000;0.3333;6.547;2.1823;13.21;4.4033
pl-k00111568;Argentinien;DEFENDER;60000000;0.6;5.991;3.5946;8.658;5.1948
pl-k00111572;Südafrika;DEFENDER;;0.0;3.314;0.0;-4.325;-0.0
pl-k00111733;Schottland;MIDFIELDER;20000000;0.4444;4.12;1.8311;-0.984;-0.4373
pl-k00111774;Ghana;DEFENDER;2500000;0.0385;3.144;0.1209;-6.374;-0.2452
pl-k00111857;Südkorea;MIDFIELDER;900000;0.036;4.339;0.1562;0.171;0.0062
pl-k00111860;Kroatien;GOALKEEPER;2000000;0.0286;4.93;0.1409;2.779;0.0794
pl-k00111988;Mexiko;DEFENDER;3500000;0.0875;4.905;0.4292;2.864;0.2506
pl-k00112075;Südkorea;DEFENDER;;0.0;4.339;0.0;0.171;0.0
pl-k00112076;Südkorea;MIDFIELDER;4500000;0.18;4.339;0.781;0.171;0.0308
pl-k00112077;Mexiko;MIDFIELDER;2500000;0.0625;4.905;0.3066;2.864;0.179
pl-k00112079;Mexiko;FORWARD;;0.0;4.905;0.0;2.864;0.0
pl-k00112080;Schweiz;FORWARD;40000000;1.0;5.181;5.181;4.737;4.737
pl-k00112101;Schottland;DEFENDER;10000000;0.2222;4.12;0.9156;-0.984;-0.2187
pl-k00112135;Kolumbien;DEFENDER;17000000;0.2429;5.21;1.2653;3.512;0.8529
pl-k00112426;Norwegen;FORWARD;40000000;0.2;4.789;0.9578;0.91;0.182
pl-k00112730;Südkorea;DEFENDER;1500000;0.06;4.339;0.2603;0.171;0.0103
pl-k00112780;Japan;DEFENDER;12000000;0.4;4.848;1.9392;1.906;0.7624
pl-k00112823;Curacao;FORWARD;;0.0;3.121;0.0;-6.73;-0.0
pl-k00112868;Usbekistan;FORWARD;5000000;0.1429;3.684;0.5263;-2.905;-0.415
pl-k00112929;Niederlande;DEFENDER;35000000;0.3889;5.268;2.0487;3.773;1.4673
pl-k00112936;Kroatien;GOALKEEPER;6000000;0.0857;4.93;0.4226;2.779;0.2382
pl-k00113011;Usbekistan;FORWARD;750000;0.0214;3.684;0.0789;-2.905;-0.0622
pl-k00113069;DR Kongo;GOALKEEPER;;0.0;3.371;0.0;-4.126;-0.0
pl-k00113146;Panama;DEFENDER;1000000;0.1;3.879;0.3879;-2.104;-0.2104
pl-k00113163;Argentinien;DEFENDER;4500000;0.045;5.991;0.2696;8.658;0.3896
pl-k00113179;Argentinien;FORWARD;100000000;1.0;5.991;5.991;8.658;8.658
pl-k00113185;USA;DEFENDER;7000000;0.1167;3.74;0.4363;-2.316;-0.2702
pl-k00113214;England;MIDFIELDER;70000000;0.4375;5.687;2.4881;6.383;2.7926
pl-k00113407;England;FORWARD;130000000;0.8125;5.687;4.6207;6.383;5.1862
pl-k00113426;USA;MIDFIELDER;;0.0;3.74;0.0;-2.316;-0.0
pl-k00113510;Mexiko;MIDFIELDER;7000000;0.175;4.905;0.8584;2.864;0.5012
pl-k00113695;Iran;GOALKEEPER;;0.0;4.3;0.0;-0.05;-0.0
pl-k00113749;Irak;GOALKEEPER;;0.0;3.185;0.0;-5.568;-0.0
pl-k00113751;Irak;DEFENDER;;0.0;3.185;0.0;-5.568;-0.0
pl-k00113754;Irak;DEFENDER;400000;0.1333;3.185;0.4247;-5.568;-0.7424
pl-k00113759;Irak;FORWARD;350000;0.1167;3.185;0.3716;-5.568;-0.6496
pl-k00113856;Usbekistan;GOALKEEPER;;0.0;3.684;0.0;-2.905;-0.0
pl-k00113863;Usbekistan;DEFENDER;;0.0;3.684;0.0;-2.905;-0.0
pl-k00113866;Usbekistan;MIDFIELDER;;0.0;3.684;0.0;-2.905;-0.0
pl-k00113867;Usbekistan;MIDFIELDER;1600000;0.0457;3.684;0.1684;-2.905;-0.1328
pl-k00113914;Argentinien;DEFENDER;20000000;0.2;5.991;1.1982;8.658;1.7316
pl-k00113916;Katar;MIDFIELDER;;0.0;3.194;0.0;-5.532;-0.0
pl-k00113920;Katar;MIDFIELDER;;0.0;3.194;0.0;-5.532;-0.0
pl-k00113922;Katar;FORWARD;;0.0;3.194;0.0;-5.532;-0.0
pl-k00113924;Katar;DEFENDER;;0.0;3.194;0.0;-5.532;-0.0
pl-k00113925;Katar;MIDFIELDER;;0.0;3.194;0.0;-5.532;-0.0
pl-k00113926;Katar;DEFENDER;;0.0;3.194;0.0;-5.532;-0.0
pl-k00113927;Katar;MIDFIELDER;;0.0;3.194;0.0;-5.532;-0.0
pl-k00113930;Katar;FORWARD;;0.0;3.194;0.0;-5.532;-0.0
pl-k00113931;Katar;DEFENDER;;0.0;3.194;0.0;-5.532;-0.0
pl-k00113932;Katar;MIDFIELDER;300000;0.0667;3.194;0.2129;-5.532;-0.3688
pl-k00113966;Saudi-Arabien;DEFENDER;;0.0;3.316;0.0;-5.57;-0.0
pl-k00113975;Usbekistan;FORWARD;1700000;0.0486;3.684;0.1789;-2.905;-0.1411
pl-k00114084;Jordanien;DEFENDER;;0.0;3.484;0.0;-3.906;-0.0
pl-k00114094;Jordanien;DEFENDER;;0.0;3.484;0.0;-3.906;-0.0
pl-k00114256;Ecuador;GOALKEEPER;;0.0;5.04;0.0;4.088;0.0
pl-k00114257;Ecuador;DEFENDER;3300000;0.03;5.04;0.1512;4.088;0.1226
pl-k00114259;Ecuador;MIDFIELDER;;0.0;5.04;0.0;4.088;0.0
pl-k00114277;Ecuador;FORWARD;5000000;0.0455;5.04;0.2291;4.088;0.1858
pl-k00114290;Paraguay;MIDFIELDER;;0.0;4.452;0.0;0.178;0.0
pl-k00114307;Paraguay;GOALKEEPER;;0.0;4.452;0.0;0.178;0.0
pl-k00114311;Uruguay;DEFENDER;;0.0;4.672;0.0;1.55;0.0
pl-k00114315;Uruguay;FORWARD;;0.0;4.672;0.0;1.55;0.0
pl-k00114317;Uruguay;MIDFIELDER;20000000;0.1667;4.672;0.7787;1.55;0.2583
pl-k00114335;Uruguay;FORWARD;70000000;0.5833;4.672;2.7253;1.55;0.9042
pl-k00114376;Argentinien;DEFENDER;20000000;0.2;5.991;1.1982;8.658;1.7316
pl-k00114381;Argentinien;MIDFIELDER;20000000;0.2;5.991;1.1982;8.658;1.7316
pl-k00114540;Argentinien;MIDFIELDER;85000000;0.85;5.991;5.0924;8.658;7.3593
pl-k00114723;Frankreich;MIDFIELDER;50000000;0.2778;6.141;1.7058;7.58;2.1056
pl-k00114736;Deutschland;FORWARD;30000000;0.2308;5.097;1.1762;3.97;0.9162
pl-k00114740;Ghana;MIDFIELDER;300000;0.0046;3.144;0.0145;-6.374;-0.0294
pl-k00114796;Tunesien;MIDFIELDER;9000000;1.0;3.434;3.434;-3.766;-3.766
pl-k00114872;Curacao;FORWARD;3000000;0.6667;3.121;2.0807;-6.73;-4.4867
pl-k00114972;Kanada;GOALKEEPER;;0.0;4.653;0.0;1.822;0.0
pl-k00114978;Kanada;MIDFIELDER;8000000;0.16;4.653;0.7445;1.822;0.2915
pl-k00114996;USA;GOALKEEPER;;0.0;3.74;0.0;-2.316;-0.0
pl-k00114998;USA;MIDFIELDER;12000000;0.2;3.74;0.748;-2.316;-0.4632
pl-k00115053;Japan;DEFENDER;;0.0;4.848;0.0;1.906;0.0
pl-k00115136;Japan;FORWARD;8000000;0.2667;4.848;1.2928;1.906;0.5083
pl-k00115166;Japan;FORWARD;14000000;0.4667;4.848;2.2624;1.906;0.8895
pl-k00115227;Japan;DEFENDER;10000000;0.3333;4.848;1.616;1.906;0.6353
pl-k00115263;Elfenbeinküste;DEFENDER;28000000;0.56;3.89;2.1784;-2.143;-1.2001
pl-k00115268;Mexiko;DEFENDER;10000000;0.25;4.905;1.2262;2.864;0.716
pl-k00115533;Kroatien;FORWARD;7000000;0.1;4.93;0.493;2.779;0.2779
pl-k00115539;Südafrika;FORWARD;13000000;1.0;3.314;3.314;-4.325;-4.325
pl-k00115590;Kolumbien;MIDFIELDER;9000000;0.1286;5.21;0.6699;3.512;0.4515
pl-k00115605;Schottland;GOALKEEPER;800000;0.0178;4.12;0.0732;-0.984;-0.0175
pl-k00115622;Paraguay;DEFENDER;12000000;0.48;4.452;2.137;0.178;0.0854
pl-k00115688;Argentinien;DEFENDER;15000000;0.15;5.991;0.8986;8.658;1.2987
pl-k00115723;Ecuador;DEFENDER;;0.0;5.04;0.0;4.088;0.0
pl-k00115737;Kolumbien;FORWARD;70000000;1.0;5.21;5.21;3.512;3.512
pl-k00115738;Kolumbien;GOALKEEPER;;0.0;5.21;0.0;3.512;0.0
pl-k00115740;Argentinien;DEFENDER;50000000;0.5;5.991;2.9955;8.658;4.329
pl-k00115743;Mexiko;MIDFIELDER;;0.0;4.905;0.0;2.864;0.0
pl-k00115744;Mexiko;FORWARD;;0.0;4.905;0.0;2.864;0.0
pl-k00115782;Paraguay;MIDFIELDER;;0.0;4.452;0.0;0.178;0.0
pl-k00115787;Paraguay;DEFENDER;;0.0;4.452;0.0;0.178;0.0
pl-k00115794;Paraguay;DEFENDER;;0.0;4.452;0.0;0.178;0.0
pl-k00115803;Panama;GOALKEEPER;;0.0;3.879;0.0;-2.104;-0.0
pl-k00115805;Paraguay;FORWARD;20000000;0.8;4.452;3.5616;0.178;0.1424
pl-k00115806;Panama;DEFENDER;;0.0;3.879;0.0;-2.104;-0.0
pl-k00115934;Kolumbien;DEFENDER;;0.0;5.21;0.0;3.512;0.0
pl-k00116010;Spanien;MIDFIELDER;50000000;0.4167;6.547;2.7279;13.21;5.5042
pl-k00116213;Uruguay;FORWARD;;0.0;4.672;0.0;1.55;0.0
pl-k00116395;Türkei;DEFENDER;;0.0;4.976;0.0;2.252;0.0
pl-k00116479;Senegal;MIDFIELDER;2000000;0.0444;4.598;0.2044;0.171;0.0076
pl-k00116517;Portugal;MIDFIELDER;110000000;1.0;5.302;5.302;3.99;3.99
pl-k00116544;Spanien;FORWARD;30000000;0.25;6.547;1.6368;13.21;3.3025
pl-k00116568;Tschechien;GOALKEEPER;10000000;0.4;4.198;1.6792;-0.433;-0.1732
pl-k00116607;Portugal;DEFENDER;28000000;0.2545;5.302;1.3496;3.99;1.0156
pl-k00116618;England;GOALKEEPER;18000000;0.1125;5.687;0.6398;6.383;0.7181
pl-k00116621;England;DEFENDER;40000000;0.25;5.687;1.4218;6.383;1.5958
pl-k00116627;England;FORWARD;50000000;0.3125;5.687;1.7772;6.383;1.9947
pl-k00116636;Belgien;GOALKEEPER;25000000;0.3846;4.876;1.8754;2.814;1.0823
pl-k00116650;Belgien;FORWARD;65000000;1.0;4.876;4.876;2.814;2.814
pl-k00116659;Marokko;DEFENDER;12000000;0.15;4.418;0.6627;0.331;0.0496
pl-k00116711;Algerien;MIDFIELDER;;0.0;3.705;0.0;-2.846;-0.0
pl-k00116718;DR Kongo;MIDFIELDER;2000000;0.0714;3.371;0.2408;-4.126;-0.2947
pl-k00116727;Irak;DEFENDER;400000;0.1333;3.185;0.4247;-5.568;-0.7424
pl-k00116730;Schweden;MIDFIELDER;50000000;0.4167;3.796;1.5817;-2.337;-0.9738
pl-k00116735;Bosnien-Herzegowina;MIDFIELDER;2000000;0.0909;3.738;0.3398;-2.61;-0.2373
pl-k00117046;Japan;GOALKEEPER;20000000;0.6667;4.848;3.232;1.906;1.2707
pl-k00117047;Kap Verde;GOALKEEPER;;0.0;3.272;0.0;-5.876;-0.0
pl-k00117048;USA;DEFENDER;18000000;0.3;3.74;1.122;-2.316;-0.6948
pl-k00117065;Norwegen;MIDFIELDER;2500000;0.0125;4.789;0.0599;0.91;0.0114
pl-k00117066;Norwegen;MIDFIELDER;8000000;0.04;4.789;0.1916;0.91;0.0364
pl-k00117247;Haiti;GOALKEEPER;;0.0;3.218;0.0;-5.302;-0.0
pl-k00117251;Haiti;DEFENDER;;0.0;3.218;0.0;-5.302;-0.0
pl-k00117270;Haiti;FORWARD;3000000;0.1667;3.218;0.5363;-5.302;-0.8837
pl-k00117527;Uruguay;DEFENDER;70000000;0.5833;4.672;2.7253;1.55;0.9042
pl-k00117544;Senegal;DEFENDER;600000;0.0133;4.598;0.0613;0.171;0.0023
pl-k00117605;Neuseeland;DEFENDER;175000;0.0219;3.48;0.0761;-3.434;-0.0751
pl-k00117607;Neuseeland;MIDFIELDER;350000;0.0438;3.48;0.1522;-3.434;-0.1502
pl-k00117608;Neuseeland;MIDFIELDER;1200000;0.15;3.48;0.522;-3.434;-0.5151
pl-k00117610;Neuseeland;MIDFIELDER;600000;0.075;3.48;0.261;-3.434;-0.2576
pl-k00117612;Neuseeland;DEFENDER;3000000;0.375;3.48;1.305;-3.434;-1.2878
pl-k00117615;Neuseeland;DEFENDER;300000;0.0375;3.48;0.1305;-3.434;-0.1288
pl-k00117616;Neuseeland;FORWARD;;0.0;3.48;0.0;-3.434;-0.0
pl-k00117619;Katar;GOALKEEPER;;0.0;3.194;0.0;-5.532;-0.0
pl-k00117627;Katar;MIDFIELDER;;0.0;3.194;0.0;-5.532;-0.0
pl-k00117630;Katar;DEFENDER;;0.0;3.194;0.0;-5.532;-0.0
pl-k00117636;Katar;GOALKEEPER;;0.0;3.194;0.0;-5.532;-0.0
pl-k00117676;Ägypten;DEFENDER;;0.0;3.951;0.0;-1.446;-0.0
pl-k00117677;Ägypten;MIDFIELDER;;0.0;3.951;0.0;-1.446;-0.0
pl-k00117727;Saudi-Arabien;DEFENDER;3000000;1.0;3.316;3.316;-5.57;-5.57
pl-k00117731;Saudi-Arabien;DEFENDER;;0.0;3.316;0.0;-5.57;-0.0
pl-k00117736;Saudi-Arabien;FORWARD;;0.0;3.316;0.0;-5.57;-0.0
pl-k00117738;Saudi-Arabien;MIDFIELDER;;0.0;3.316;0.0;-5.57;-0.0
pl-k00117763;Südafrika;FORWARD;;0.0;3.314;0.0;-4.325;-0.0
pl-k00117780;Panama;MIDFIELDER;;0.0;3.879;0.0;-2.104;-0.0
pl-k00117789;Panama;FORWARD;;0.0;3.879;0.0;-2.104;-0.0
pl-k00117900;Südafrika;GOALKEEPER;;0.0;3.314;0.0;-4.325;-0.0
pl-k00117968;DR Kongo;FORWARD;11000000;0.3929;3.371;1.3243;-4.126;-1.6209
pl-k00117979;Algerien;MIDFIELDER;12000000;0.3;3.705;1.1115;-2.846;-0.8538
pl-k00118072;Österreich;DEFENDER;900000;0.0281;4.129;0.1161;-1.1;-0.0309
pl-k00118242;Paraguay;MIDFIELDER;;0.0;4.452;0.0;0.178;0.0
pl-k00118244;Tunesien;GOALKEEPER;;0.0;3.434;0.0;-3.766;-0.0
pl-k00118384;USA;FORWARD;15000000;0.25;3.74;0.935;-2.316;-0.579
pl-k00118385;Kanada;MIDFIELDER;;0.0;4.653;0.0;1.822;0.0
pl-k00118616;Portugal;MIDFIELDER;;0.0;5.302;0.0;3.99;0.0
pl-k00118634;Norwegen;DEFENDER;3500000;0.0175;4.789;0.0838;0.91;0.0159
pl-k00118662;Tschechien;GOALKEEPER;7000000;0.28;4.198;1.1754;-0.433;-0.1212
pl-k00118670;Tschechien;DEFENDER;4000000;0.16;4.198;0.6717;-0.433;-0.0693
pl-k00118676;Tschechien;MIDFIELDER;;0.0;4.198;0.0;-0.433;-0.0
pl-k00118737;Schweden;DEFENDER;15000000;0.125;3.796;0.4745;-2.337;-0.2921
pl-k00118751;Schottland;FORWARD;18000000;0.4;4.12;1.648;-0.984;-0.3936
pl-k00118755;USA;MIDFIELDER;6000000;0.1;3.74;0.374;-2.316;-0.2316
pl-k00118788;Brasilien;FORWARD;45000000;0.25;5.351;1.3378;5.126;1.2815
pl-k00119808;Algerien;MIDFIELDER;9000000;0.225;3.705;0.8336;-2.846;-0.6404
pl-k00119829;Portugal;DEFENDER;75000000;0.6818;5.302;3.615;3.99;2.7205
pl-k00120081;Elfenbeinküste;DEFENDER;22000000;0.44;3.89;1.7116;-2.143;-0.9429
pl-k00120099;Tschechien;DEFENDER;22000000;0.88;4.198;3.6942;-0.433;-0.381
pl-k00120125;Tschechien;MIDFIELDER;;0.0;4.198;0.0;-0.433;-0.0
pl-k00121256;DR Kongo;DEFENDER;700000;0.025;3.371;0.0843;-4.126;-0.1032
pl-k00121260;Senegal;DEFENDER;1500000;0.0333;4.598;0.1533;0.171;0.0057
pl-k00121357;Schweden;FORWARD;6500000;0.0542;3.796;0.2056;-2.337;-0.1266
pl-k00121878;Elfenbeinküste;FORWARD;28000000;0.56;3.89;2.1784;-2.143;-1.2001
pl-k00121912;Tschechien;MIDFIELDER;;0.0;4.198;0.0;-0.433;-0.0
pl-k00123095;Spanien;MIDFIELDER;40000000;0.3333;6.547;2.1823;13.21;4.4033
pl-k00123112;Südkorea;MIDFIELDER;;0.0;4.339;0.0;0.171;0.0
pl-k00123303;USA;FORWARD;22000000;0.3667;3.74;1.3713;-2.316;-0.8492
pl-k00123383;Mexiko;DEFENDER;10000000;0.25;4.905;1.2262;2.864;0.716
pl-k00123466;Mexiko;MIDFIELDER;;0.0;4.905;0.0;2.864;0.0
pl-k00123544;Neuseeland;FORWARD;;0.0;3.48;0.0;-3.434;-0.0
pl-k00123545;Neuseeland;MIDFIELDER;500000;0.0625;3.48;0.2175;-3.434;-0.2146
pl-k00123553;Neuseeland;DEFENDER;600000;0.075;3.48;0.261;-3.434;-0.2576
pl-k00123555;Neuseeland;MIDFIELDER;3000000;0.375;3.48;1.305;-3.434;-1.2878
pl-k00123588;Ägypten;MIDFIELDER;1500000;0.0231;3.951;0.0912;-1.446;-0.0334
pl-k00123602;Niederlande;GOALKEEPER;35000000;0.3889;5.268;2.0487;3.773;1.4673
pl-k00123610;Spanien;MIDFIELDER;80000000;0.6667;6.547;4.3647;13.21;8.8067
pl-k00123794;Senegal;MIDFIELDER;35000000;0.7778;4.598;3.5762;0.171;0.133
pl-k00123844;Ecuador;DEFENDER;50000000;0.4545;5.04;2.2909;4.088;1.8582
pl-k00123857;Ecuador;FORWARD;4000000;0.0364;5.04;0.1833;4.088;0.1487
pl-k00123858;Ecuador;MIDFIELDER;;0.0;5.04;0.0;4.088;0.0
pl-k00123893;Haiti;MIDFIELDER;;0.0;3.218;0.0;-5.302;-0.0
pl-k00123957;Frankreich;FORWARD;50000000;0.2778;6.141;1.7058;7.58;2.1056
pl-k00123960;Südkorea;DEFENDER;;0.0;4.339;0.0;0.171;0.0
pl-k00123962;Südkorea;DEFENDER;1800000;0.072;4.339;0.3124;0.171;0.0123
pl-k00123977;Südkorea;MIDFIELDER;;0.0;4.339;0.0;0.171;0.0
pl-k00123994;Belgien;FORWARD;34000000;0.5231;4.876;2.5505;2.814;1.4719
pl-k00124076;Elfenbeinküste;FORWARD;50000000;1.0;3.89;3.89;-2.143;-2.143
pl-k00124100;Südafrika;MIDFIELDER;600000;0.0462;3.314;0.153;-4.325;-0.1996
pl-k00124742;Australien;GOALKEEPER;600000;0.1;4.066;0.4066;-0.993;-0.0993
pl-k00124769;Australien;DEFENDER;;0.0;4.066;0.0;-0.993;-0.0
pl-k00124790;Australien;GOALKEEPER;1400000;0.2333;4.066;0.9487;-0.993;-0.2317
pl-k00124795;Australien;DEFENDER;800000;0.1333;4.066;0.5421;-0.993;-0.1324
pl-k00124798;Australien;MIDFIELDER;;0.0;4.066;0.0;-0.993;-0.0
pl-k00124901;Australien;MIDFIELDER;1200000;0.2;4.066;0.8132;-0.993;-0.1986
pl-k00124927;England;MIDFIELDER;160000000;1.0;5.687;5.687;6.383;6.383
pl-k00124952;Spanien;GOALKEEPER;35000000;0.2917;6.547;1.9095;13.21;3.8529
pl-k00124965;England;FORWARD;30000000;0.1875;5.687;1.0663;6.383;1.1968
pl-k00124974;Ghana;FORWARD;65000000;1.0;3.144;3.144;-6.374;-6.374
pl-k00125047;England;DEFENDER;8000000;0.05;5.687;0.2844;6.383;0.3192
pl-k00125107;Katar;GOALKEEPER;;0.0;3.194;0.0;-5.532;-0.0
pl-k00125116;Saudi-Arabien;DEFENDER;;0.0;3.316;0.0;-5.57;-0.0
pl-k00125119;Saudi-Arabien;MIDFIELDER;;0.0;3.316;0.0;-5.57;-0.0
pl-k00125123;Saudi-Arabien;FORWARD;650000;0.2167;3.316;0.7185;-5.57;-1.2068
pl-k00125129;Tunesien;DEFENDER;800000;0.0889;3.434;0.3052;-3.766;-0.3348
pl-k00125171;England;MIDFIELDER;65000000;0.4062;5.687;2.3103;6.383;2.5931
pl-k00125181;Frankreich;FORWARD;130000000;0.7222;6.141;4.4352;7.58;5.4744
pl-k00125266;Kap Verde;DEFENDER;18000000;1.0;3.272;3.272;-5.876;-5.876
pl-k00125269;Österreich;MIDFIELDER;15000000;0.4688;4.129;1.9355;-1.1;-0.5156
pl-k00125275;Schottland;DEFENDER;28000000;0.6222;4.12;2.5636;-0.984;-0.6123
pl-k00125311;Schottland;FORWARD;2500000;0.0556;4.12;0.2289;-0.984;-0.0547
pl-k00125406;Schottland;FORWARD;2800000;0.0622;4.12;0.2564;-0.984;-0.0612
pl-k00125655;Ghana;GOALKEEPER;300000;0.0046;3.144;0.0145;-6.374;-0.0294
pl-k00125842;Kanada;DEFENDER;8000000;0.16;4.653;0.7445;1.822;0.2915
pl-k00125872;USA;MIDFIELDER;;0.0;3.74;0.0;-2.316;-0.0
pl-k00125875;Kanada;DEFENDER;;0.0;4.653;0.0;1.822;0.0
pl-k00125972;Curacao;MIDFIELDER;800000;0.1778;3.121;0.5548;-6.73;-1.1964
pl-k00126071;Australien;FORWARD;1700000;0.2833;4.066;1.152;-0.993;-0.2814
pl-k00126161;Japan;MIDFIELDER;15000000;0.5;4.848;2.424;1.906;0.953
pl-k00126190;Marokko;MIDFIELDER;10000000;0.125;4.418;0.5522;0.331;0.0414
pl-k00126192;Usbekistan;FORWARD;1000000;0.0286;3.684;0.1053;-2.905;-0.083
pl-k00126214;Belgien;DEFENDER;22000000;0.3385;4.876;1.6503;2.814;0.9524
pl-k00126539;Kolumbien;MIDFIELDER;;0.0;5.21;0.0;3.512;0.0
pl-k00126579;Ecuador;DEFENDER;70000000;0.6364;5.04;3.2073;4.088;2.6015
pl-k00126584;Ecuador;DEFENDER;5000000;0.0455;5.04;0.2291;4.088;0.1858
pl-k00126585;Ecuador;MIDFIELDER;;0.0;5.04;0.0;4.088;0.0
pl-k00126589;Ecuador;MIDFIELDER;110000000;1.0;5.04;5.04;4.088;4.088
pl-k00126598;Kroatien;FORWARD;8000000;0.1143;4.93;0.5634;2.779;0.3176
pl-k00126697;Ecuador;MIDFIELDER;1000000;0.0091;5.04;0.0458;4.088;0.0372
pl-k00126826;Uruguay;FORWARD;7000000;0.0583;4.672;0.2725;1.55;0.0904
pl-k00126831;Argentinien;MIDFIELDER;85000000;0.85;5.991;5.0924;8.658;7.3593
pl-k00126882;Uruguay;MIDFIELDER;9000000;0.075;4.672;0.3504;1.55;0.1162
pl-k00126894;Paraguay;DEFENDER;4000000;0.16;4.452;0.7123;0.178;0.0285
pl-k00128521;Kolumbien;MIDFIELDER;;0.0;5.21;0.0;3.512;0.0
pl-k00128608;Südkorea;GOALKEEPER;;0.0;4.339;0.0;0.171;0.0
pl-k00128763;Usbekistan;DEFENDER;800000;0.0229;3.684;0.0842;-2.905;-0.0664
pl-k00128790;Schweiz;GOALKEEPER;;0.0;5.181;0.0;4.737;0.0
pl-k00128826;Usbekistan;MIDFIELDER;;0.0;3.684;0.0;-2.905;-0.0
pl-k00128894;Südkorea;MIDFIELDER;;0.0;4.339;0.0;0.171;0.0
pl-k00128987;Portugal;DEFENDER;38000000;0.3455;5.302;1.8316;3.99;1.3784
pl-k00129004;Südkorea;DEFENDER;;0.0;4.339;0.0;0.171;0.0
pl-k00129073;Kolumbien;FORWARD;3500000;0.05;5.21;0.2605;3.512;0.1756
pl-k00129218;Schweiz;MIDFIELDER;32000000;0.8;5.181;4.1448;4.737;3.7896
pl-k00129278;Senegal;MIDFIELDER;6000000;0.1333;4.598;0.6131;0.171;0.0228
pl-k00129313;Kap Verde;MIDFIELDER;3000000;0.1667;3.272;0.5453;-5.876;-0.9793
pl-k00129317;Portugal;DEFENDER;45000000;0.4091;5.302;2.169;3.99;1.6323
pl-k00129372;Kolumbien;DEFENDER;27000000;0.3857;5.21;2.0096;3.512;1.3546
pl-k00129414;Belgien;DEFENDER;24000000;0.3692;4.876;1.8004;2.814;1.039
pl-k00129425;Schottland;FORWARD;8000000;0.1778;4.12;0.7324;-0.984;-0.1749
pl-k00129671;Deutschland;DEFENDER;35000000;0.2692;5.097;1.3723;3.97;1.0688
pl-k00129904;Usbekistan;MIDFIELDER;;0.0;3.684;0.0;-2.905;-0.0
pl-k00130230;Brasilien;FORWARD;24000000;0.1333;5.351;0.7135;5.126;0.6835
pl-k00130252;Österreich;MIDFIELDER;16000000;0.5;4.129;2.0645;-1.1;-0.55
pl-k00130288;Mexiko;MIDFIELDER;;0.0;4.905;0.0;2.864;0.0
pl-k00130356;Frankreich;DEFENDER;35000000;0.1944;6.141;1.1941;7.58;1.4739
pl-k00130453;Schottland;DEFENDER;;0.0;4.12;0.0;-0.984;-0.0
pl-k00130586;Kroatien;MIDFIELDER;10000000;0.1429;4.93;0.7043;2.779;0.397
pl-k00130739;Elfenbeinküste;DEFENDER;9000000;0.18;3.89;0.7002;-2.143;-0.3857
pl-k00130790;Türkei;MIDFIELDER;12000000;0.2667;4.976;1.3269;2.252;0.6005
pl-k00130792;Senegal;FORWARD;3500000;0.0778;4.598;0.3576;0.171;0.0133
pl-k00130795;Norwegen;MIDFIELDER;4500000;0.0225;4.789;0.1078;0.91;0.0205
pl-k00131106;Südkorea;FORWARD;1800000;0.072;4.339;0.3124;0.171;0.0123
pl-k00131344;Türkei;DEFENDER;5000000;0.1111;4.976;0.5529;2.252;0.2502
pl-k00131539;Kroatien;DEFENDER;70000000;1.0;4.93;4.93;2.779;2.779
pl-k00131547;Tschechien;FORWARD;4000000;0.16;4.198;0.6717;-0.433;-0.0693
pl-k00131579;Haiti;FORWARD;300000;0.0167;3.218;0.0536;-5.302;-0.0884
pl-k00131658;Irak;MIDFIELDER;;0.0;3.185;0.0;-5.568;-0.0
pl-k00131688;Bosnien-Herzegowina;DEFENDER;;0.0;3.738;0.0;-2.61;-0.0
pl-k00131702;Kroatien;DEFENDER;17000000;0.2429;4.93;1.1973;2.779;0.6749
pl-k00131780;Türkei;FORWARD;22000000;0.4889;4.976;2.4327;2.252;1.101
pl-k00131834;Ecuador;GOALKEEPER;;0.0;5.04;0.0;4.088;0.0
pl-k00131847;Irak;MIDFIELDER;250000;0.0833;3.185;0.2654;-5.568;-0.464
pl-k00131854;England;MIDFIELDER;60000000;0.375;5.687;2.1326;6.383;2.3936
pl-k00131930;Schweiz;MIDFIELDER;8000000;0.2;5.181;1.0362;4.737;0.9474
pl-k00131945;Frankreich;DEFENDER;35000000;0.1944;6.141;1.1941;7.58;1.4739
pl-k00132051;Brasilien;MIDFIELDER;22000000;0.1222;5.351;0.654;5.126;0.6265
pl-k00132098;Belgien;DEFENDER;12000000;0.1846;4.876;0.9002;2.814;0.5195
pl-k00132107;Marokko;MIDFIELDER;32000000;0.4;4.418;1.7672;0.331;0.1324
pl-k00132159;Ghana;DEFENDER;3000000;0.0462;3.144;0.1451;-6.374;-0.2942
pl-k00132220;Tschechien;MIDFIELDER;;0.0;4.198;0.0;-0.433;-0.0
pl-k00132314;Paraguay;FORWARD;;0.0;4.452;0.0;0.178;0.0
pl-k00132423;Paraguay;GOALKEEPER;;0.0;4.452;0.0;0.178;0.0
pl-k00132544;Haiti;GOALKEEPER;100000;0.0056;3.218;0.0179;-5.302;-0.0295
pl-k00132694;Australien;DEFENDER;5000000;0.8333;4.066;3.3883;-0.993;-0.8275
pl-k00132741;Elfenbeinküste;FORWARD;12000000;0.24;3.89;0.9336;-2.143;-0.5143
pl-k00132788;Schweden;DEFENDER;13000000;0.1083;3.796;0.4112;-2.337;-0.2532
pl-k00132797;Norwegen;DEFENDER;;0.0;4.789;0.0;0.91;0.0
pl-k00132802;Tunesien;FORWARD;300000;0.0333;3.434;0.1145;-3.766;-0.1255
pl-k00132816;Kroatien;MIDFIELDER;;0.0;4.93;0.0;2.779;0.0
pl-k00133004;Spanien;FORWARD;60000000;0.5;6.547;3.2735;13.21;6.605
pl-k00133116;Uruguay;MIDFIELDER;30000000;0.25;4.672;1.168;1.55;0.3875
pl-k00133182;Ecuador;DEFENDER;;0.0;5.04;0.0;4.088;0.0
pl-k00133238;Portugal;FORWARD;30000000;0.2727;5.302;1.446;3.99;1.0882
pl-k00133267;Katar;FORWARD;;0.0;3.194;0.0;-5.532;-0.0
pl-k00133274;Ghana;MIDFIELDER;6000000;0.0923;3.144;0.2902;-6.374;-0.5884
pl-k00133304;Mexiko;FORWARD;;0.0;4.905;0.0;2.864;0.0
pl-k00133309;Ägypten;GOALKEEPER;;0.0;3.951;0.0;-1.446;-0.0
pl-k00133310;Ägypten;DEFENDER;;0.0;3.951;0.0;-1.446;-0.0
pl-k00133311;Ägypten;DEFENDER;;0.0;3.951;0.0;-1.446;-0.0
pl-k00133370;Curacao;FORWARD;800000;0.1778;3.121;0.5548;-6.73;-1.1964
pl-k00133399;Österreich;DEFENDER;;0.0;4.129;0.0;-1.1;-0.0
pl-k00133422;Senegal;FORWARD;45000000;1.0;4.598;4.598;0.171;0.171
pl-k00133439;Südkorea;DEFENDER;;0.0;4.339;0.0;0.171;0.0
pl-k00133529;Senegal;FORWARD;4000000;0.0889;4.598;0.4087;0.171;0.0152
pl-k00133547;Belgien;DEFENDER;30000000;0.4615;4.876;2.2505;2.814;1.2988
pl-k00133569;Japan;GOALKEEPER;;0.0;4.848;0.0;1.906;0.0
pl-k00133609;Österreich;MIDFIELDER;25000000;0.7812;4.129;3.2258;-1.1;-0.8594
pl-k00133745;Südkorea;DEFENDER;700000;0.028;4.339;0.1215;0.171;0.0048
pl-k00133783;Norwegen;MIDFIELDER;14000000;0.07;4.789;0.3352;0.91;0.0637
pl-k00133786;Schweden;DEFENDER;22000000;0.1833;3.796;0.6959;-2.337;-0.4284
pl-k00133862;Australien;MIDFIELDER;;0.0;4.066;0.0;-0.993;-0.0
pl-k00133883;Südkorea;DEFENDER;;0.0;4.339;0.0;0.171;0.0
pl-k00133933;USA;GOALKEEPER;;0.0;3.74;0.0;-2.316;-0.0
pl-k00133968;Kanada;MIDFIELDER;;0.0;4.653;0.0;1.822;0.0
pl-k00134174;Bosnien-Herzegowina;MIDFIELDER;1000000;0.0455;3.738;0.1699;-2.61;-0.1186
pl-k00134218;Tunesien;MIDFIELDER;7000000;0.7778;3.434;2.6709;-3.766;-2.9291
pl-k00134234;Elfenbeinküste;FORWARD;22000000;0.44;3.89;1.7116;-2.143;-0.9429
pl-k00134321;Paraguay;MIDFIELDER;;0.0;4.452;0.0;0.178;0.0
pl-k00134333;Paraguay;MIDFIELDER;11000000;0.44;4.452;1.9589;0.178;0.0783
pl-k00134390;Paraguay;FORWARD;;0.0;4.452;0.0;0.178;0.0
pl-k00134479;Bosnien-Herzegowina;DEFENDER;1200000;0.0545;3.738;0.2039;-2.61;-0.1424
pl-k00134534;Australien;FORWARD;;0.0;4.066;0.0;-0.993;-0.0
pl-k00134779;Belgien;DEFENDER;3500000;0.0538;4.876;0.2626;2.814;0.1515
pl-k00135031;Türkei;FORWARD;45000000;1.0;4.976;4.976;2.252;2.252
pl-k00135040;Bosnien-Herzegowina;FORWARD;;0.0;3.738;0.0;-2.61;-0.0
pl-k00135043;Senegal;DEFENDER;4000000;0.0889;4.598;0.4087;0.171;0.0152
pl-k00135245;Kap Verde;FORWARD;400000;0.0222;3.272;0.0727;-5.876;-0.1306
pl-k00135290;DR Kongo;GOALKEEPER;800000;0.0286;3.371;0.0963;-4.126;-0.1179
pl-k00135346;Schweiz;DEFENDER;6000000;0.15;5.181;0.7772;4.737;0.7106
pl-k00135361;Südkorea;MIDFIELDER;2000000;0.08;4.339;0.3471;0.171;0.0137
pl-k00135484;Ghana;DEFENDER;6000000;0.0923;3.144;0.2902;-6.374;-0.5884
pl-k00135506;Ecuador;FORWARD;3500000;0.0318;5.04;0.1604;4.088;0.1301
pl-k00135523;Türkei;DEFENDER;1200000;0.0267;4.976;0.1327;2.252;0.0601
pl-k00135740;Tunesien;MIDFIELDER;2500000;0.2778;3.434;0.9539;-3.766;-1.0461
pl-k00135744;Türkei;FORWARD;6000000;0.1333;4.976;0.6635;2.252;0.3003
pl-k00135917;Irak;DEFENDER;;0.0;3.185;0.0;-5.568;-0.0
pl-k00136083;Schweiz;FORWARD;9000000;0.225;5.181;1.1657;4.737;1.0658
pl-k00136321;Panama;MIDFIELDER;;0.0;3.879;0.0;-2.104;-0.0
pl-k00136322;Panama;FORWARD;;0.0;3.879;0.0;-2.104;-0.0
pl-k00136435;Österreich;DEFENDER;5000000;0.1562;4.129;0.6452;-1.1;-0.1719
pl-k00136538;Curacao;GOALKEEPER;;0.0;3.121;0.0;-6.73;-0.0
pl-k00136539;Curacao;MIDFIELDER;350000;0.0778;3.121;0.2427;-6.73;-0.5234
pl-k00136686;Haiti;FORWARD;1200000;0.0667;3.218;0.2145;-5.302;-0.3535
pl-k00136687;Haiti;DEFENDER;;0.0;3.218;0.0;-5.302;-0.0
pl-k00136731;Algerien;MIDFIELDER;2000000;0.05;3.705;0.1853;-2.846;-0.1423
pl-k00136758;Ägypten;MIDFIELDER;;0.0;3.951;0.0;-1.446;-0.0
pl-k00136761;Ägypten;MIDFIELDER;;0.0;3.951;0.0;-1.446;-0.0
pl-k00136773;Neuseeland;GOALKEEPER;;0.0;3.48;0.0;-3.434;-0.0
pl-k00136788;Australien;MIDFIELDER;;0.0;4.066;0.0;-0.993;-0.0
pl-k00136888;Niederlande;GOALKEEPER;600000;0.0067;5.268;0.0351;3.773;0.0252
pl-k00136965;Südafrika;MIDFIELDER;;0.0;3.314;0.0;-4.325;-0.0
pl-k00136970;Südafrika;FORWARD;;0.0;3.314;0.0;-4.325;-0.0
pl-k00137012;Saudi-Arabien;MIDFIELDER;75000;0.025;3.316;0.0829;-5.57;-0.1393
pl-k00137164;Haiti;FORWARD;;0.0;3.218;0.0;-5.302;-0.0
pl-k00137173;Tunesien;FORWARD;3500000;0.3889;3.434;1.3354;-3.766;-1.4646
pl-k00137174;Kap Verde;FORWARD;650000;0.0361;3.272;0.1182;-5.876;-0.2122
pl-k00137234;Mexiko;MIDFIELDER;;0.0;4.905;0.0;2.864;0.0
pl-k00137302;Algerien;MIDFIELDER;5000000;0.125;3.705;0.4631;-2.846;-0.3558
pl-k00137337;Algerien;GOALKEEPER;;0.0;3.705;0.0;-2.846;-0.0
pl-k00137656;Türkei;FORWARD;650000;0.0144;4.976;0.0719;2.252;0.0325
pl-k00137667;Türkei;FORWARD;;0.0;4.976;0.0;2.252;0.0
pl-k00137668;Tunesien;MIDFIELDER;1500000;0.1667;3.434;0.5723;-3.766;-0.6277
pl-k00137741;Ghana;DEFENDER;2000000;0.0308;3.144;0.0967;-6.374;-0.1961
pl-k00137760;Senegal;MIDFIELDER;32000000;0.7111;4.598;3.2697;0.171;0.1216
pl-k00137800;Tunesien;FORWARD;;0.0;3.434;0.0;-3.766;-0.0
pl-k00138529;Deutschland;MIDFIELDER;65000000;0.5;5.097;2.5485;3.97;1.985
pl-k00138530;Österreich;MIDFIELDER;14000000;0.4375;4.129;1.8064;-1.1;-0.4813
pl-k00138680;Curacao;MIDFIELDER;1200000;0.2667;3.121;0.8323;-6.73;-1.7947
pl-k00138684;Kanada;MIDFIELDER;14000000;0.28;4.653;1.3028;1.822;0.5102
pl-k00138719;Argentinien;MIDFIELDER;40000000;0.4;5.991;2.3964;8.658;3.4632
pl-k00138744;Spanien;MIDFIELDER;40000000;0.3333;6.547;2.1823;13.21;4.4033
pl-k00138868;Irak;MIDFIELDER;750000;0.25;3.185;0.7962;-5.568;-1.392
pl-k00139020;Bosnien-Herzegowina;FORWARD;;0.0;3.738;0.0;-2.61;-0.0
pl-k00139075;Iran;MIDFIELDER;3500000;1.0;4.3;4.3;-0.05;-0.05
pl-k00139246;Tunesien;MIDFIELDER;;0.0;3.434;0.0;-3.766;-0.0
pl-k00139251;Jordanien;DEFENDER;;0.0;3.484;0.0;-3.906;-0.0
pl-k00139300;Ghana;MIDFIELDER;4000000;0.0615;3.144;0.1935;-6.374;-0.3922
pl-k00139302;Algerien;FORWARD;32000000;0.8;3.705;2.964;-2.846;-2.2768
pl-k00139304;Niederlande;DEFENDER;55000000;0.6111;5.268;3.2193;3.773;2.3057
pl-k00139305;Norwegen;MIDFIELDER;32000000;0.16;4.789;0.7662;0.91;0.1456
pl-k00139390;Südkorea;FORWARD;4500000;0.18;4.339;0.781;0.171;0.0308
pl-k00140663;Marokko;FORWARD;;0.0;4.418;0.0;0.331;0.0
pl-k00140879;Frankreich;FORWARD;70000000;0.3889;6.141;2.3882;7.58;2.9478
pl-k00140950;Marokko;DEFENDER;100000;0.0012;4.418;0.0055;0.331;0.0004
pl-k00140953;Elfenbeinküste;FORWARD;;0.0;3.89;0.0;-2.143;-0.0
pl-k00141046;Türkei;MIDFIELDER;;0.0;4.976;0.0;2.252;0.0
pl-k00141102;Senegal;FORWARD;45000000;1.0;4.598;4.598;0.171;0.171
pl-k00141182;Iran;DEFENDER;;0.0;4.3;0.0;-0.05;-0.0
pl-k00141184;Iran;DEFENDER;;0.0;4.3;0.0;-0.05;-0.0
pl-k00141205;Norwegen;GOALKEEPER;;0.0;4.789;0.0;0.91;0.0
pl-k00141214;Schweden;DEFENDER;5000000;0.0417;3.796;0.1582;-2.337;-0.0974
pl-k00141222;Irak;MIDFIELDER;;0.0;3.185;0.0;-5.568;-0.0
pl-k00141224;Schweden;MIDFIELDER;3000000;0.025;3.796;0.0949;-2.337;-0.0584
pl-k00141284;Frankreich;FORWARD;45000000;0.25;6.141;1.5352;7.58;1.895
pl-k00141360;Türkei;FORWARD;;0.0;4.976;0.0;2.252;0.0
pl-k00141367;Belgien;FORWARD;18000000;0.2769;4.876;1.3503;2.814;0.7793
pl-k00141370;Portugal;MIDFIELDER;110000000;1.0;5.302;5.302;3.99;3.99
pl-k00141474;Mexiko;FORWARD;40000000;1.0;4.905;4.905;2.864;2.864
pl-k00141476;Mexiko;MIDFIELDER;;0.0;4.905;0.0;2.864;0.0
pl-k00141489;Usbekistan;FORWARD;;0.0;3.684;0.0;-2.905;-0.0
pl-k00141559;Marokko;FORWARD;;0.0;4.418;0.0;0.331;0.0
pl-k00141673;Australien;MIDFIELDER;6000000;1.0;4.066;4.066;-0.993;-0.993
pl-k00143231;Australien;DEFENDER;;0.0;4.066;0.0;-0.993;-0.0
pl-k00143329;Belgien;GOALKEEPER;1000000;0.0154;4.876;0.075;2.814;0.0433
pl-k00143335;Irak;MIDFIELDER;3000000;1.0;3.185;3.185;-5.568;-5.568
pl-k00143407;Schweiz;DEFENDER;10000000;0.25;5.181;1.2952;4.737;1.1842
pl-k00143445;Brasilien;DEFENDER;;0.0;5.351;0.0;5.126;0.0
pl-k00143483;England;DEFENDER;40000000;0.25;5.687;1.4218;6.383;1.5958
pl-k00143488;Spanien;DEFENDER;4000000;0.0333;6.547;0.2182;13.21;0.4403
pl-k00143512;Schottland;MIDFIELDER;10000000;0.2222;4.12;0.9156;-0.984;-0.2187
pl-k00143529;Ägypten;DEFENDER;3000000;0.0462;3.951;0.1824;-1.446;-0.0667
pl-k00143531;Ägypten;DEFENDER;;0.0;3.951;0.0;-1.446;-0.0
pl-k00143532;Ägypten;MIDFIELDER;;0.0;3.951;0.0;-1.446;-0.0
pl-k00143569;Neuseeland;DEFENDER;;0.0;3.48;0.0;-3.434;-0.0
pl-k00143575;Marokko;FORWARD;;0.0;4.418;0.0;0.331;0.0
pl-k00143579;Kap Verde;DEFENDER;;0.0;3.272;0.0;-5.876;-0.0
pl-k00143659;Ghana;MIDFIELDER;8000000;0.1231;3.144;0.387;-6.374;-0.7845
pl-k00143899;Elfenbeinküste;FORWARD;5000000;0.1;3.89;0.389;-2.143;-0.2143
pl-k00143945;Haiti;MIDFIELDER;2000000;0.1111;3.218;0.3576;-5.302;-0.5891
pl-k00144041;Brasilien;FORWARD;;0.0;5.351;0.0;5.126;0.0
pl-k00144238;Saudi-Arabien;MIDFIELDER;;0.0;3.316;0.0;-5.57;-0.0
pl-k00144265;Australien;GOALKEEPER;;0.0;4.066;0.0;-0.993;-0.0
pl-k00144394;Japan;DEFENDER;;0.0;4.848;0.0;1.906;0.0
pl-k00144510;Südkorea;DEFENDER;;0.0;4.339;0.0;0.171;0.0
pl-k00144518;Frankreich;FORWARD;90000000;0.5;6.141;3.0705;7.58;3.79
pl-k00144561;USA;DEFENDER;;0.0;3.74;0.0;-2.316;-0.0
pl-k00144605;Kanada;FORWARD;;0.0;4.653;0.0;1.822;0.0
pl-k00144663;Marokko;MIDFIELDER;30000000;0.375;4.418;1.6568;0.331;0.1241
pl-k00144754;Portugal;DEFENDER;25000000;0.2273;5.302;1.205;3.99;0.9068
pl-k00144841;Paraguay;MIDFIELDER;25000000;1.0;4.452;4.452;0.178;0.178
pl-k00144871;Argentinien;DEFENDER;13000000;0.13;5.991;0.7788;8.658;1.1255
pl-k00145410;Ecuador;DEFENDER;6000000;0.0545;5.04;0.2749;4.088;0.223
pl-k00145425;Ecuador;MIDFIELDER;3000000;0.0273;5.04;0.1375;4.088;0.1115
pl-k00145451;Kanada;MIDFIELDER;800000;0.016;4.653;0.0744;1.822;0.0292
pl-k00145456;Mexiko;GOALKEEPER;;0.0;4.905;0.0;2.864;0.0
pl-k00145459;Mexiko;DEFENDER;;0.0;4.905;0.0;2.864;0.0
pl-k00145558;Paraguay;MIDFIELDER;;0.0;4.452;0.0;0.178;0.0
pl-k00145676;Ghana;FORWARD;12000000;0.1846;3.144;0.5804;-6.374;-1.1767
pl-k00145875;Kanada;MIDFIELDER;;0.0;4.653;0.0;1.822;0.0
pl-k00145891;DR Kongo;MIDFIELDER;5000000;0.1786;3.371;0.602;-4.126;-0.7368
pl-k00146019;Algerien;DEFENDER;50000;0.0012;3.705;0.0046;-2.846;-0.0036
pl-k00146045;Marokko;FORWARD;22000000;0.275;4.418;1.215;0.331;0.091
pl-k00146190;Senegal;DEFENDER;25000000;0.5556;4.598;2.5544;0.171;0.095
pl-k00146196;Frankreich;MIDFIELDER;50000000;0.2778;6.141;1.7058;7.58;2.1056
pl-k00146292;Türkei;FORWARD;45000000;1.0;4.976;4.976;2.252;2.252
pl-k00146999;Schweden;DEFENDER;6000000;0.05;3.796;0.1898;-2.337;-0.1168
pl-k00147020;Algerien;DEFENDER;2000000;0.05;3.705;0.1853;-2.846;-0.1423
pl-k00147223;Mexiko;MIDFIELDER;9000000;0.225;4.905;1.1036;2.864;0.6444
pl-k00147419;Ecuador;FORWARD;7000000;0.0636;5.04;0.3207;4.088;0.2601
pl-k00147623;Curacao;FORWARD;;0.0;3.121;0.0;-6.73;-0.0
pl-k00147672;Tschechien;DEFENDER;4500000;0.18;4.198;0.7556;-0.433;-0.0779
pl-k00147673;Tschechien;DEFENDER;;0.0;4.198;0.0;-0.433;-0.0
pl-k00147699;Tschechien;MIDFIELDER;;0.0;4.198;0.0;-0.433;-0.0
pl-k00147716;Tschechien;FORWARD;;0.0;4.198;0.0;-0.433;-0.0
pl-k00147775;Tschechien;DEFENDER;;0.0;4.198;0.0;-0.433;-0.0
pl-k00147820;Elfenbeinküste;DEFENDER;45000000;0.9;3.89;3.501;-2.143;-1.9287
pl-k00147890;Tschechien;DEFENDER;7000000;0.28;4.198;1.1754;-0.433;-0.1212
pl-k00147896;Algerien;DEFENDER;;0.0;3.705;0.0;-2.846;-0.0
pl-k00147948;Elfenbeinküste;GOALKEEPER;800000;0.016;3.89;0.0622;-2.143;-0.0343
pl-k00147960;Haiti;FORWARD;3500000;0.1944;3.218;0.6257;-5.302;-1.0309
pl-k00148046;DR Kongo;DEFENDER;;0.0;3.371;0.0;-4.126;-0.0
pl-k00148180;DR Kongo;DEFENDER;3500000;0.125;3.371;0.4214;-4.126;-0.5158
pl-k00148187;Algerien;MIDFIELDER;15000000;0.375;3.705;1.3894;-2.846;-1.0672
pl-k00148383;Kap Verde;DEFENDER;;0.0;3.272;0.0;-5.876;-0.0
pl-k00148545;Algerien;FORWARD;600000;0.015;3.705;0.0556;-2.846;-0.0427
pl-k00148588;Norwegen;MIDFIELDER;;0.0;4.789;0.0;0.91;0.0
pl-k00148743;DR Kongo;GOALKEEPER;700000;0.025;3.371;0.0843;-4.126;-0.1032
pl-k00148899;Curacao;DEFENDER;;0.0;3.121;0.0;-6.73;-0.0
pl-k00149092;Elfenbeinküste;GOALKEEPER;2500000;0.05;3.89;0.1945;-2.143;-0.1072
pl-k00149093;Algerien;MIDFIELDER;3000000;0.075;3.705;0.2779;-2.846;-0.2134
pl-k00149102;Frankreich;GOALKEEPER;10000000;0.0556;6.141;0.3412;7.58;0.4211
pl-k00149128;Kap Verde;MIDFIELDER;7000000;0.3889;3.272;1.2724;-5.876;-2.2851
pl-k00149146;Algerien;MIDFIELDER;600000;0.015;3.705;0.0556;-2.846;-0.0427
pl-k00149335;Niederlande;MIDFIELDER;25000000;0.2778;5.268;1.4633;3.773;1.0481
pl-k00149496;Kap Verde;FORWARD;;0.0;3.272;0.0;-5.876;-0.0
pl-k00149648;Jordanien;MIDFIELDER;;0.0;3.484;0.0;-3.906;-0.0
pl-k00149895;Algerien;DEFENDER;;0.0;3.705;0.0;-2.846;-0.0
pl-k00150098;Elfenbeinküste;DEFENDER;18000000;0.36;3.89;1.4004;-2.143;-0.7715
pl-k00150138;Bosnien-Herzegowina;MIDFIELDER;5000000;0.2273;3.738;0.8495;-2.61;-0.5932
pl-k00150653;Norwegen;MIDFIELDER;25000000;0.125;4.789;0.5986;0.91;0.1138
pl-k00150687;Schweden;DEFENDER;25000000;0.2083;3.796;0.7908;-2.337;-0.4869
pl-k00150715;Brasilien;FORWARD;25000000;0.1389;5.351;0.7432;5.126;0.7119
pl-k00150818;Ghana;FORWARD;;0.0;3.144;0.0;-6.374;-0.0
pl-k00150839;Schweden;GOALKEEPER;;0.0;3.796;0.0;-2.337;-0.0
pl-k00151785;Saudi-Arabien;DEFENDER;;0.0;3.316;0.0;-5.57;-0.0
pl-k00151824;Ecuador;GOALKEEPER;;0.0;5.04;0.0;4.088;0.0
pl-k00151835;Marokko;DEFENDER;12000000;0.15;4.418;0.6627;0.331;0.0496
pl-k00151939;England;MIDFIELDER;40000000;0.25;5.687;1.4218;6.383;1.5958
pl-k00151949;Bosnien-Herzegowina;MIDFIELDER;4500000;0.2045;3.738;0.7646;-2.61;-0.5339
pl-k00151950;Kanada;GOALKEEPER;150000;0.003;4.653;0.014;1.822;0.0055
pl-k00151955;Schweden;MIDFIELDER;30000000;0.25;3.796;0.949;-2.337;-0.5843
pl-k00151994;Saudi-Arabien;GOALKEEPER;;0.0;3.316;0.0;-5.57;-0.0
pl-k00151999;Katar;MIDFIELDER;;0.0;3.194;0.0;-5.532;-0.0
pl-k00152040;Argentinien;MIDFIELDER;65000000;0.65;5.991;3.8942;8.658;5.6277
pl-k00152043;England;DEFENDER;40000000;0.25;5.687;1.4218;6.383;1.5958
pl-k00152134;Argentinien;FORWARD;;0.0;5.991;0.0;8.658;0.0
pl-k00152144;Niederlande;DEFENDER;35000000;0.3889;5.268;2.0487;3.773;1.4673
pl-k00152225;Schweden;MIDFIELDER;;0.0;3.796;0.0;-2.337;-0.0
pl-k00152229;Saudi-Arabien;DEFENDER;;0.0;3.316;0.0;-5.57;-0.0
pl-k00152337;Ecuador;FORWARD;5000000;0.0455;5.04;0.2291;4.088;0.1858
pl-k00152382;Norwegen;GOALKEEPER;1300000;0.0065;4.789;0.0311;0.91;0.0059
pl-k00152578;Haiti;MIDFIELDER;150000;0.0083;3.218;0.0268;-5.302;-0.0442
pl-k00152897;DR Kongo;MIDFIELDER;12000000;0.4286;3.371;1.4447;-4.126;-1.7683
pl-k00153055;Elfenbeinküste;MIDFIELDER;4000000;0.08;3.89;0.3112;-2.143;-0.1714
pl-k00153445;Kolumbien;FORWARD;5000000;0.0714;5.21;0.3721;3.512;0.2509
pl-k00153481;Kolumbien;MIDFIELDER;3000000;0.0429;5.21;0.2233;3.512;0.1505
pl-k00153492;Schweden;MIDFIELDER;40000000;0.3333;3.796;1.2653;-2.337;-0.779
pl-k00153529;Ghana;DEFENDER;;0.0;3.144;0.0;-6.374;-0.0
pl-k00153553;Ägypten;MIDFIELDER;;0.0;3.951;0.0;-1.446;-0.0
pl-k00153662;Japan;MIDFIELDER;25000000;0.8333;4.848;4.04;1.906;1.5883
pl-k00153748;Curacao;MIDFIELDER;;0.0;3.121;0.0;-6.73;-0.0
pl-k00153779;Schweiz;MIDFIELDER;30000000;0.75;5.181;3.8858;4.737;3.5528
pl-k00154062;Belgien;FORWARD;3000000;0.0462;4.876;0.225;2.814;0.1299
pl-k00154134;USA;DEFENDER;;0.0;3.74;0.0;-2.316;-0.0
pl-k00154187;Kanada;DEFENDER;8000000;0.16;4.653;0.7445;1.822;0.2915
pl-k00154861;Mexiko;MIDFIELDER;;0.0;4.905;0.0;2.864;0.0
pl-k00155533;Senegal;MIDFIELDER;30000000;0.6667;4.598;3.0653;0.171;0.114
pl-k00155566;Ghana;GOALKEEPER;350000;0.0054;3.144;0.0169;-6.374;-0.0343
pl-k00155772;Spanien;FORWARD;120000000;1.0;6.547;6.547;13.21;13.21
pl-k00155823;Kroatien;DEFENDER;40000000;0.5714;4.93;2.8171;2.779;1.588
pl-k00155858;Ecuador;DEFENDER;4000000;0.0364;5.04;0.1833;4.088;0.1487
pl-k00155860;Ecuador;MIDFIELDER;;0.0;5.04;0.0;4.088;0.0
pl-k00155868;Kroatien;MIDFIELDER;30000000;0.4286;4.93;2.1129;2.779;1.191
pl-k00156015;Deutschland;MIDFIELDER;60000000;0.4615;5.097;2.3525;3.97;1.8323
pl-k00156130;Brasilien;FORWARD;;0.0;5.351;0.0;5.126;0.0
pl-k00156476;Panama;DEFENDER;;0.0;3.879;0.0;-2.104;-0.0
pl-k00156642;Ecuador;GOALKEEPER;;0.0;5.04;0.0;4.088;0.0
pl-k00156656;Ecuador;MIDFIELDER;5500000;0.05;5.04;0.252;4.088;0.2044
pl-k00156668;Usbekistan;DEFENDER;35000000;1.0;3.684;3.684;-2.905;-2.905
pl-k00156671;Usbekistan;DEFENDER;;0.0;3.684;0.0;-2.905;-0.0
pl-k00156678;Usbekistan;MIDFIELDER;600000;0.0171;3.684;0.0632;-2.905;-0.0498
pl-k00156680;Usbekistan;MIDFIELDER;;0.0;3.684;0.0;-2.905;-0.0
pl-k00156687;Usbekistan;FORWARD;;0.0;3.684;0.0;-2.905;-0.0
pl-k00156869;Südkorea;MIDFIELDER;;0.0;4.339;0.0;0.171;0.0
pl-k00157020;Spanien;DEFENDER;30000000;0.25;6.547;1.6368;13.21;3.3025
pl-k00157077;Irak;MIDFIELDER;;0.0;3.185;0.0;-5.568;-0.0
pl-k00157528;Norwegen;DEFENDER;4500000;0.0225;4.789;0.1078;0.91;0.0205
pl-k00157538;Kanada;DEFENDER;;0.0;4.653;0.0;1.822;0.0
pl-k00157541;Kroatien;MIDFIELDER;;0.0;4.93;0.0;2.779;0.0
pl-k00157754;Belgien;DEFENDER;600000;0.0092;4.876;0.045;2.814;0.026
pl-k00157847;Kolumbien;MIDFIELDER;5000000;0.0714;5.21;0.3721;3.512;0.2509
pl-k00157873;Irak;MIDFIELDER;;0.0;3.185;0.0;-5.568;-0.0
pl-k00158117;Panama;FORWARD;;0.0;3.879;0.0;-2.104;-0.0
pl-k00158118;Panama;GOALKEEPER;;0.0;3.879;0.0;-2.104;-0.0
pl-k00158296;Senegal;FORWARD;12000000;0.2667;4.598;1.2261;0.171;0.0456
pl-k00158506;Bosnien-Herzegowina;MIDFIELDER;;0.0;3.738;0.0;-2.61;-0.0
pl-k00158727;Australien;DEFENDER;500000;0.0833;4.066;0.3388;-0.993;-0.0827
pl-k00158935;Marokko;MIDFIELDER;8000000;0.1;4.418;0.4418;0.331;0.0331
pl-k00159168;Österreich;GOALKEEPER;;0.0;4.129;0.0;-1.1;-0.0
pl-k00159278;Kap Verde;DEFENDER;7000000;0.3889;3.272;1.2724;-5.876;-2.2851
pl-k00159373;Algerien;DEFENDER;7000000;0.175;3.705;0.6484;-2.846;-0.498
pl-k00159375;Marokko;DEFENDER;4500000;0.0562;4.418;0.2485;0.331;0.0186
pl-k00159415;Ghana;FORWARD;3500000;0.0538;3.144;0.1693;-6.374;-0.3432
pl-k00159775;Usbekistan;FORWARD;400000;0.0114;3.684;0.0421;-2.905;-0.0332
pl-k00159810;Kanada;DEFENDER;300000;0.006;4.653;0.0279;1.822;0.0109
pl-k00159983;Kap Verde;FORWARD;1200000;0.0667;3.272;0.2181;-5.876;-0.3917
pl-k00160199;Ecuador;FORWARD;;0.0;5.04;0.0;4.088;0.0
pl-k00160498;Bosnien-Herzegowina;MIDFIELDER;;0.0;3.738;0.0;-2.61;-0.0
pl-k00160664;Algerien;FORWARD;;0.0;3.705;0.0;-2.846;-0.0
pl-k00161073;Südafrika;DEFENDER;;0.0;3.314;0.0;-4.325;-0.0
pl-k00161351;Senegal;DEFENDER;1500000;0.0333;4.598;0.1533;0.171;0.0057
pl-k00161633;Marokko;MIDFIELDER;40000000;0.5;4.418;2.209;0.331;0.1655
pl-k00161642;Türkei;DEFENDER;16000000;0.3556;4.976;1.7692;2.252;0.8007
pl-k00162106;Neuseeland;MIDFIELDER;;0.0;3.48;0.0;-3.434;-0.0
pl-k00162640;Usbekistan;DEFENDER;;0.0;3.684;0.0;-2.905;-0.0
pl-k00162760;Iran;MIDFIELDER;;0.0;4.3;0.0;-0.05;-0.0
pl-k00162762;Iran;FORWARD;500000;0.1429;4.3;0.6143;-0.05;-0.0071
pl-k00162785;Uruguay;FORWARD;;0.0;4.672;0.0;1.55;0.0
pl-k00162898;Bosnien-Herzegowina;MIDFIELDER;8000000;0.3636;3.738;1.3593;-2.61;-0.9491
pl-k00162977;DR Kongo;FORWARD;;0.0;3.371;0.0;-4.126;-0.0
pl-k00163051;Südafrika;GOALKEEPER;;0.0;3.314;0.0;-4.325;-0.0
pl-k00163067;Südafrika;DEFENDER;;0.0;3.314;0.0;-4.325;-0.0
pl-k00163078;Südafrika;DEFENDER;;0.0;3.314;0.0;-4.325;-0.0
pl-k00163084;Südafrika;MIDFIELDER;;0.0;3.314;0.0;-4.325;-0.0
pl-k00163113;Irak;GOALKEEPER;;0.0;3.185;0.0;-5.568;-0.0
pl-k00163114;Irak;DEFENDER;;0.0;3.185;0.0;-5.568;-0.0
pl-k00163117;Algerien;GOALKEEPER;;0.0;3.705;0.0;-2.846;-0.0
pl-k00163118;Algerien;DEFENDER;;0.0;3.705;0.0;-2.846;-0.0
pl-k00163127;Irak;MIDFIELDER;;0.0;3.185;0.0;-5.568;-0.0
pl-k00163129;Irak;MIDFIELDER;;0.0;3.185;0.0;-5.568;-0.0
pl-k00163131;Irak;MIDFIELDER;;0.0;3.185;0.0;-5.568;-0.0
pl-k00163134;Irak;FORWARD;;0.0;3.185;0.0;-5.568;-0.0
pl-k00163135;Irak;FORWARD;2000000;0.6667;3.185;2.1233;-5.568;-3.712
pl-k00163193;Südafrika;FORWARD;;0.0;3.314;0.0;-4.325;-0.0
pl-k00163292;Jordanien;DEFENDER;;0.0;3.484;0.0;-3.906;-0.0
pl-k00163293;Jordanien;DEFENDER;;0.0;3.484;0.0;-3.906;-0.0
pl-k00163294;Jordanien;MIDFIELDER;;0.0;3.484;0.0;-3.906;-0.0
pl-k00163295;Jordanien;MIDFIELDER;;0.0;3.484;0.0;-3.906;-0.0
pl-k00163296;Jordanien;GOALKEEPER;;0.0;3.484;0.0;-3.906;-0.0
pl-k00163300;Jordanien;FORWARD;;0.0;3.484;0.0;-3.906;-0.0
pl-k00163301;Jordanien;MIDFIELDER;;0.0;3.484;0.0;-3.906;-0.0
pl-k00163310;Jordanien;MIDFIELDER;;0.0;3.484;0.0;-3.906;-0.0
pl-k00163312;Jordanien;GOALKEEPER;;0.0;3.484;0.0;-3.906;-0.0
pl-k00163313;Jordanien;FORWARD;;0.0;3.484;0.0;-3.906;-0.0
pl-k00163335;Usbekistan;DEFENDER;;0.0;3.684;0.0;-2.905;-0.0
pl-k00163337;Usbekistan;GOALKEEPER;;0.0;3.684;0.0;-2.905;-0.0
pl-k00163340;Usbekistan;DEFENDER;;0.0;3.684;0.0;-2.905;-0.0
pl-k00163342;Usbekistan;GOALKEEPER;;0.0;3.684;0.0;-2.905;-0.0
pl-k00163343;Usbekistan;DEFENDER;;0.0;3.684;0.0;-2.905;-0.0
pl-k00163344;Usbekistan;DEFENDER;;0.0;3.684;0.0;-2.905;-0.0
pl-k00163345;Usbekistan;MIDFIELDER;;0.0;3.684;0.0;-2.905;-0.0
pl-k00164025;Mexiko;FORWARD;;0.0;4.905;0.0;2.864;0.0
pl-k00164068;Marokko;MIDFIELDER;8000000;0.1;4.418;0.4418;0.331;0.0331
pl-k00164170;Katar;MIDFIELDER;;0.0;3.194;0.0;-5.532;-0.0
pl-k00164204;Ägypten;DEFENDER;;0.0;3.951;0.0;-1.446;-0.0
pl-k00164206;Jordanien;GOALKEEPER;;0.0;3.484;0.0;-3.906;-0.0
pl-k00164207;Jordanien;DEFENDER;;0.0;3.484;0.0;-3.906;-0.0
pl-k00164208;Jordanien;MIDFIELDER;;0.0;3.484;0.0;-3.906;-0.0
pl-k00164234;Irak;DEFENDER;;0.0;3.185;0.0;-5.568;-0.0
pl-k00164244;Algerien;DEFENDER;1200000;0.03;3.705;0.1112;-2.846;-0.0854
pl-k00164280;Iran;MIDFIELDER;;0.0;4.3;0.0;-0.05;-0.0
pl-k00164281;Saudi-Arabien;GOALKEEPER;;0.0;3.316;0.0;-5.57;-0.0
pl-k00164282;Iran;MIDFIELDER;;0.0;4.3;0.0;-0.05;-0.0
pl-k00164297;Irak;DEFENDER;;0.0;3.185;0.0;-5.568;-0.0
pl-k00164331;Irak;DEFENDER;;0.0;3.185;0.0;-5.568;-0.0
pl-k00164341;Usbekistan;FORWARD;;0.0;3.684;0.0;-2.905;-0.0
pl-k00164366;Algerien;FORWARD;1300000;0.0325;3.705;0.1204;-2.846;-0.0925
pl-k00164398;Senegal;DEFENDER;;0.0;4.598;0.0;0.171;0.0
pl-k00164434;Schweden;MIDFIELDER;;0.0;3.796;0.0;-2.337;-0.0
pl-k00164504;Marokko;FORWARD;;0.0;4.418;0.0;0.331;0.0
pl-k00165013;Algerien;FORWARD;2000000;0.05;3.705;0.1853;-2.846;-0.1423
pl-k00165535;Japan;FORWARD;2500000;0.0833;4.848;0.404;1.906;0.1588
pl-k00165936;Irak;MIDFIELDER;;0.0;3.185;0.0;-5.568;-0.0
pl-k00165980;Iran;MIDFIELDER;800000;0.2286;4.3;0.9829;-0.05;-0.0114
pl-k00166081;Algerien;DEFENDER;;0.0;3.705;0.0;-2.846;-0.0
pl-k00166588;Kolumbien;MIDFIELDER;;0.0;5.21;0.0;3.512;0.0
pl-k00166769;Panama;DEFENDER;;0.0;3.879;0.0;-2.104;-0.0
pl-k00166848;Paraguay;FORWARD;;0.0;4.452;0.0;0.178;0.0
pl-k00167079;Norwegen;DEFENDER;;0.0;4.789;0.0;0.91;0.0
pl-k00167795;Haiti;DEFENDER;;0.0;3.218;0.0;-5.302;-0.0
pl-k00168538;Mexiko;GOALKEEPER;;0.0;4.905;0.0;2.864;0.0
pl-k00168586;Panama;DEFENDER;1000000;0.1;3.879;0.3879;-2.104;-0.2104
pl-k00168599;Paraguay;DEFENDER;;0.0;4.452;0.0;0.178;0.0
pl-k00168931;Irak;GOALKEEPER;;0.0;3.185;0.0;-5.568;-0.0
pl-k00168935;Irak;DEFENDER;;0.0;3.185;0.0;-5.568;-0.0
pl-k00169048;Tschechien;FORWARD;;0.0;4.198;0.0;-0.433;-0.0
pl-k00169114;Ägypten;MIDFIELDER;;0.0;3.951;0.0;-1.446;-0.0
pl-k00169120;Paraguay;MIDFIELDER;;0.0;4.452;0.0;0.178;0.0
pl-k00169163;Neuseeland;DEFENDER;1500000;0.1875;3.48;0.6525;-3.434;-0.6439
pl-k00169646;Ghana;MIDFIELDER;;0.0;3.144;0.0;-6.374;-0.0
pl-k00169695;Algerien;FORWARD;3000000;0.075;3.705;0.2779;-2.846;-0.2134
pl-k00169738;Tschechien;MIDFIELDER;;0.0;4.198;0.0;-0.433;-0.0
pl-k00170043;Algerien;MIDFIELDER;5000000;0.125;3.705;0.4631;-2.846;-0.3558
pl-k00170138;Kanada;FORWARD;13000000;0.26;4.653;1.2098;1.822;0.4737
pl-k00171059;Norwegen;DEFENDER;;0.0;4.789;0.0;0.91;0.0
pl-k00171525;Senegal;FORWARD;25000000;0.5556;4.598;2.5544;0.171;0.095
pl-k00172013;DR Kongo;MIDFIELDER;;0.0;3.371;0.0;-4.126;-0.0
pl-k00172054;Türkei;FORWARD;;0.0;4.976;0.0;2.252;0.0
pl-k00172178;Elfenbeinküste;MIDFIELDER;;0.0;3.89;0.0;-2.143;-0.0
pl-k00172237;Ghana;FORWARD;3500000;0.0538;3.144;0.1693;-6.374;-0.3432
pl-k00172933;Schottland;MIDFIELDER;750000;0.0167;4.12;0.0687;-0.984;-0.0164
pl-k00173156;Neuseeland;DEFENDER;;0.0;3.48;0.0;-3.434;-0.0
pl-k00173161;Australien;DEFENDER;;0.0;4.066;0.0;-0.993;-0.0
pl-k00173746;Bosnien-Herzegowina;DEFENDER;1000000;0.0455;3.738;0.1699;-2.61;-0.1186
pl-k00174370;Spanien;FORWARD;;0.0;6.547;0.0;13.21;0.0
pl-k00174671;Japan;FORWARD;;0.0;4.848;0.0;1.906;0.0
pl-k00174699;Mexiko;MIDFIELDER;;0.0;4.905;0.0;2.864;0.0
pl-k00174794;Elfenbeinküste;FORWARD;25000000;0.5;3.89;1.945;-2.143;-1.0715
pl-k00176299;Elfenbeinküste;FORWARD;45000000;0.9;3.89;3.501;-2.143;-1.9287
pl-k00176341;Ecuador;MIDFIELDER;;0.0;5.04;0.0;4.088;0.0
pl-k00176354;Norwegen;DEFENDER;;0.0;4.789;0.0;0.91;0.0
pl-k00176368;Südafrika;DEFENDER;;0.0;3.314;0.0;-4.325;-0.0
pl-k00176529;Ägypten;FORWARD;;0.0;3.951;0.0;-1.446;-0.0
pl-k00177011;Saudi-Arabien;DEFENDER;;0.0;3.316;0.0;-5.57;-0.0
pl-k00177016;Südafrika;FORWARD;;0.0;3.314;0.0;-4.325;-0.0
pl-k00177713;Tschechien;MIDFIELDER;;0.0;4.198;0.0;-0.433;-0.0
pl-k00177919;Mexiko;DEFENDER;;0.0;4.905;0.0;2.864;0.0
pl-k00177949;Haiti;DEFENDER;;0.0;3.218;0.0;-5.302;-0.0
pl-k00177969;Saudi-Arabien;DEFENDER;;0.0;3.316;0.0;-5.57;-0.0
pl-k00177972;Saudi-Arabien;MIDFIELDER;;0.0;3.316;0.0;-5.57;-0.0
pl-k00177974;Saudi-Arabien;FORWARD;;0.0;3.316;0.0;-5.57;-0.0
pl-k00177978;Saudi-Arabien;DEFENDER;;0.0;3.316;0.0;-5.57;-0.0
pl-k00177981;Panama;DEFENDER;;0.0;3.879;0.0;-2.104;-0.0
pl-k00178067;Tunesien;FORWARD;;0.0;3.434;0.0;-3.766;-0.0
pl-k00178191;Südafrika;DEFENDER;;0.0;3.314;0.0;-4.325;-0.0
pl-k00179915;Jordanien;FORWARD;;0.0;3.484;0.0;-3.906;-0.0
pl-k00180202;Ghana;DEFENDER;;0.0;3.144;0.0;-6.374;-0.0
pl-k00180334;Tunesien;FORWARD;;0.0;3.434;0.0;-3.766;-0.0
pl-k00181348;Tunesien;DEFENDER;;0.0;3.434;0.0;-3.766;-0.0
pl-k00181848;Australien;MIDFIELDER;;0.0;4.066;0.0;-0.993;-0.0
pl-k00182019;Paraguay;DEFENDER;;0.0;4.452;0.0;0.178;0.0
pl-k00182504;Saudi-Arabien;MIDFIELDER;;0.0;3.316;0.0;-5.57;-0.0
pl-k00182644;Saudi-Arabien;MIDFIELDER;;0.0;3.316;0.0;-5.57;-0.0
pl-k00182788;Saudi-Arabien;DEFENDER;;0.0;3.316;0.0;-5.57;-0.0
pl-k00182789;Saudi-Arabien;DEFENDER;;0.0;3.316;0.0;-5.57;-0.0
pl-k00182969;Paraguay;MIDFIELDER;2000000;0.08;4.452;0.3562;0.178;0.0142
pl-k00183117;Jordanien;GOALKEEPER;;0.0;3.484;0.0;-3.906;-0.0
pl-k00183122;Jordanien;DEFENDER;;0.0;3.484;0.0;-3.906;-0.0
pl-k00183124;Jordanien;DEFENDER;;0.0;3.484;0.0;-3.906;-0.0
pl-k00183130;Jordanien;MIDFIELDER;;0.0;3.484;0.0;-3.906;-0.0
pl-k00183135;Jordanien;MIDFIELDER;;0.0;3.484;0.0;-3.906;-0.0
pl-k00183139;Jordanien;FORWARD;;0.0;3.484;0.0;-3.906;-0.0
pl-k00183142;Jordanien;FORWARD;;0.0;3.484;0.0;-3.906;-0.0
pl-k00183298;Usbekistan;MIDFIELDER;;0.0;3.684;0.0;-2.905;-0.0
pl-k00183340;Iran;GOALKEEPER;;0.0;4.3;0.0;-0.05;-0.0
pl-k00183346;Iran;DEFENDER;;0.0;4.3;0.0;-0.05;-0.0
pl-k00183403;Kap Verde;DEFENDER;;0.0;3.272;0.0;-5.876;-0.0
pl-k00183407;Kap Verde;MIDFIELDER;400000;0.0222;3.272;0.0727;-5.876;-0.1306
pl-k00183839;Saudi-Arabien;MIDFIELDER;;0.0;3.316;0.0;-5.57;-0.0
pl-k00184849;Katar;GOALKEEPER;;0.0;3.194;0.0;-5.532;-0.0
pl-k00184850;Katar;DEFENDER;;0.0;3.194;0.0;-5.532;-0.0
pl-k00184851;Katar;FORWARD;;0.0;3.194;0.0;-5.532;-0.0
pl-k00184852;Katar;MIDFIELDER;;0.0;3.194;0.0;-5.532;-0.0
pl-k00185081;Algerien;GOALKEEPER;;0.0;3.705;0.0;-2.846;-0.0
pl-k00185671;Ghana;GOALKEEPER;;0.0;3.144;0.0;-6.374;-0.0
pl-k00185831;Haiti;DEFENDER;;0.0;3.218;0.0;-5.302;-0.0
pl-k00186204;Jordanien;DEFENDER;;0.0;3.484;0.0;-3.906;-0.0
pl-k00186303;Iran;FORWARD;;0.0;4.3;0.0;-0.05;-0.0
pl-k00186316;Katar;DEFENDER;;0.0;3.194;0.0;-5.532;-0.0
pl-k00186356;Mexiko;FORWARD;;0.0;4.905;0.0;2.864;0.0
pl-k00186383;Marokko;DEFENDER;;0.0;4.418;0.0;0.331;0.0
pl-k00186771;Südafrika;GOALKEEPER;;0.0;3.314;0.0;-4.325;-0.0
pl-k00186772;Südafrika;DEFENDER;;0.0;3.314;0.0;-4.325;-0.0
pl-k00186773;Südafrika;DEFENDER;;0.0;3.314;0.0;-4.325;-0.0
pl-k00186804;Südafrika;DEFENDER;;0.0;3.314;0.0;-4.325;-0.0
pl-k00186805;Südafrika;MIDFIELDER;;0.0;3.314;0.0;-4.325;-0.0
pl-k00186806;Südafrika;FORWARD;;0.0;3.314;0.0;-4.325;-0.0
pl-k00186807;Südafrika;FORWARD;;0.0;3.314;0.0;-4.325;-0.0
pl-k00187286;Algerien;FORWARD;;0.0;3.705;0.0;-2.846;-0.0
pl-k00187495;Algerien;FORWARD;;0.0;3.705;0.0;-2.846;-0.0
pl-k00187691;Senegal;MIDFIELDER;;0.0;4.598;0.0;0.171;0.0
pl-k00192544;Ecuador;FORWARD;;0.0;5.04;0.0;4.088;0.0
pl-k00193378;Tunesien;GOALKEEPER;;0.0;3.434;0.0;-3.766;-0.0
pl-k00194142;Schweden;DEFENDER;;0.0;3.796;0.0;-2.337;-0.0
pl-k00194337;Südafrika;DEFENDER;;0.0;3.314;0.0;-4.325;-0.0
pl-k00194341;Katar;DEFENDER;;0.0;3.194;0.0;-5.532;-0.0
pl-k00194733;Haiti;MIDFIELDER;100000;0.0056;3.218;0.0179;-5.302;-0.0295
pl-k00195271;Irak;DEFENDER;;0.0;3.185;0.0;-5.568;-0.0
pl-k00195272;Irak;DEFENDER;;0.0;3.185;0.0;-5.568;-0.0
pl-k00195273;Irak;MIDFIELDER;;0.0;3.185;0.0;-5.568;-0.0
pl-k00195274;Irak;FORWARD;;0.0;3.185;0.0;-5.568;-0.0
pl-k00195395;Jordanien;MIDFIELDER;;0.0;3.484;0.0;-3.906;-0.0
pl-k00195396;Jordanien;MIDFIELDER;;0.0;3.484;0.0;-3.906;-0.0
pl-k00195444;Tunesien;GOALKEEPER;;0.0;3.434;0.0;-3.766;-0.0
pl-k00195446;Tunesien;DEFENDER;;0.0;3.434;0.0;-3.766;-0.0
pl-k00195447;Tunesien;DEFENDER;;0.0;3.434;0.0;-3.766;-0.0
pl-k00195449;Tunesien;FORWARD;;0.0;3.434;0.0;-3.766;-0.0
pl-k00195453;Usbekistan;FORWARD;;0.0;3.684;0.0;-2.905;-0.0
pl-k00195655;Algerien;DEFENDER;;0.0;3.705;0.0;-2.846;-0.0
pl-k00195661;Iran;FORWARD;;0.0;4.3;0.0;-0.05;-0.0
pl-k00195662;Ägypten;GOALKEEPER;;0.0;3.951;0.0;-1.446;-0.0
pl-k00195663;Ägypten;GOALKEEPER;;0.0;3.951;0.0;-1.446;-0.0
pl-k00195664;Ägypten;DEFENDER;;0.0;3.951;0.0;-1.446;-0.0
pl-k00196610;Ecuador;MIDFIELDER;5500000;0.05;5.04;0.252;4.088;0.2044
pl-k00199799;Katar;DEFENDER;;0.0;3.194;0.0;-5.532;-0.0
pl-k00200613;Irak;DEFENDER;;0.0;3.185;0.0;-5.568;-0.0
pl-k00200616;Irak;MIDFIELDER;;0.0;3.185;0.0;-5.568;-0.0
pl-k00200620;Iran;DEFENDER;;0.0;4.3;0.0;-0.05;-0.0
pl-k00200625;Jordanien;DEFENDER;;0.0;3.484;0.0;-3.906;-0.0
pl-k00200629;Ägypten;MIDFIELDER;;0.0;3.951;0.0;-1.446;-0.0
pl-k00200796;Ghana;GOALKEEPER;;0.0;3.144;0.0;-6.374;-0.0
pl-k00201006;Ecuador;DEFENDER;;0.0;5.04;0.0;4.088;0.0
pl-k00201007;Ecuador;FORWARD;;0.0;5.04;0.0;4.088;0.0
pl-k00201011;Usbekistan;DEFENDER;;0.0;3.684;0.0;-2.905;-0.0
